row_index,event_key,company,ticker,year,quarter,sentiment_score,decision,token_cost,run_id,model_version,run_date,document_date,closing_date,prior_close,opening_date,next_day_open,actual_pct_change,actual_direction,prediction_correct,position,net_pnl,release_date,release_timing,release_date_source,excluded,exclusion_reason,in_four_arm_set,in_two_arm_set,arm_full_decision,arm_full_correct,arm_full_tokens,arm_pr_decision,arm_pr_correct,arm_pr_tokens,arm_prepared_decision,arm_prepared_correct,arm_prepared_tokens,arm_qa_decision,arm_qa_correct,arm_qa_tokens,notes
3,Airbnb|2026|Q1,Airbnb,ABNB,2026,Q1,0.14,HOLD,0.00783,20260812_183842,deepseek-chat,,2026-05-07,2026-05-07,140.46,2026-05-08,138.12,-1.6624,FLAT,YES,0,0.0,2026-05-07,after_hours,returns_matrix.csv,FALSE,,TRUE,TRUE,BUY,,22987,BUY,,7599,BUY,,9159,BUY,,16694,"w=[0.55,0.45,0,0] thr=(+0.25,-0.05), deployed default (risk-accepted, PSR=0.0/perm p=0.150 at N=161, not rechecked at N=268)"
4,Airbnb|2025|Q2,Airbnb,ABNB,2025,Q2,0.155,HOLD,0.008082,20260812_183842,deepseek-chat,,2025-08-06,2025-08-06,130.5,2025-08-07,120.38,-7.7548,DOWN,NO,0,0.0,2025-08-06,after_hours,returns_matrix.csv,FALSE,,TRUE,TRUE,HOLD,,23584,HOLD,,7203,HOLD,,7291,HOLD,,19584,"w=[0.55,0.45,0,0] thr=(+0.25,-0.05), deployed default (risk-accepted, PSR=0.0/perm p=0.150 at N=161, not rechecked at N=268)"
5,Airbnb|2025|Q3,Airbnb,ABNB,2025,Q3,0.2725,BUY,0.007759,20260812_183842,deepseek-chat,,2025-11-06,2025-11-06,120.53,2025-11-07,125.49,4.1193,UP,YES,1,0.040193,2025-11-06,after_hours,returns_matrix.csv,FALSE,,TRUE,TRUE,HOLD,,22963,HOLD,,7038,HOLD,,8715,HOLD,,16900,"w=[0.55,0.45,0,0] thr=(+0.25,-0.05), deployed default (risk-accepted, PSR=0.0/perm p=0.150 at N=161, not rechecked at N=268)"
6,Airbnb|2025|Q4,Airbnb,ABNB,2025,Q4,0.415,BUY,0.00738,20260812_183842,deepseek-chat,,2026-02-12,2026-02-12,115.96,2026-02-13,126.47,9.0592,UP,YES,1,0.089592,2026-02-12,after_hours,returns_matrix.csv,FALSE,,TRUE,TRUE,BUY,,22421,BUY,,7666,BUY,,9466,HOLD,,14547,"w=[0.55,0.45,0,0] thr=(+0.25,-0.05), deployed default (risk-accepted, PSR=0.0/perm p=0.150 at N=161, not rechecked at N=268)"
7,Amazon|2026|Q1,Amazon,AMZN,2026,Q1,0.305,BUY,0.005951,20260812_183842,deepseek-chat,,2026-04-29,2026-04-29,263.04,2026-04-30,273.17,3.8511,UP,YES,1,0.037511,2026-04-29,after_hours,returns_matrix.csv,TRUE,worksheet contamination,FALSE,FALSE,,,,,,,,,,,,,"w=[0.55,0.45,0,0] thr=(+0.25,-0.05), deployed default (risk-accepted, PSR=0.0/perm p=0.150 at N=161, not rechecked at N=268)"
8,Amazon|2025|Q3,Amazon,AMZN,2025,Q3,-0.1675,SELL,0.006521,20260812_183842,deepseek-chat,,2025-10-30,2025-10-30,222.86,2025-10-31,250.1,12.2229,UP,NO,-1,-0.123229,2025-10-30,after_hours,returns_matrix.csv,TRUE,worksheet contamination,FALSE,FALSE,,,,,,,,,,,,,"w=[0.55,0.45,0,0] thr=(+0.25,-0.05), deployed default (risk-accepted, PSR=0.0/perm p=0.150 at N=161, not rechecked at N=268)"
9,Amazon|2025|Q4,Amazon,AMZN,2025,Q4,-0.0525,SELL,0.006899,20260812_183842,deepseek-chat,,2026-02-05,2026-02-05,222.69,2026-02-06,202.7,-8.9766,DOWN,YES,-1,0.088766,2026-02-05,after_hours,returns_matrix.csv,TRUE,worksheet contamination,FALSE,FALSE,,,,,,,,,,,,,"w=[0.55,0.45,0,0] thr=(+0.25,-0.05), deployed default (risk-accepted, PSR=0.0/perm p=0.150 at N=161, not rechecked at N=268)"
10,AMD|2026|Q1,AMD,AMD,2026,Q1,0.305,BUY,0.006512,20260812_183842,deepseek-chat,,2026-05-05,2026-05-05,355.26,2026-05-06,409.49,15.2649,UP,YES,1,0.151649,2026-05-05,after_hours,returns_matrix.csv,TRUE,worksheet contamination,FALSE,FALSE,,,,,,,,,,,,,"w=[0.55,0.45,0,0] thr=(+0.25,-0.05), deployed default (risk-accepted, PSR=0.0/perm p=0.150 at N=161, not rechecked at N=268)"
11,AMD|2025|Q2,AMD,AMD,2025,Q2,0.21,HOLD,0.00632,20260812_183842,deepseek-chat,,2025-08-05,2025-08-05,174.31,2025-08-06,165.05,-5.3124,DOWN,NO,0,0.0,2025-08-05,after_hours,returns_matrix.csv,TRUE,worksheet contamination,FALSE,FALSE,,,,,,,,,,,,,"w=[0.55,0.45,0,0] thr=(+0.25,-0.05), deployed default (risk-accepted, PSR=0.0/perm p=0.150 at N=161, not rechecked at N=268)"
12,AMD|2025|Q4,AMD,AMD,2025,Q4,0.525,BUY,0.006357,20260812_183842,deepseek-chat,,2026-02-03,2026-02-03,242.11,2026-02-04,215.0,-11.1974,DOWN,NO,1,-0.112974,2026-02-03,after_hours,returns_matrix.csv,TRUE,worksheet contamination,FALSE,FALSE,,,,,,,,,,,,,"w=[0.55,0.45,0,0] thr=(+0.25,-0.05), deployed default (risk-accepted, PSR=0.0/perm p=0.150 at N=161, not rechecked at N=268)"
13,Apple|2026|Q1,Apple,AAPL,2026,Q1,0.2775,BUY,0.007147,20260812_183842,deepseek-chat,,2026-01-29,2026-01-29,258.28,2026-01-30,255.17,-1.2041,FLAT,NO,1,-0.013041,2026-01-29,after_hours,returns_matrix.csv,FALSE,,TRUE,TRUE,BUY,,20376,HOLD,,6521,BUY,,10585,BUY,,12283,"w=[0.55,0.45,0,0] thr=(+0.25,-0.05), deployed default (risk-accepted, PSR=0.0/perm p=0.150 at N=161, not rechecked at N=268)"
14,Apple|2025|Q3,Apple,AAPL,2025,Q3,0.1275,HOLD,0.007011,20260812_183842,deepseek-chat,,2025-07-31,2025-07-31,207.57,2025-08-01,210.87,1.5898,FLAT,YES,0,0.0,2025-07-31,after_hours,returns_matrix.csv,FALSE,,TRUE,TRUE,HOLD,,19440,HOLD,,7016,HOLD,,10760,HOLD,,11388,"w=[0.55,0.45,0,0] thr=(+0.25,-0.05), deployed default (risk-accepted, PSR=0.0/perm p=0.150 at N=161, not rechecked at N=268)"
15,Apple|2025|Q4,Apple,AAPL,2025,Q4,0.3,BUY,0.006683,20260812_183842,deepseek-chat,,2025-10-30,2025-10-30,271.4,2025-10-31,276.99,2.0597,UP,YES,1,0.019597,2025-10-30,after_hours,returns_matrix.csv,FALSE,,TRUE,TRUE,BUY,,18693,HOLD,,7142,BUY,,10726,BUY,,11602,"w=[0.55,0.45,0,0] thr=(+0.25,-0.05), deployed default (risk-accepted, PSR=0.0/perm p=0.150 at N=161, not rechecked at N=268)"
16,CVS Health|2026|Q1,CVS Health,CVS,2026,Q1,0.14,HOLD,0.007966,20260812_183842,deepseek-chat,,2026-05-06,2026-05-05,80.69,2026-05-06,85.51,5.9735,UP,NO,0,0.0,2026-05-06,pre_market,returns_matrix.csv,FALSE,,TRUE,TRUE,BUY,,21225,BUY,,8146,BUY,,10075,HOLD,,13788,"w=[0.55,0.45,0,0] thr=(+0.25,-0.05), deployed default (risk-accepted, PSR=0.0/perm p=0.150 at N=161, not rechecked at N=268)"
17,CVS Health|2025|Q2,CVS Health,CVS,2025,Q2,0.21,HOLD,0.007279,20260812_183842,deepseek-chat,,2025-07-31,2025-07-30,62.3,2025-07-31,65.51,5.1525,UP,NO,0,0.0,2025-07-31,pre_market,returns_matrix.csv,FALSE,,TRUE,TRUE,BUY,,21049,HOLD,,8985,BUY,,11095,HOLD,,12471,"w=[0.55,0.45,0,0] thr=(+0.25,-0.05), deployed default (risk-accepted, PSR=0.0/perm p=0.150 at N=161, not rechecked at N=268)"
18,CVS Health|2025|Q3,CVS Health,CVS,2025,Q3,0.3,BUY,0.008589,20260812_183842,deepseek-chat,,2025-10-29,2025-10-28,82.2,2025-10-29,82.5,0.365,FLAT,NO,1,0.00265,2025-10-29,pre_market,returns_matrix.csv,FALSE,,TRUE,TRUE,BUY,,22357,SELL,,8461,BUY,,10727,SELL,,14469,"w=[0.55,0.45,0,0] thr=(+0.25,-0.05), deployed default (risk-accepted, PSR=0.0/perm p=0.150 at N=161, not rechecked at N=268)"
19,CVS Health|2025|Q4,CVS Health,CVS,2025,Q4,0.195,HOLD,0.007673,20260812_183842,deepseek-chat,,2026-02-10,2026-02-09,75.77,2026-02-10,73.77,-2.6396,DOWN,NO,0,0.0,2026-02-10,pre_market,returns_matrix.csv,FALSE,,TRUE,TRUE,HOLD,,22756,SELL,,9587,HOLD,,11268,SELL,,12697,"w=[0.55,0.45,0,0] thr=(+0.25,-0.05), deployed default (risk-accepted, PSR=0.0/perm p=0.150 at N=161, not rechecked at N=268)"
20,Charles Schwab|2025|Q1,Charles Schwab,SCHW,2025,Q1,0.03,HOLD,0.009676,20260812_183842,deepseek-chat,,2025-04-17,2025-04-17,76.15,2025-04-18,75.64,-0.6697,FLAT,YES,0,0.0,2025-04-17,after_hours,returns_matrix.csv,FALSE,,TRUE,TRUE,BUY,,28977,HOLD,,14722,HOLD,,10195,HOLD,,13198,"w=[0.55,0.45,0,0] thr=(+0.25,-0.05), deployed default (risk-accepted, PSR=0.0/perm p=0.150 at N=161, not rechecked at N=268)"
21,Charles Schwab|2026|Q1,Charles Schwab,SCHW,2026,Q1,0.03,HOLD,0.009292,20260812_183842,deepseek-chat,,2026-04-16,2026-04-16,92.62,2026-04-17,93.35,0.7882,FLAT,YES,0,0.0,2026-04-16,after_hours,returns_matrix.csv,FALSE,,TRUE,TRUE,BUY,,28669,BUY,,15569,BUY,,9588,BUY,,14164,"w=[0.55,0.45,0,0] thr=(+0.25,-0.05), deployed default (risk-accepted, PSR=0.0/perm p=0.150 at N=161, not rechecked at N=268)"
22,Charles Schwab|2025|Q2,Charles Schwab,SCHW,2025,Q2,0.21,HOLD,0.009653,20260812_183842,deepseek-chat,,2025-07-18,2025-07-18,95.8,2025-07-21,96.02,0.2296,FLAT,YES,0,0.0,2025-07-18,after_hours,returns_matrix.csv,FALSE,,TRUE,TRUE,BUY,,30274,HOLD,,16230,BUY,,10194,BUY,,13156,"w=[0.55,0.45,0,0] thr=(+0.25,-0.05), deployed default (risk-accepted, PSR=0.0/perm p=0.150 at N=161, not rechecked at N=268)"
23,Charles Schwab|2025|Q3,Charles Schwab,SCHW,2025,Q3,0.3,BUY,0.00934,20260812_183842,deepseek-chat,,2025-10-16,2025-10-16,93.41,2025-10-17,94.72,1.4024,FLAT,NO,1,0.013024,2025-10-16,after_hours,returns_matrix.csv,FALSE,,TRUE,TRUE,BUY,,30373,BUY,,16173,BUY,,9906,BUY,,14166,"w=[0.55,0.45,0,0] thr=(+0.25,-0.05), deployed default (risk-accepted, PSR=0.0/perm p=0.150 at N=161, not rechecked at N=268)"
24,Charles Schwab|2025|Q4,Charles Schwab,SCHW,2025,Q4,0.3875,BUY,0.009849,20260812_183842,deepseek-chat,,2026-01-21,2026-01-21,101.79,2026-01-22,103.07,1.2575,FLAT,NO,1,0.011575,2026-01-21,after_hours,returns_matrix.csv,FALSE,,TRUE,TRUE,BUY,,31069,BUY,,17554,BUY,,11980,HOLD,,11502,"w=[0.55,0.45,0,0] thr=(+0.25,-0.05), deployed default (risk-accepted, PSR=0.0/perm p=0.150 at N=161, not rechecked at N=268)"
25,Citigroup|2025|Q1,Citigroup,C,2025,Q1,-0.0525,SELL,0.006537,20260812_183842,deepseek-chat,,2025-04-15,2025-04-14,63.22,2025-04-15,64.19,1.5343,FLAT,NO,-1,-0.016343,2025-04-15,pre_market,returns_matrix.csv,FALSE,,TRUE,TRUE,HOLD,,64192,HOLD,,16415,,,,,,,"w=[0.55,0.45,0,0] thr=(+0.25,-0.05), deployed default (risk-accepted, PSR=0.0/perm p=0.150 at N=161, not rechecked at N=268)"
26,Citigroup|2025|Q2,Citigroup,C,2025,Q2,0.1275,HOLD,0.007676,20260812_183842,deepseek-chat,,2025-07-15,2025-07-14,87.5,2025-07-15,88.65,1.3143,FLAT,YES,0,0.0,2025-07-15,pre_market,returns_matrix.csv,FALSE,,TRUE,TRUE,HOLD,,71687,HOLD,,17631,,,,,,,"w=[0.55,0.45,0,0] thr=(+0.25,-0.05), deployed default (risk-accepted, PSR=0.0/perm p=0.150 at N=161, not rechecked at N=268)"
27,Citigroup|2025|Q3,Citigroup,C,2025,Q3,0.3,BUY,0.009918,20260812_183842,deepseek-chat,,2025-10-14,2025-10-13,96.1,2025-10-14,95.37,-0.7596,FLAT,NO,1,-0.008596,2025-10-14,pre_market,returns_matrix.csv,FALSE,,TRUE,TRUE,BUY,,93545,HOLD,,19175,,,,,,,"w=[0.55,0.45,0,0] thr=(+0.25,-0.05), deployed default (risk-accepted, PSR=0.0/perm p=0.150 at N=161, not rechecked at N=268)"
28,Citigroup|2025|Q4,Citigroup,C,2025,Q4,0.2775,BUY,0.017345,20260812_183842,deepseek-chat,,2026-01-14,2026-01-13,116.3,2026-01-14,117.91,1.3844,FLAT,NO,1,0.012844,2026-01-14,pre_market,returns_matrix.csv,FALSE,,TRUE,TRUE,BUY,,199090,HOLD,,17283,,,,,,,"w=[0.55,0.45,0,0] thr=(+0.25,-0.05), deployed default (risk-accepted, PSR=0.0/perm p=0.150 at N=161, not rechecked at N=268)"
29,Coca-Cola|2026|Q1,Coca-Cola,KO,2026,Q1,0.03,HOLD,0.006676,20260812_183842,deepseek-chat,,2026-04-28,2026-04-27,75.44,2026-04-28,79.52,5.4083,UP,NO,0,0.0,2026-04-28,pre_market,returns_matrix.csv,FALSE,,TRUE,TRUE,BUY,,19015,HOLD,,5693,BUY,,9653,HOLD,,13328,"w=[0.55,0.45,0,0] thr=(+0.25,-0.05), deployed default (risk-accepted, PSR=0.0/perm p=0.150 at N=161, not rechecked at N=268)"
30,Coca-Cola|2025|Q2,Coca-Cola,KO,2025,Q2,0.155,HOLD,0.006623,20260812_183842,deepseek-chat,,2025-07-22,2025-07-21,70.07,2025-07-22,69.45,-0.8848,FLAT,YES,0,0.0,2025-07-22,pre_market,returns_matrix.csv,FALSE,,TRUE,TRUE,HOLD,,19112,HOLD,,6315,HOLD,,9967,HOLD,,13313,"w=[0.55,0.45,0,0] thr=(+0.25,-0.05), deployed default (risk-accepted, PSR=0.0/perm p=0.150 at N=161, not rechecked at N=268)"
31,Coca-Cola|2025|Q4,Coca-Cola,KO,2025,Q4,0.195,HOLD,0.007041,20260812_183842,deepseek-chat,,2026-02-10,2026-02-09,77.97,2026-02-10,76.63,-1.7186,FLAT,YES,0,0.0,2026-02-10,pre_market,returns_matrix.csv,FALSE,,TRUE,TRUE,HOLD,,20065,HOLD,,6274,HOLD,,9501,HOLD,,14169,"w=[0.55,0.45,0,0] thr=(+0.25,-0.05), deployed default (risk-accepted, PSR=0.0/perm p=0.150 at N=161, not rechecked at N=268)"
32,Coinbase|2026|Q1,Coinbase,COIN,2026,Q1,-0.3275,SELL,0.007181,20260812_183842,deepseek-chat,,2026-05-07,2026-05-07,192.96,2026-05-08,186.05,-3.5811,DOWN,YES,-1,0.034811,2026-05-07,after_hours,returns_matrix.csv,TRUE,worksheet contamination,FALSE,FALSE,,,,,,,,,,,,,"w=[0.55,0.45,0,0] thr=(+0.25,-0.05), deployed default (risk-accepted, PSR=0.0/perm p=0.150 at N=161, not rechecked at N=268)"
33,Coinbase|2025|Q3,Coinbase,COIN,2025,Q3,0.3,BUY,0.007314,20260812_183842,deepseek-chat,,2025-10-30,2025-10-30,328.51,2025-10-31,336.0,2.28,UP,YES,1,0.0218,2025-10-30,after_hours,returns_matrix.csv,TRUE,worksheet contamination,FALSE,FALSE,,,,,,,,,,,,,"w=[0.55,0.45,0,0] thr=(+0.25,-0.05), deployed default (risk-accepted, PSR=0.0/perm p=0.150 at N=161, not rechecked at N=268)"
34,Coinbase|2025|Q4,Coinbase,COIN,2025,Q4,0.0575,HOLD,0.007531,20260812_183842,deepseek-chat,,2026-02-12,2026-02-12,141.09,2026-02-13,153.7,8.9376,UP,NO,0,0.0,2026-02-12,after_hours,returns_matrix.csv,TRUE,worksheet contamination,FALSE,FALSE,,,,,,,,,,,,,"w=[0.55,0.45,0,0] thr=(+0.25,-0.05), deployed default (risk-accepted, PSR=0.0/perm p=0.150 at N=161, not rechecked at N=268)"
35,Eli Lilly|2026|Q1,Eli Lilly,LLY,2026,Q1,0.3325,BUY,0.003456,20260812_183842,deepseek-chat,,2026-04-30,2026-04-29,851.21,2026-04-30,898.78,5.5885,UP,YES,1,0.054885,2026-04-30,pre_market,returns_matrix.csv,TRUE,worksheet contamination,FALSE,FALSE,,,,,,,,,,,,,"w=[0.55,0.45,0,0] thr=(+0.25,-0.05), deployed default (risk-accepted, PSR=0.0/perm p=0.150 at N=161, not rechecked at N=268)"
36,Eli Lilly|2025|Q3,Eli Lilly,LLY,2025,Q3,0.41,BUY,0.00343,20260812_183842,deepseek-chat,,2025-10-30,2025-10-29,813.53,2025-10-30,837.5,2.9464,UP,YES,1,0.028464,2025-10-30,pre_market,returns_matrix.csv,TRUE,worksheet contamination,FALSE,FALSE,,,,,,,,,,,,,"w=[0.55,0.45,0,0] thr=(+0.25,-0.05), deployed default (risk-accepted, PSR=0.0/perm p=0.150 at N=161, not rechecked at N=268)"
37,Eli Lilly|2025|Q4,Eli Lilly,LLY,2025,Q4,0.3875,BUY,0.003543,20260812_183842,deepseek-chat,,2026-02-04,2026-02-03,1003.46,2026-02-04,1075.12,7.1413,UP,YES,1,0.070413,2026-02-04,pre_market,returns_matrix.csv,TRUE,worksheet contamination,FALSE,FALSE,,,,,,,,,,,,,"w=[0.55,0.45,0,0] thr=(+0.25,-0.05), deployed default (risk-accepted, PSR=0.0/perm p=0.150 at N=161, not rechecked at N=268)"
38,Goldman Sachs|2025|Q1,Goldman Sachs,GS,2025,Q1,-0.135,SELL,0.008151,20260812_183842,deepseek-chat,,2025-04-14,2025-04-11,494.44,2025-04-14,510.0,3.147,UP,NO,-1,-0.03247,2025-04-14,pre_market,returns_matrix.csv,FALSE,,TRUE,TRUE,HOLD,,22507,HOLD,,6291,HOLD,,9148,HOLD,,16813,"w=[0.55,0.45,0,0] thr=(+0.25,-0.05), deployed default (risk-accepted, PSR=0.0/perm p=0.150 at N=161, not rechecked at N=268)"
39,Goldman Sachs|2026|Q1,Goldman Sachs,GS,2026,Q1,-0.0525,SELL,0.008619,20260812_183842,deepseek-chat,,2026-04-13,2026-04-10,907.8,2026-04-13,875.55,-3.5525,DOWN,YES,-1,0.034525,2026-04-13,pre_market,returns_matrix.csv,FALSE,,TRUE,TRUE,HOLD,,23927,HOLD,,6495,HOLD,,10448,HOLD,,17530,"w=[0.55,0.45,0,0] thr=(+0.25,-0.05), deployed default (risk-accepted, PSR=0.0/perm p=0.150 at N=161, not rechecked at N=268)"
40,Goldman Sachs|2025|Q2,Goldman Sachs,GS,2025,Q2,0.21,HOLD,0.007994,20260812_183842,deepseek-chat,,2025-07-16,2025-07-15,702.51,2025-07-16,708.5,0.8527,FLAT,YES,0,0.0,2025-07-16,pre_market,returns_matrix.csv,FALSE,,TRUE,TRUE,BUY,,20898,HOLD,,6510,BUY,,10613,BUY,,13860,"w=[0.55,0.45,0,0] thr=(+0.25,-0.05), deployed default (risk-accepted, PSR=0.0/perm p=0.150 at N=161, not rechecked at N=268)"
41,Goldman Sachs|2026|Q2,Goldman Sachs,GS,2026,Q2,0.03,HOLD,0.007519,20260812_183842,deepseek-chat,,2026-07-14,2026-07-13,1045.91,2026-07-14,1085.0,3.7374,UP,NO,0,0.0,2026-07-14,pre_market,returns_matrix.csv,FALSE,,TRUE,TRUE,BUY,,21130,BUY,,6062,BUY,,10060,BUY,,15542,"w=[0.55,0.45,0,0] thr=(+0.25,-0.05), deployed default (risk-accepted, PSR=0.0/perm p=0.150 at N=161, not rechecked at N=268)"
42,Goldman Sachs|2025|Q3,Goldman Sachs,GS,2025,Q3,0.3275,BUY,0.007171,20260812_183842,deepseek-chat,,2025-10-14,2025-10-13,786.78,2025-10-14,764.45,-2.8382,DOWN,NO,1,-0.029382,2025-10-14,pre_market,returns_matrix.csv,FALSE,,TRUE,TRUE,BUY,,19735,HOLD,,6327,BUY,,9035,BUY,,14085,"w=[0.55,0.45,0,0] thr=(+0.25,-0.05), deployed default (risk-accepted, PSR=0.0/perm p=0.150 at N=161, not rechecked at N=268)"
43,Goldman Sachs|2025|Q4,Goldman Sachs,GS,2025,Q4,0.2775,BUY,0.008229,20260812_183842,deepseek-chat,,2026-01-15,2026-01-14,932.67,2026-01-15,924.9,-0.8331,FLAT,NO,1,-0.009331,2026-01-15,pre_market,returns_matrix.csv,FALSE,,TRUE,TRUE,BUY,,25170,HOLD,,6067,BUY,,12733,BUY,,16455,"w=[0.55,0.45,0,0] thr=(+0.25,-0.05), deployed default (risk-accepted, PSR=0.0/perm p=0.150 at N=161, not rechecked at N=268)"
44,IBM|2026|Q1,IBM,IBM,2026,Q1,0.03,HOLD,0.004533,20260812_183842,deepseek-chat,,2026-04-22,2026-04-22,251.86,2026-04-23,232.27,-7.7781,DOWN,NO,0,0.0,2026-04-22,after_hours,returns_matrix.csv,FALSE,,FALSE,FALSE,,,,,,,,,,,,,"w=[0.55,0.45,0,0] thr=(+0.25,-0.05), deployed default (risk-accepted, PSR=0.0/perm p=0.150 at N=161, not rechecked at N=268)"
45,IBM|2025|Q2,IBM,IBM,2025,Q2,0.32,BUY,0.005102,20260812_183842,deepseek-chat,,2025-07-23,2025-07-23,282.01,2025-07-24,261.25,-7.3614,DOWN,NO,1,-0.074614,2025-07-23,after_hours,returns_matrix.csv,FALSE,,FALSE,FALSE,,,,,,,,,,,,,"w=[0.55,0.45,0,0] thr=(+0.25,-0.05), deployed default (risk-accepted, PSR=0.0/perm p=0.150 at N=161, not rechecked at N=268)"
46,IBM|2025|Q4,IBM,IBM,2025,Q4,0.305,BUY,0.00499,20260812_183842,deepseek-chat,,2026-01-28,2026-01-28,294.16,2026-01-29,317.86,8.0568,UP,YES,1,0.079568,2026-01-28,after_hours,returns_matrix.csv,FALSE,,FALSE,FALSE,,,,,,,,,,,,,"w=[0.55,0.45,0,0] thr=(+0.25,-0.05), deployed default (risk-accepted, PSR=0.0/perm p=0.150 at N=161, not rechecked at N=268)"
47,Lowe's|2025|Q1,Lowe's,LOW,2025,Q1,-0.135,SELL,0.006953,20260812_183842,deepseek-chat,,2026-05-20,2026-05-19,218.37,2026-05-20,213.98,-2.0103,DOWN,YES,-1,0.019103,2026-05-20,pre_market,returns_matrix.csv,FALSE,,TRUE,TRUE,HOLD,,19844,HOLD,,5600,HOLD,,10140,SELL,,13734,"w=[0.55,0.45,0,0] thr=(+0.25,-0.05), deployed default (risk-accepted, PSR=0.0/perm p=0.150 at N=161, not rechecked at N=268)"
48,Lowe's|2026|Q1,Lowe's,LOW,2026,Q1,-0.135,SELL,0.007282,20260812_183842,deepseek-chat,,2026-05-20,2026-05-19,218.37,2026-05-20,213.98,-2.0103,DOWN,YES,-1,0.019103,2026-05-20,pre_market,returns_matrix.csv,FALSE,,TRUE,TRUE,HOLD,,20238,HOLD,,5776,HOLD,,11148,HOLD,,13336,"w=[0.55,0.45,0,0] thr=(+0.25,-0.05), deployed default (risk-accepted, PSR=0.0/perm p=0.150 at N=161, not rechecked at N=268)"
49,Lowe's|2025|Q2,Lowe's,LOW,2025,Q2,0.0825,HOLD,0.006741,20260812_183842,deepseek-chat,,2025-08-20,2025-08-19,256.36,2025-08-20,265.4,3.5263,UP,NO,0,0.0,2025-08-20,pre_market,returns_matrix.csv,FALSE,,TRUE,TRUE,HOLD,,19964,HOLD,,5938,HOLD,,10710,HOLD,,13925,"w=[0.55,0.45,0,0] thr=(+0.25,-0.05), deployed default (risk-accepted, PSR=0.0/perm p=0.150 at N=161, not rechecked at N=268)"
50,Lowe's|2025|Q3,Lowe's,LOW,2025,Q3,-0.23,SELL,0.006449,20260812_183842,deepseek-chat,,2025-11-19,2025-11-18,219.57,2025-11-19,230.01,4.7547,UP,NO,-1,-0.048547,2025-11-19,pre_market,returns_matrix.csv,FALSE,,TRUE,TRUE,SELL,,20035,HOLD,,5949,SELL,,11124,HOLD,,13186,"w=[0.55,0.45,0,0] thr=(+0.25,-0.05), deployed default (risk-accepted, PSR=0.0/perm p=0.150 at N=161, not rechecked at N=268)"
51,Lowe's|2025|Q4,Lowe's,LOW,2025,Q4,-0.1275,SELL,0.007562,20260812_183842,deepseek-chat,,2026-02-25,2026-02-24,278.59,2026-02-25,266.25,-4.4294,DOWN,YES,-1,0.043294,2026-02-25,pre_market,returns_matrix.csv,FALSE,,TRUE,TRUE,SELL,,20116,HOLD,,5799,SELL,,13015,HOLD,,12819,"w=[0.55,0.45,0,0] thr=(+0.25,-0.05), deployed default (risk-accepted, PSR=0.0/perm p=0.150 at N=161, not rechecked at N=268)"
52,Lululemon|2026|Q1,Lululemon,LULU,2026,Q1,-0.41,SELL,0.006916,20260812_183842,deepseek-chat,,2026-06-04,2026-06-04,124.92,2026-06-05,110.43,-11.5994,DOWN,YES,-1,0.114994,2026-06-04,after_hours,returns_matrix.csv,FALSE,,TRUE,TRUE,SELL,,18656,SELL,,8799,SELL,,7819,SELL,,13053,"w=[0.55,0.45,0,0] thr=(+0.25,-0.05), deployed default (risk-accepted, PSR=0.0/perm p=0.150 at N=161, not rechecked at N=268)"
53,Lululemon|2025|Q3,Lululemon,LULU,2025,Q3,-0.23,SELL,0.008574,20260812_183842,deepseek-chat,,2025-12-11,2025-12-11,187.01,2025-12-12,204.58,9.3952,UP,NO,-1,-0.094952,2025-12-11,after_hours,returns_matrix.csv,FALSE,,TRUE,TRUE,SELL,,23911,SELL,,9614,SELL,,8549,SELL,,16148,"w=[0.55,0.45,0,0] thr=(+0.25,-0.05), deployed default (risk-accepted, PSR=0.0/perm p=0.150 at N=161, not rechecked at N=268)"
54,Lululemon|2025|Q4,Lululemon,LULU,2025,Q4,-0.32,SELL,0.008551,20260812_183842,deepseek-chat,,2026-03-17,2026-03-17,159.27,2026-03-18,158.04,-0.7723,FLAT,NO,-1,0.006723,2026-03-17,after_hours,returns_matrix.csv,FALSE,,TRUE,TRUE,SELL,,24157,SELL,,10491,SELL,,7684,SELL,,17828,"w=[0.55,0.45,0,0] thr=(+0.25,-0.05), deployed default (risk-accepted, PSR=0.0/perm p=0.150 at N=161, not rechecked at N=268)"
55,Maersk|2025|Q1,Maersk,AMKBY,2025,Q1,-0.135,SELL,0.005196,20260812_183842,deepseek-chat,,2025-05-07,2025-05-07,8.58,2025-05-08,8.72,1.6317,FLAT,NO,-1,-0.017317,2025-05-07,after_hours,returns_matrix.csv,TRUE,timing unresolved (non-US issuer),FALSE,FALSE,,,,,,,,,,,,,"w=[0.55,0.45,0,0] thr=(+0.25,-0.05), deployed default (risk-accepted, PSR=0.0/perm p=0.150 at N=161, not rechecked at N=268)"
56,Maersk|2025|Q2,Maersk,AMKBY,2025,Q2,0.32,BUY,0.005273,20260812_183842,deepseek-chat,,2025-08-07,2025-08-07,10.71,2025-08-08,10.8,0.8403,FLAT,NO,1,0.007403,2025-08-07,after_hours,returns_matrix.csv,TRUE,timing unresolved (non-US issuer),FALSE,FALSE,,,,,,,,,,,,,"w=[0.55,0.45,0,0] thr=(+0.25,-0.05), deployed default (risk-accepted, PSR=0.0/perm p=0.150 at N=161, not rechecked at N=268)"
57,Maersk|2025|Q3,Maersk,AMKBY,2025,Q3,0.3275,BUY,0.005012,20260812_183842,deepseek-chat,,2025-11-05,2025-11-05,10.38,2025-11-06,9.8,-5.5877,DOWN,NO,1,-0.056877,2025-11-05,after_hours,returns_matrix.csv,TRUE,timing unresolved (non-US issuer),FALSE,FALSE,,,,,,,,,,,,,"w=[0.55,0.45,0,0] thr=(+0.25,-0.05), deployed default (risk-accepted, PSR=0.0/perm p=0.150 at N=161, not rechecked at N=268)"
58,Maersk|2025|Q4,Maersk,AMKBY,2025,Q4,-0.5,SELL,0.004087,20260812_183842,deepseek-chat,,2026-02-05,2026-02-05,12.09,2026-02-06,11.93,-1.3234,FLAT,NO,-1,0.012234,2026-02-05,after_hours,returns_matrix.csv,TRUE,timing unresolved (non-US issuer),FALSE,FALSE,,,,,,,,,,,,,"w=[0.55,0.45,0,0] thr=(+0.25,-0.05), deployed default (risk-accepted, PSR=0.0/perm p=0.150 at N=161, not rechecked at N=268)"
59,McDonald's|2026|Q1,McDonald's,MCD,2026,Q1,-0.19,SELL,0.003727,20260812_183842,deepseek-chat,,2026-05-07,2026-05-06,284.1,2026-05-07,287.83,1.3129,FLAT,NO,-1,-0.014129,2026-05-07,pre_market,returns_matrix.csv,FALSE,,FALSE,FALSE,,,,,,,,,,,,,"w=[0.55,0.45,0,0] thr=(+0.25,-0.05), deployed default (risk-accepted, PSR=0.0/perm p=0.150 at N=161, not rechecked at N=268)"
60,McDonald's|2024|Q4,McDonald's,MCD,2024,Q4,-0.1,SELL,0.005491,20260812_183842,deepseek-chat,,2025-02-10,2025-02-07,294.3,2025-02-10,302.27,2.7081,UP,NO,-1,-0.028081,2025-02-10,pre_market,returns_matrix.csv,FALSE,,FALSE,FALSE,,,,,,,,,,,,,"w=[0.55,0.45,0,0] thr=(+0.25,-0.05), deployed default (risk-accepted, PSR=0.0/perm p=0.150 at N=161, not rechecked at N=268)"
61,McDonald's|2025|Q4,McDonald's,MCD,2025,Q4,0.25,HOLD,0.004915,20260812_183842,deepseek-chat,,2026-02-11,2026-02-10,325.97,2026-02-11,323.58,-0.7332,FLAT,YES,0,0.0,2026-02-11,pre_market,returns_matrix.csv,FALSE,,FALSE,FALSE,,,,,,,,,,,,,"w=[0.55,0.45,0,0] thr=(+0.25,-0.05), deployed default (risk-accepted, PSR=0.0/perm p=0.150 at N=161, not rechecked at N=268)"
62,Meta|2026|Q1,Meta,META,2026,Q1,-0.41,SELL,0.006727,20260812_183842,deepseek-chat,,2026-04-29,2026-04-29,669.12,2026-04-30,619.32,-7.4426,DOWN,YES,-1,0.073426,2026-04-29,after_hours,returns_matrix.csv,TRUE,worksheet contamination,FALSE,FALSE,,,,,,,,,,,,,"w=[0.55,0.45,0,0] thr=(+0.25,-0.05), deployed default (risk-accepted, PSR=0.0/perm p=0.150 at N=161, not rechecked at N=268)"
63,Meta|2025|Q3,Meta,META,2025,Q3,-0.1125,SELL,0.006683,20260812_183842,deepseek-chat,,2025-10-29,2025-10-29,751.67,2025-10-30,669.15,-10.9782,DOWN,YES,-1,0.108782,2025-10-29,after_hours,returns_matrix.csv,TRUE,worksheet contamination,FALSE,FALSE,,,,,,,,,,,,,"w=[0.55,0.45,0,0] thr=(+0.25,-0.05), deployed default (risk-accepted, PSR=0.0/perm p=0.150 at N=161, not rechecked at N=268)"
64,Meta|2025|Q4,Meta,META,2025,Q4,0.3875,BUY,0.006905,20260812_183842,deepseek-chat,,2026-01-28,2026-01-28,668.73,2026-01-29,737.43,10.2732,UP,YES,1,0.101732,2026-01-28,after_hours,returns_matrix.csv,TRUE,worksheet contamination,FALSE,FALSE,,,,,,,,,,,,,"w=[0.55,0.45,0,0] thr=(+0.25,-0.05), deployed default (risk-accepted, PSR=0.0/perm p=0.150 at N=161, not rechecked at N=268)"
65,Nike|2025|Q1,Nike,NKE,2025,Q1,-0.5,SELL,0.003236,20260812_183842,deepseek-chat,,2024-10-01,2024-10-01,89.13,2024-10-02,82.89,-7.001,DOWN,YES,-1,0.06901,2024-10-01,after_hours,returns_matrix.csv,FALSE,,FALSE,FALSE,,,,,,,,,,,,,"w=[0.55,0.45,0,0] thr=(+0.25,-0.05), deployed default (risk-accepted, PSR=0.0/perm p=0.150 at N=161, not rechecked at N=268)"
66,Nike|2025|Q2,Nike,NKE,2025,Q2,-0.5,SELL,0.003382,20260812_183842,deepseek-chat,,2024-12-19,2024-12-19,77.1,2024-12-20,75.96,-1.4786,FLAT,NO,-1,0.013786,2024-12-19,after_hours,returns_matrix.csv,FALSE,,FALSE,FALSE,,,,,,,,,,,,,"w=[0.55,0.45,0,0] thr=(+0.25,-0.05), deployed default (risk-accepted, PSR=0.0/perm p=0.150 at N=161, not rechecked at N=268)"
67,Nike|2025|Q3,Nike,NKE,2025,Q3,-0.275,SELL,0.003508,20260812_183842,deepseek-chat,,2025-03-20,2025-03-20,71.86,2025-03-21,66.59,-7.3337,DOWN,YES,-1,0.072337,2025-03-20,after_hours,returns_matrix.csv,FALSE,,FALSE,FALSE,,,,,,,,,,,,,"w=[0.55,0.45,0,0] thr=(+0.25,-0.05), deployed default (risk-accepted, PSR=0.0/perm p=0.150 at N=161, not rechecked at N=268)"
68,Nvidia|2025|Q1,Nvidia,NVDA,2025,Q1,-0.275,SELL,0.003276,20260812_183842,deepseek-chat,,2025-02-26,2025-02-26,131.28,2025-02-27,135.0,2.8336,UP,NO,-1,-0.029336,2025-02-26,after_hours,returns_matrix.csv,TRUE,worksheet contamination,FALSE,FALSE,,,,,,,,,,,,,"w=[0.55,0.45,0,0] thr=(+0.25,-0.05), deployed default (risk-accepted, PSR=0.0/perm p=0.150 at N=161, not rechecked at N=268)"
69,Nvidia|2025|Q2,Nvidia,NVDA,2025,Q2,-0.0325,HOLD,0.003677,20260812_183842,deepseek-chat,,2025-05-28,2025-05-28,134.81,2025-05-29,142.25,5.5189,UP,NO,0,0.0,2025-05-28,after_hours,returns_matrix.csv,TRUE,worksheet contamination,FALSE,FALSE,,,,,,,,,,,,,"w=[0.55,0.45,0,0] thr=(+0.25,-0.05), deployed default (risk-accepted, PSR=0.0/perm p=0.150 at N=161, not rechecked at N=268)"
70,Nvidia|2025|Q3,Nvidia,NVDA,2025,Q3,0.33,BUY,0.004084,20260812_183842,deepseek-chat,,2025-08-27,2025-08-27,181.6,2025-08-28,180.82,-0.4295,FLAT,NO,1,-0.005295,2025-08-27,after_hours,returns_matrix.csv,TRUE,worksheet contamination,FALSE,FALSE,,,,,,,,,,,,,"w=[0.55,0.45,0,0] thr=(+0.25,-0.05), deployed default (risk-accepted, PSR=0.0/perm p=0.150 at N=161, not rechecked at N=268)"
71,Nvidia|2025|Q4,Nvidia,NVDA,2025,Q4,0.4575,BUY,0.003756,20260812_183842,deepseek-chat,,2025-11-19,2025-11-19,186.52,2025-11-20,195.95,5.0558,UP,YES,1,0.049558,2025-11-19,after_hours,returns_matrix.csv,TRUE,worksheet contamination,FALSE,FALSE,,,,,,,,,,,,,"w=[0.55,0.45,0,0] thr=(+0.25,-0.05), deployed default (risk-accepted, PSR=0.0/perm p=0.150 at N=161, not rechecked at N=268)"
72,Tesla|2026|Q1,Tesla,TSLA,2026,Q1,-0.08,SELL,0.005918,20260812_183842,deepseek-chat,,2026-04-22,2026-04-22,387.51,2026-04-23,375.28,-3.1561,DOWN,YES,-1,0.030561,2026-04-22,after_hours,returns_matrix.csv,TRUE,worksheet contamination,FALSE,FALSE,,,,,,,,,,,,,"w=[0.55,0.45,0,0] thr=(+0.25,-0.05), deployed default (risk-accepted, PSR=0.0/perm p=0.150 at N=161, not rechecked at N=268)"
73,Tesla|2025|Q3,Tesla,TSLA,2025,Q3,0.245,HOLD,0.006623,20260812_183842,deepseek-chat,,2025-10-22,2025-10-22,438.97,2025-10-23,420.0,-4.3215,DOWN,NO,0,0.0,2025-10-22,after_hours,returns_matrix.csv,TRUE,worksheet contamination,FALSE,FALSE,,,,,,,,,,,,,"w=[0.55,0.45,0,0] thr=(+0.25,-0.05), deployed default (risk-accepted, PSR=0.0/perm p=0.150 at N=161, not rechecked at N=268)"
74,Tesla|2025|Q4,Tesla,TSLA,2025,Q4,0.4425,BUY,0.006869,20260812_183842,deepseek-chat,,2026-01-28,2026-01-28,431.46,2026-01-29,437.8,1.4694,FLAT,NO,1,0.013694,2026-01-28,after_hours,returns_matrix.csv,TRUE,worksheet contamination,FALSE,FALSE,,,,,,,,,,,,,"w=[0.55,0.45,0,0] thr=(+0.25,-0.05), deployed default (risk-accepted, PSR=0.0/perm p=0.150 at N=161, not rechecked at N=268)"
75,Uber|2025|Q1,Uber,UBER,2025,Q1,0.03,HOLD,0.007658,20260812_183842,deepseek-chat,,2025-05-07,2025-05-06,85.83,2025-05-07,83.13,-3.1458,DOWN,NO,0,0.0,2025-05-07,pre_market,returns_matrix.csv,FALSE,,TRUE,TRUE,HOLD,,21284,BUY,,10960,HOLD,,6190,HOLD,,14883,"w=[0.55,0.45,0,0] thr=(+0.25,-0.05), deployed default (risk-accepted, PSR=0.0/perm p=0.150 at N=161, not rechecked at N=268)"
76,Uber|2026|Q1,Uber,UBER,2026,Q1,0.03,HOLD,0.007912,20260812_183842,deepseek-chat,,2026-05-06,2026-05-05,72.95,2026-05-06,77.46,6.1823,UP,NO,0,0.0,2026-05-06,pre_market,returns_matrix.csv,FALSE,,TRUE,TRUE,BUY,,23323,BUY,,12777,HOLD,,5909,BUY,,13839,"w=[0.55,0.45,0,0] thr=(+0.25,-0.05), deployed default (risk-accepted, PSR=0.0/perm p=0.150 at N=161, not rechecked at N=268)"
77,Uber|2025|Q2,Uber,UBER,2025,Q2,0.21,HOLD,0.007644,20260812_183842,deepseek-chat,,2025-08-06,2025-08-05,89.39,2025-08-06,90.95,1.7452,FLAT,YES,0,0.0,2025-08-06,pre_market,returns_matrix.csv,FALSE,,TRUE,TRUE,BUY,,20820,BUY,,11136,BUY,,5592,BUY,,13071,"w=[0.55,0.45,0,0] thr=(+0.25,-0.05), deployed default (risk-accepted, PSR=0.0/perm p=0.150 at N=161, not rechecked at N=268)"
78,Uber|2025|Q4,Uber,UBER,2025,Q4,0.2775,BUY,0.008668,20260812_183842,deepseek-chat,,2026-02-04,2026-02-03,77.93,2026-02-04,75.62,-2.9578,DOWN,NO,1,-0.030578,2026-02-04,pre_market,returns_matrix.csv,FALSE,,TRUE,TRUE,BUY,,25735,BUY,,14209,HOLD,,6117,BUY,,14068,"w=[0.55,0.45,0,0] thr=(+0.25,-0.05), deployed default (risk-accepted, PSR=0.0/perm p=0.150 at N=161, not rechecked at N=268)"
79,Walmart|2025|Q1,Walmart,WMT,2025,Q1,-0.08,SELL,0.005478,20260812_183842,deepseek-chat,,2025-05-15,2025-05-14,96.83,2025-05-15,94.3,-2.6128,DOWN,YES,-1,0.025128,2025-05-15,pre_market,returns_matrix.csv,FALSE,,FALSE,FALSE,,,,,,,,,,,,,"w=[0.55,0.45,0,0] thr=(+0.25,-0.05), deployed default (risk-accepted, PSR=0.0/perm p=0.150 at N=161, not rechecked at N=268)"
80,Walmart|2026|Q1,Walmart,WMT,2026,Q1,-0.0525,SELL,0.005744,20260812_183842,deepseek-chat,,2026-05-21,2026-05-20,130.85,2026-05-21,124.41,-4.9217,DOWN,YES,-1,0.048217,2026-05-21,pre_market,returns_matrix.csv,FALSE,,FALSE,FALSE,,,,,,,,,,,,,"w=[0.55,0.45,0,0] thr=(+0.25,-0.05), deployed default (risk-accepted, PSR=0.0/perm p=0.150 at N=161, not rechecked at N=268)"
81,Walmart|2025|Q2,Walmart,WMT,2025,Q2,0.165,HOLD,0.005995,20260812_183842,deepseek-chat,,2025-08-21,2025-08-20,102.57,2025-08-21,99.41,-3.0808,DOWN,NO,0,0.0,2025-08-21,pre_market,returns_matrix.csv,FALSE,,FALSE,FALSE,,,,,,,,,,,,,"w=[0.55,0.45,0,0] thr=(+0.25,-0.05), deployed default (risk-accepted, PSR=0.0/perm p=0.150 at N=161, not rechecked at N=268)"
82,Walmart|2025|Q3,Walmart,WMT,2025,Q3,0.32,BUY,0.005502,20260812_183842,deepseek-chat,,2025-11-20,2025-11-19,100.61,2025-11-20,103.94,3.3098,UP,YES,1,0.032098,2025-11-20,pre_market,returns_matrix.csv,FALSE,,FALSE,FALSE,,,,,,,,,,,,,"w=[0.55,0.45,0,0] thr=(+0.25,-0.05), deployed default (risk-accepted, PSR=0.0/perm p=0.150 at N=161, not rechecked at N=268)"
83,Walmart|2025|Q4,Walmart,WMT,2025,Q4,0.12,HOLD,0.006738,20260812_183842,deepseek-chat,,2026-02-19,2026-02-18,126.62,2026-02-19,128.5,1.4848,FLAT,YES,0,0.0,2026-02-19,pre_market,returns_matrix.csv,FALSE,,FALSE,FALSE,,,,,,,,,,,,,"w=[0.55,0.45,0,0] thr=(+0.25,-0.05), deployed default (risk-accepted, PSR=0.0/perm p=0.150 at N=161, not rechecked at N=268)"
84,Bank of America|2025|Q1,Bank of America,BAC,2025,Q1,-0.135,SELL,0.006709,20260812_183842,deepseek-chat,,2025-04-15,2025-04-14,36.67,2025-04-15,37.8,3.0815,UP,NO,-1,-0.031815,2025-04-15,pre_market,returns_matrix.csv,FALSE,,TRUE,TRUE,HOLD,,63331,HOLD,,20186,,,,,,,"w=[0.55,0.45,0,0] thr=(+0.25,-0.05), deployed default (risk-accepted, PSR=0.0/perm p=0.150 at N=161, not rechecked at N=268)"
85,Bank of America|2025|Q2,Bank of America,BAC,2025,Q2,0.1275,HOLD,0.007113,20260812_183842,deepseek-chat,,2025-07-16,2025-07-15,46.15,2025-07-16,46.25,0.2167,FLAT,YES,0,0.0,2025-07-16,pre_market,returns_matrix.csv,FALSE,,TRUE,TRUE,HOLD,,69842,HOLD,,21269,,,,,,,"w=[0.55,0.45,0,0] thr=(+0.25,-0.05), deployed default (risk-accepted, PSR=0.0/perm p=0.150 at N=161, not rechecked at N=268) | report_date ambiguous (multiple candidate trading days), unreviewed - see phase2/report_dates.json"
86,Bank of America|2025|Q3,Bank of America,BAC,2025,Q3,0.3,BUY,0.007099,20260812_183842,deepseek-chat,,2025-10-15,2025-10-14,50.09,2025-10-15,51.57,2.9547,UP,YES,1,0.028547,2025-10-15,pre_market,returns_matrix.csv,FALSE,,TRUE,TRUE,BUY,,67848,HOLD,,21544,,,,,,,"w=[0.55,0.45,0,0] thr=(+0.25,-0.05), deployed default (risk-accepted, PSR=0.0/perm p=0.150 at N=161, not rechecked at N=268)"
87,Bank of America|2025|Q4,Bank of America,BAC,2025,Q4,0.25,HOLD,0.008346,20260812_183842,deepseek-chat,,2026-01-14,2026-01-13,54.54,2026-01-14,52.88,-3.0436,DOWN,NO,0,0.0,2026-01-14,pre_market,returns_matrix.csv,FALSE,,TRUE,TRUE,HOLD,,70033,HOLD,,23020,,,,,,,"w=[0.55,0.45,0,0] thr=(+0.25,-0.05), deployed default (risk-accepted, PSR=0.0/perm p=0.150 at N=161, not rechecked at N=268)"
88,Boeing|2025|Q1,Boeing,BA,2025,Q1,0.0025,HOLD,0.00907,20260812_183842,deepseek-chat,,2025-04-23,2025-04-22,162.52,2025-04-23,174.0,7.0637,UP,NO,0,0.0,2025-04-23,pre_market,returns_matrix.csv,FALSE,,TRUE,TRUE,HOLD,,25538,HOLD,,10489,HOLD,,10186,HOLD,,13335,"w=[0.55,0.45,0,0] thr=(+0.25,-0.05), deployed default (risk-accepted, PSR=0.0/perm p=0.150 at N=161, not rechecked at N=268)"
89,Boeing|2025|Q2,Boeing,BA,2025,Q2,0.155,HOLD,0.005228,20260812_183842,deepseek-chat,,2025-07-29,2025-07-28,236.41,2025-07-29,239.5,1.307,FLAT,YES,0,0.0,2025-07-29,pre_market,returns_matrix.csv,FALSE,,TRUE,TRUE,HOLD,,14858,HOLD,,12614,,,,,,,"w=[0.55,0.45,0,0] thr=(+0.25,-0.05), deployed default (risk-accepted, PSR=0.0/perm p=0.150 at N=161, not rechecked at N=268)"
90,Boeing|2025|Q3,Boeing,BA,2025,Q3,-0.14,SELL,0.005247,20260812_183842,deepseek-chat,,2025-10-29,2025-10-28,223.33,2025-10-29,221.36,-0.8821,FLAT,NO,-1,0.007821,2025-10-29,pre_market,returns_matrix.csv,FALSE,,TRUE,TRUE,SELL,,14143,SELL,,11977,,,,,,,"w=[0.55,0.45,0,0] thr=(+0.25,-0.05), deployed default (risk-accepted, PSR=0.0/perm p=0.150 at N=161, not rechecked at N=268)"
91,Boeing|2025|Q4,Boeing,BA,2025,Q4,0.25,HOLD,0.035998,20260812_183842,deepseek-chat,,2026-01-27,2026-01-26,248.43,2026-01-27,242.5,-2.387,DOWN,NO,0,0.0,2026-01-27,pre_market,returns_matrix.csv,FALSE,,TRUE,TRUE,HOLD,,124605,HOLD,,12948,HOLD,,12492,HOLD,,14129,"w=[0.55,0.45,0,0] thr=(+0.25,-0.05), deployed default (risk-accepted, PSR=0.0/perm p=0.150 at N=161, not rechecked at N=268)"
92,Disney|2025|Q1,Disney,DIS,2025,Q1,0.25,HOLD,0.006273,20260812_183842,deepseek-chat,,2025-02-05,2025-02-04,113.3,2025-02-05,115.7,2.1183,UP,NO,0,0.0,2025-02-05,pre_market,returns_matrix.csv,FALSE,,TRUE,TRUE,HOLD,,15207,BUY,,7441,,,,,,,"w=[0.55,0.45,0,0] thr=(+0.25,-0.05), deployed default (risk-accepted, PSR=0.0/perm p=0.150 at N=161, not rechecked at N=268)"
93,Disney|2025|Q3,Disney,DIS,2025,Q3,0.2375,HOLD,0.006136,20260812_183842,deepseek-chat,,2025-08-06,2025-08-05,118.32,2025-08-06,115.78,-2.1467,DOWN,NO,0,0.0,2025-08-06,pre_market,returns_matrix.csv,FALSE,,TRUE,TRUE,BUY,,16215,BUY,,5716,,,,,,,"w=[0.55,0.45,0,0] thr=(+0.25,-0.05), deployed default (risk-accepted, PSR=0.0/perm p=0.150 at N=161, not rechecked at N=268)"
94,Disney|2025|Q4,Disney,DIS,2025,Q4,0.3,BUY,0.006489,20260812_183842,deepseek-chat,,2025-11-13,2025-11-12,116.65,2025-11-13,108.89,-6.6524,DOWN,NO,1,-0.067524,2025-11-13,pre_market,returns_matrix.csv,FALSE,,TRUE,TRUE,BUY,,15879,HOLD,,5542,,,,,,,"w=[0.55,0.45,0,0] thr=(+0.25,-0.05), deployed default (risk-accepted, PSR=0.0/perm p=0.150 at N=161, not rechecked at N=268)"
95,JPMorgan|2025|Q1,JPMorgan,JPM,2025,Q1,-0.41,SELL,0.0,20260812_183842,deepseek-chat,,2025-04-11,2025-04-10,227.11,2025-04-11,226.31,-0.3523,FLAT,NO,-1,0.002523,2025-04-11,pre_market,returns_matrix.csv,FALSE,,FALSE,FALSE,,,,,,,,,,,,,"w=[0.55,0.45,0,0] thr=(+0.25,-0.05), deployed default (risk-accepted, PSR=0.0/perm p=0.150 at N=161, not rechecked at N=268) | Token Cost unavailable: predates cost_log tracking, not backfillable"
96,JPMorgan|2026|Q1,JPMorgan,JPM,2026,Q1,-0.08,SELL,0.008313,20260812_183842,deepseek-chat,,2026-04-14,2026-04-13,313.68,2026-04-14,309.82,-1.2305,FLAT,NO,-1,0.011305,2026-04-14,pre_market,returns_matrix.csv,FALSE,,TRUE,TRUE,HOLD,,25068,HOLD,,9986,SELL,,7227,HOLD,,17362,"w=[0.55,0.45,0,0] thr=(+0.25,-0.05), deployed default (risk-accepted, PSR=0.0/perm p=0.150 at N=161, not rechecked at N=268)"
97,JPMorgan|2025|Q2,JPMorgan,JPM,2025,Q2,0.21,HOLD,0.0,20260812_183842,deepseek-chat,,2025-07-15,2025-07-14,288.7,2025-07-15,288.0,-0.2425,FLAT,YES,0,0.0,2025-07-15,pre_market,returns_matrix.csv,FALSE,,FALSE,FALSE,,,,,,,,,,,,,"w=[0.55,0.45,0,0] thr=(+0.25,-0.05), deployed default (risk-accepted, PSR=0.0/perm p=0.150 at N=161, not rechecked at N=268) | Token Cost unavailable: predates cost_log tracking, not backfillable"
98,JPMorgan|2025|Q3,JPMorgan,JPM,2025,Q3,0.2175,HOLD,0.0,20260812_183842,deepseek-chat,,2025-10-14,2025-10-13,307.97,2025-10-14,305.84,-0.6916,FLAT,YES,0,0.0,2025-10-14,pre_market,returns_matrix.csv,FALSE,,FALSE,FALSE,,,,,,,,,,,,,"w=[0.55,0.45,0,0] thr=(+0.25,-0.05), deployed default (risk-accepted, PSR=0.0/perm p=0.150 at N=161, not rechecked at N=268) | Token Cost unavailable: predates cost_log tracking, not backfillable"
99,JPMorgan|2025|Q4,JPMorgan,JPM,2025,Q4,0.2225,HOLD,0.0,20260812_183842,deepseek-chat,,2026-01-13,2026-01-12,324.49,2026-01-13,324.3,-0.0586,FLAT,YES,0,0.0,2026-01-13,pre_market,returns_matrix.csv,FALSE,,FALSE,FALSE,,,,,,,,,,,,,"w=[0.55,0.45,0,0] thr=(+0.25,-0.05), deployed default (risk-accepted, PSR=0.0/perm p=0.150 at N=161, not rechecked at N=268) | Token Cost unavailable: predates cost_log tracking, not backfillable"
100,Netflix|2025|Q1,Netflix,NFLX,2025,Q1,-0.0525,SELL,0.008116,20260812_183842,deepseek-chat,,2025-04-17,2025-04-17,97.303,2025-04-18,98.44,1.1685,FLAT,NO,-1,-0.012685,2025-04-17,after_hours,returns_matrix.csv,FALSE,,FALSE,FALSE,,,,,,,,,,,,,"w=[0.55,0.45,0,0] thr=(+0.25,-0.05), deployed default (risk-accepted, PSR=0.0/perm p=0.150 at N=161, not rechecked at N=268)"
101,Netflix|2026|Q1,Netflix,NFLX,2026,Q1,-0.0525,SELL,0.008081,20260812_183842,deepseek-chat,,2026-04-16,2026-04-16,107.79,2026-04-17,96.37,-10.5947,DOWN,YES,-1,0.104947,2026-04-16,after_hours,returns_matrix.csv,FALSE,,FALSE,FALSE,,,,,,,,,,,,,"w=[0.55,0.45,0,0] thr=(+0.25,-0.05), deployed default (risk-accepted, PSR=0.0/perm p=0.150 at N=161, not rechecked at N=268)"
102,Netflix|2025|Q2,Netflix,NFLX,2025,Q2,0.21,HOLD,0.008433,20260812_183842,deepseek-chat,,2025-07-17,2025-07-17,127.417,2025-07-18,124.2,-2.5279,DOWN,NO,0,0.0,2025-07-17,after_hours,returns_matrix.csv,FALSE,,FALSE,FALSE,,,,,,,,,,,,,"w=[0.55,0.45,0,0] thr=(+0.25,-0.05), deployed default (risk-accepted, PSR=0.0/perm p=0.150 at N=161, not rechecked at N=268)"
103,Netflix|2025|Q3,Netflix,NFLX,2025,Q3,0.135,HOLD,0.005811,20260812_183842,deepseek-chat,,2025-10-21,2025-10-21,124.135,2025-10-22,114.29,-7.9309,DOWN,NO,0,0.0,2025-10-21,after_hours,returns_matrix.csv,TRUE,worksheet contamination,FALSE,FALSE,,,,,,,,,,,,,"w=[0.55,0.45,0,0] thr=(+0.25,-0.05), deployed default (risk-accepted, PSR=0.0/perm p=0.150 at N=161, not rechecked at N=268)"
104,Netflix|2024|Q4,Netflix,NFLX,2024,Q4,0.8,BUY,0.005691,20260812_183842,deepseek-chat,,2025-01-21,2025-01-21,86.968,2025-01-22,99.8,14.7583,UP,YES,1,0.146583,2025-01-21,after_hours,returns_matrix.csv,TRUE,worksheet contamination,FALSE,FALSE,,,,,,,,,,,,,"w=[0.55,0.45,0,0] thr=(+0.25,-0.05), deployed default (risk-accepted, PSR=0.0/perm p=0.150 at N=161, not rechecked at N=268)"
105,Netflix|2025|Q4,Netflix,NFLX,2025,Q4,0.4425,BUY,0.008798,20260812_183842,deepseek-chat,,2026-01-20,2026-01-20,87.26,2026-01-21,82.52,-5.432,DOWN,NO,1,-0.05532,2026-01-20,after_hours,returns_matrix.csv,TRUE,worksheet contamination,FALSE,FALSE,,,,,,,,,,,,,"w=[0.55,0.45,0,0] thr=(+0.25,-0.05), deployed default (risk-accepted, PSR=0.0/perm p=0.150 at N=161, not rechecked at N=268)"
106,Target|2025|Q1,Target,TGT,2025,Q1,-0.41,SELL,0.008485,20260812_183842,deepseek-chat,,2025-05-21,2025-05-20,98.12,2025-05-21,91.5,-6.7468,DOWN,YES,-1,0.066468,2025-05-21,pre_market,returns_matrix.csv,FALSE,,TRUE,TRUE,SELL,,24121,SELL,,10758,SELL,,13109,SELL,,10509,"w=[0.55,0.45,0,0] thr=(+0.25,-0.05), deployed default (risk-accepted, PSR=0.0/perm p=0.150 at N=161, not rechecked at N=268)"
107,Target|2026|Q1,Target,TGT,2026,Q1,0.03,HOLD,0.008872,20260812_183842,deepseek-chat,,2026-05-20,2026-05-19,127.24,2026-05-20,120.21,-5.525,DOWN,NO,0,0.0,2026-05-20,pre_market,returns_matrix.csv,FALSE,,TRUE,TRUE,BUY,,26201,BUY,,10969,BUY,,12485,BUY,,13971,"w=[0.55,0.45,0,0] thr=(+0.25,-0.05), deployed default (risk-accepted, PSR=0.0/perm p=0.150 at N=161, not rechecked at N=268)"
108,Target|2025|Q2,Target,TGT,2025,Q2,0,HOLD,0.008658,20260812_183842,deepseek-chat,,2025-08-20,2025-08-19,105.36,2025-08-20,94.41,-10.3929,DOWN,NO,0,0.0,2025-08-20,pre_market,returns_matrix.csv,FALSE,,TRUE,TRUE,SELL,,26338,SELL,,11304,HOLD,,13785,HOLD,,11892,"w=[0.55,0.45,0,0] thr=(+0.25,-0.05), deployed default (risk-accepted, PSR=0.0/perm p=0.150 at N=161, not rechecked at N=268)"
109,Target|2025|Q3,Target,TGT,2025,Q3,-0.23,SELL,0.008778,20260812_183842,deepseek-chat,,2025-11-19,2025-11-18,88.53,2025-11-19,86.42,-2.3834,DOWN,YES,-1,0.022834,2025-11-19,pre_market,returns_matrix.csv,FALSE,,TRUE,TRUE,SELL,,27184,SELL,,11328,SELL,,12346,SELL,,13006,"w=[0.55,0.45,0,0] thr=(+0.25,-0.05), deployed default (risk-accepted, PSR=0.0/perm p=0.150 at N=161, not rechecked at N=268)"
110,Barclays|2026|Q1,Barclays,BCS,2026,Q1,-0.0525,SELL,0.016143,20260812_183842,deepseek-chat,,2026-04-28,2026-04-27,23.09,2026-04-28,22.92,-0.7362,FLAT,NO,-1,0.006362,2026-04-28,pre_market,returns_matrix.csv,FALSE,,TRUE,TRUE,HOLD,,54631,HOLD,,41643,,,,,,,"w=[0.55,0.45,0,0] thr=(+0.25,-0.05), deployed default (risk-accepted, PSR=0.0/perm p=0.150 at N=161, not rechecked at N=268)"
111,Barclays|2025|Q2,Barclays,BCS,2025,Q2,0.1825,HOLD,0.027562,20260812_183842,deepseek-chat,,2025-07-29,2025-07-28,19.41,2025-07-29,19.82,2.1123,UP,NO,0,0.0,2025-07-29,pre_market,returns_matrix.csv,FALSE,,TRUE,TRUE,BUY,,91653,BUY,,80236,,,,,,,"w=[0.55,0.45,0,0] thr=(+0.25,-0.05), deployed default (risk-accepted, PSR=0.0/perm p=0.150 at N=161, not rechecked at N=268)"
112,Barclays|2025|Q3,Barclays,BCS,2025,Q3,0.3275,BUY,0.017673,20260812_183842,deepseek-chat,,2025-10-22,2025-10-21,19.49,2025-10-22,20.47,5.0282,UP,YES,1,0.049282,2025-10-22,pre_market,returns_matrix.csv,FALSE,,TRUE,TRUE,BUY,,58938,BUY,,46294,,,,,,,"w=[0.55,0.45,0,0] thr=(+0.25,-0.05), deployed default (risk-accepted, PSR=0.0/perm p=0.150 at N=161, not rechecked at N=268)"
113,Ford|2026|Q1,Ford,F,2026,Q1,0.14,HOLD,0.009054,20260812_183842,deepseek-chat,,2026-04-29,2026-04-29,12.24,2026-04-30,11.55,-5.6373,DOWN,NO,0,0.0,2026-04-29,after_hours,returns_matrix.csv,FALSE,,TRUE,TRUE,BUY,,26783,BUY,,15442,BUY,,8541,HOLD,,13944,"w=[0.55,0.45,0,0] thr=(+0.25,-0.05), deployed default (risk-accepted, PSR=0.0/perm p=0.150 at N=161, not rechecked at N=268)"
114,Ford|2025|Q2,Ford,F,2025,Q2,-0.12,SELL,0.009234,20260812_183842,deepseek-chat,,2025-07-30,2025-07-30,10.87,2025-07-31,10.77,-0.92,FLAT,NO,-1,0.0082,2025-07-30,after_hours,returns_matrix.csv,FALSE,,TRUE,TRUE,HOLD,,29007,SELL,,17344,,,,,,,"w=[0.55,0.45,0,0] thr=(+0.25,-0.05), deployed default (risk-accepted, PSR=0.0/perm p=0.150 at N=161, not rechecked at N=268) | report_date ambiguous (multiple candidate trading days), unreviewed - see phase2/report_dates.json"
115,Ford|2025|Q4,Ford,F,2025,Q4,0.2775,BUY,0.009714,20260812_183842,deepseek-chat,,2026-02-10,2026-02-10,13.57,2026-02-11,13.62,0.3685,FLAT,NO,1,0.002685,2026-02-10,after_hours,returns_matrix.csv,FALSE,,TRUE,TRUE,BUY,,29221,SELL,,19123,BUY,,9473,HOLD,,13419,"w=[0.55,0.45,0,0] thr=(+0.25,-0.05), deployed default (risk-accepted, PSR=0.0/perm p=0.150 at N=161, not rechecked at N=268)"
116,Microsoft|2025|Q1,Microsoft,MSFT,2025,Q1,0.25,HOLD,0.011334,20260812_183842,deepseek-chat,,2024-10-30,2024-10-30,432.53,2024-10-31,415.36,-3.9697,DOWN,NO,0,0.0,2024-10-30,after_hours,returns_matrix.csv,FALSE,,FALSE,FALSE,,,,,,,,,,,,,"w=[0.55,0.45,0,0] thr=(+0.25,-0.05), deployed default (risk-accepted, PSR=0.0/perm p=0.150 at N=161, not rechecked at N=268)"
117,Microsoft|2026|Q1,Microsoft,MSFT,2026,Q1,0.3,BUY,0.009907,20260812_183842,deepseek-chat,,2025-10-29,2025-10-29,541.55,2025-10-30,530.48,-2.0441,DOWN,NO,1,-0.021441,2025-10-29,after_hours,returns_matrix.csv,FALSE,,FALSE,FALSE,,,,,,,,,,,,,"w=[0.55,0.45,0,0] thr=(+0.25,-0.05), deployed default (risk-accepted, PSR=0.0/perm p=0.150 at N=161, not rechecked at N=268)"
118,Microsoft|2025|Q2,Microsoft,MSFT,2025,Q2,0.3,BUY,0.010581,20260812_183842,deepseek-chat,,2025-01-29,2025-01-29,442.33,2025-01-30,418.77,-5.3263,DOWN,NO,1,-0.054263,2025-01-29,after_hours,returns_matrix.csv,FALSE,,FALSE,FALSE,,,,,,,,,,,,,"w=[0.55,0.45,0,0] thr=(+0.25,-0.05), deployed default (risk-accepted, PSR=0.0/perm p=0.150 at N=161, not rechecked at N=268)"
119,Pfizer|2025|Q1,Pfizer,PFE,2025,Q1,-0.08,SELL,0.012341,20260812_183842,deepseek-chat,,2025-04-29,2025-04-28,23.05,2025-04-29,22.83,-0.9544,FLAT,NO,-1,0.008544,2025-04-29,pre_market,returns_matrix.csv,FALSE,,TRUE,TRUE,HOLD,,36819,HOLD,,20119,,,,,,,"w=[0.55,0.45,0,0] thr=(+0.25,-0.05), deployed default (risk-accepted, PSR=0.0/perm p=0.150 at N=161, not rechecked at N=268)"
120,Pfizer|2026|Q1,Pfizer,PFE,2026,Q1,-0.025,HOLD,0.010424,20260812_183842,deepseek-chat,,2026-05-05,2026-05-04,26.3,2026-05-05,26.59,1.1027,FLAT,YES,0,0.0,2026-05-05,pre_market,returns_matrix.csv,FALSE,,TRUE,TRUE,HOLD,,31788,HOLD,,21346,,,,,,,"w=[0.55,0.45,0,0] thr=(+0.25,-0.05), deployed default (risk-accepted, PSR=0.0/perm p=0.150 at N=161, not rechecked at N=268)"
121,Pfizer|2025|Q2,Pfizer,PFE,2025,Q2,0.21,HOLD,0.013157,20260812_183842,deepseek-chat,,2025-08-05,2025-08-04,23.53,2025-08-05,24.27,3.1449,UP,NO,0,0.0,2025-08-05,pre_market,returns_matrix.csv,FALSE,,TRUE,TRUE,BUY,,38906,BUY,,24888,,,,,,,"w=[0.55,0.45,0,0] thr=(+0.25,-0.05), deployed default (risk-accepted, PSR=0.0/perm p=0.150 at N=161, not rechecked at N=268)"
122,Pfizer|2025|Q4,Pfizer,PFE,2025,Q4,0.1125,HOLD,0.013416,20260812_183842,deepseek-chat,,2026-02-03,2026-02-02,26.66,2026-02-03,25.36,-4.8762,DOWN,NO,0,0.0,2026-02-03,pre_market,returns_matrix.csv,FALSE,,TRUE,TRUE,HOLD,,42044,HOLD,,26416,,,,,,,"w=[0.55,0.45,0,0] thr=(+0.25,-0.05), deployed default (risk-accepted, PSR=0.0/perm p=0.150 at N=161, not rechecked at N=268)"
123,United Airlines|2025|Q1,United Airlines,UAL,2025,Q1,-0.41,SELL,0.01908,20260812_183842,deepseek-chat,,2025-04-15,2025-04-15,67.0,2025-04-16,69.64,3.9403,UP,NO,-1,-0.040403,2025-04-15,after_hours,returns_matrix.csv,FALSE,,FALSE,FALSE,,,,,,,,,,,,,"w=[0.55,0.45,0,0] thr=(+0.25,-0.05), deployed default (risk-accepted, PSR=0.0/perm p=0.150 at N=161, not rechecked at N=268)"
124,United Airlines|2025|Q2,United Airlines,UAL,2025,Q2,0.21,HOLD,0.019496,20260812_183842,deepseek-chat,,2025-07-16,2025-07-16,88.47,2025-07-17,91.89,3.8657,UP,NO,0,0.0,2025-07-16,after_hours,returns_matrix.csv,FALSE,,FALSE,FALSE,,,,,,,,,,,,,"w=[0.55,0.45,0,0] thr=(+0.25,-0.05), deployed default (risk-accepted, PSR=0.0/perm p=0.150 at N=161, not rechecked at N=268)"
125,United Airlines|2025|Q3,United Airlines,UAL,2025,Q3,0.3,BUY,0.012194,20260812_183842,deepseek-chat,,2025-10-15,2025-10-15,104.05,2025-10-16,102.94,-1.0668,FLAT,NO,1,-0.011668,2025-10-15,after_hours,returns_matrix.csv,FALSE,,FALSE,FALSE,,,,,,,,,,,,,"w=[0.55,0.45,0,0] thr=(+0.25,-0.05), deployed default (risk-accepted, PSR=0.0/perm p=0.150 at N=161, not rechecked at N=268)"
126,United Airlines|2025|Q4,United Airlines,UAL,2025,Q4,0.2775,BUY,0.045787,20260812_183842,deepseek-chat,,2026-01-20,2026-01-20,108.57,2026-01-21,111.95,3.1132,UP,YES,1,0.030132,2026-01-20,after_hours,returns_matrix.csv,FALSE,,FALSE,FALSE,,,,,,,,,,,,,"w=[0.55,0.45,0,0] thr=(+0.25,-0.05), deployed default (risk-accepted, PSR=0.0/perm p=0.150 at N=161, not rechecked at N=268)"
127,PepsiCo|2023|Q1,PepsiCo,PEP,2023,Q1,0.5,BUY,0.007327,20260812_183842,deepseek-chat,,2023-04-25,2023-04-24,185.5,2023-04-25,186.56,0.5714,FLAT,NO,1,0.004714,2023-04-25,pre_market,returns_matrix.csv,FALSE,,TRUE,TRUE,BUY,,21269,BUY,,12972,,,,,,,"w=[0.55,0.45,0,0] thr=(+0.25,-0.05), deployed default (risk-accepted, PSR=0.0/perm p=0.150 at N=161, not rechecked at N=268)"
128,PepsiCo|2024|Q1,PepsiCo,PEP,2024,Q1,0,HOLD,0.004936,20260812_183842,deepseek-chat,,2024-04-23,2024-04-22,176.46,2024-04-23,174.7,-0.9974,FLAT,YES,0,0.0,2024-04-23,pre_market,returns_matrix.csv,FALSE,,TRUE,TRUE,HOLD,,12451,HOLD,,12450,,,,,,,"w=[0.55,0.45,0,0] thr=(+0.25,-0.05), deployed default (risk-accepted, PSR=0.0/perm p=0.150 at N=161, not rechecked at N=268)"
129,PepsiCo|2025|Q1,PepsiCo,PEP,2025,Q1,-0.41,SELL,0.00974,20260812_183842,deepseek-chat,,2025-04-24,2025-04-23,142.26,2025-04-24,141.45,-0.5694,FLAT,NO,-1,0.004694,2025-04-24,pre_market,returns_matrix.csv,FALSE,,TRUE,TRUE,SELL,,31285,SELL,,19175,,,,,,,"w=[0.55,0.45,0,0] thr=(+0.25,-0.05), deployed default (risk-accepted, PSR=0.0/perm p=0.150 at N=161, not rechecked at N=268)"
130,PepsiCo|2026|Q1,PepsiCo,PEP,2026,Q1,-0.0525,SELL,0.007748,20260812_183842,deepseek-chat,,2026-04-16,2026-04-15,154.85,2026-04-16,155.54,0.4456,FLAT,NO,-1,-0.005456,2026-04-16,pre_market,returns_matrix.csv,FALSE,,TRUE,TRUE,HOLD,,22924,HOLD,,13707,,,,,,,"w=[0.55,0.45,0,0] thr=(+0.25,-0.05), deployed default (risk-accepted, PSR=0.0/perm p=0.150 at N=161, not rechecked at N=268)"
131,PepsiCo|2023|Q2,PepsiCo,PEP,2023,Q2,0.5,BUY,0.008501,20260812_183842,deepseek-chat,,2023-07-13,2023-07-12,183.17,2023-07-13,185.8,1.4358,FLAT,NO,1,0.013358,2023-07-13,pre_market,returns_matrix.csv,FALSE,,TRUE,TRUE,BUY,,25475,BUY,,15521,,,,,,,"w=[0.55,0.45,0,0] thr=(+0.25,-0.05), deployed default (risk-accepted, PSR=0.0/perm p=0.150 at N=161, not rechecked at N=268)"
132,PepsiCo|2024|Q2,PepsiCo,PEP,2024,Q2,-0.5,SELL,0.008235,20260812_183842,deepseek-chat,,2024-07-11,2024-07-10,163.59,2024-07-11,159.1,-2.7447,DOWN,YES,-1,0.026447,2024-07-11,pre_market,returns_matrix.csv,FALSE,,TRUE,TRUE,SELL,,26086,SELL,,14994,,,,,,,"w=[0.55,0.45,0,0] thr=(+0.25,-0.05), deployed default (risk-accepted, PSR=0.0/perm p=0.150 at N=161, not rechecked at N=268)"
133,PepsiCo|2025|Q2,PepsiCo,PEP,2025,Q2,0.155,HOLD,0.009569,20260812_183842,deepseek-chat,,2025-07-17,2025-07-16,135.35,2025-07-17,141.7,4.6915,UP,NO,0,0.0,2025-07-17,pre_market,returns_matrix.csv,FALSE,,TRUE,TRUE,HOLD,,28749,HOLD,,17088,,,,,,,"w=[0.55,0.45,0,0] thr=(+0.25,-0.05), deployed default (risk-accepted, PSR=0.0/perm p=0.150 at N=161, not rechecked at N=268)"
134,PepsiCo|2026|Q2,PepsiCo,PEP,2026,Q2,-0.2175,SELL,0.009419,20260812_183842,deepseek-chat,,2026-07-09,2026-07-08,142.51,2026-07-09,137.09,-3.8032,DOWN,YES,-1,0.037032,2026-07-09,pre_market,returns_matrix.csv,FALSE,,TRUE,TRUE,HOLD,,27599,HOLD,,17021,HOLD,,7209,SELL,,14219,"w=[0.55,0.45,0,0] thr=(+0.25,-0.05), deployed default (risk-accepted, PSR=0.0/perm p=0.150 at N=161, not rechecked at N=268)"
135,PepsiCo|2023|Q3,PepsiCo,PEP,2023,Q3,0.5,BUY,0.008289,20260812_183842,deepseek-chat,,2023-10-10,2023-10-09,161.36,2023-10-10,164.25,1.791,FLAT,NO,1,0.01691,2023-10-10,pre_market,returns_matrix.csv,FALSE,,TRUE,TRUE,BUY,,24682,BUY,,15883,,,,,,,"w=[0.55,0.45,0,0] thr=(+0.25,-0.05), deployed default (risk-accepted, PSR=0.0/perm p=0.150 at N=161, not rechecked at N=268)"
136,PepsiCo|2024|Q3,PepsiCo,PEP,2024,Q3,-0.5,SELL,0.007718,20260812_183842,deepseek-chat,,2024-10-08,2024-10-07,167.21,2024-10-08,167.72,0.305,FLAT,NO,-1,-0.00405,2024-10-08,pre_market,returns_matrix.csv,FALSE,,TRUE,TRUE,SELL,,25078,SELL,,14970,,,,,,,"w=[0.55,0.45,0,0] thr=(+0.25,-0.05), deployed default (risk-accepted, PSR=0.0/perm p=0.150 at N=161, not rechecked at N=268)"
137,PepsiCo|2025|Q3,PepsiCo,PEP,2025,Q3,0.245,HOLD,0.010285,20260812_183842,deepseek-chat,,2025-10-09,2025-10-08,138.84,2025-10-09,140.46,1.1668,FLAT,YES,0,0.0,2025-10-09,pre_market,returns_matrix.csv,FALSE,,TRUE,TRUE,HOLD,,29715,HOLD,,17487,,,,,,,"w=[0.55,0.45,0,0] thr=(+0.25,-0.05), deployed default (risk-accepted, PSR=0.0/perm p=0.150 at N=161, not rechecked at N=268)"
138,PepsiCo|2023|Q4,PepsiCo,PEP,2023,Q4,-0.5,SELL,0.009763,20260812_183842,deepseek-chat,,2024-02-09,2024-02-08,173.85,2024-02-09,171.2,-1.5243,FLAT,NO,-1,0.014243,2024-02-09,pre_market,returns_matrix.csv,FALSE,,TRUE,TRUE,SELL,,29611,HOLD,,19808,,,,,,,"w=[0.55,0.45,0,0] thr=(+0.25,-0.05), deployed default (risk-accepted, PSR=0.0/perm p=0.150 at N=161, not rechecked at N=268)"
139,PepsiCo|2024|Q4,PepsiCo,PEP,2024,Q4,-0.1,SELL,0.009321,20260812_183842,deepseek-chat,,2025-02-04,2025-02-03,150.27,2025-02-04,146.1,-2.775,DOWN,YES,-1,0.02675,2025-02-04,pre_market,returns_matrix.csv,FALSE,,TRUE,TRUE,SELL,,26962,HOLD,,17786,,,,,,,"w=[0.55,0.45,0,0] thr=(+0.25,-0.05), deployed default (risk-accepted, PSR=0.0/perm p=0.150 at N=161, not rechecked at N=268)"
140,PepsiCo|2025|Q4,PepsiCo,PEP,2025,Q4,0.195,HOLD,0.010094,20260812_183842,deepseek-chat,,2026-02-03,2026-02-02,155.2,2026-02-03,156.6,0.9021,FLAT,YES,0,0.0,2026-02-03,pre_market,returns_matrix.csv,FALSE,,TRUE,TRUE,HOLD,,29825,HOLD,,18532,,,,,,,"w=[0.55,0.45,0,0] thr=(+0.25,-0.05), deployed default (risk-accepted, PSR=0.0/perm p=0.150 at N=161, not rechecked at N=268)"
141,FedEx|2026|Q1,FedEx,FDX,2026,Q1,-0.055,SELL,0.007635,20260812_183842,deepseek-chat,,2025-09-18,2025-09-18,182.5141,2025-09-19,183.96,0.7947,FLAT,NO,-1,-0.008947,2025-09-18,after_hours,returns_matrix.csv,FALSE,,TRUE,TRUE,SELL,,23240,HOLD,,12141,HOLD,,10638,SELL,,12313,"w=[0.55,0.45,0,0] thr=(+0.25,-0.05), deployed default (risk-accepted, PSR=0.0/perm p=0.150 at N=161, not rechecked at N=268)"
142,FedEx|2026|Q2,FedEx,FDX,2026,Q2,0.2375,HOLD,0.008439,20260812_183842,deepseek-chat,,2025-12-18,2025-12-18,231.3618,2025-12-19,219.23,-5.2452,DOWN,NO,0,0.0,2025-12-18,after_hours,returns_matrix.csv,FALSE,,TRUE,TRUE,BUY,,25540,BUY,,13051,BUY,,11296,SELL,,12353,"w=[0.55,0.45,0,0] thr=(+0.25,-0.05), deployed default (risk-accepted, PSR=0.0/perm p=0.150 at N=161, not rechecked at N=268)"
143,FedEx|2026|Q3,FedEx,FDX,2026,Q3,0.2575,BUY,0.008489,20260812_183842,deepseek-chat,,2026-03-19,2026-03-19,286.9541,2026-03-20,306.87,6.9389,UP,YES,1,0.068389,2026-03-19,after_hours,returns_matrix.csv,FALSE,,TRUE,TRUE,BUY,,24829,BUY,,13268,BUY,,11750,HOLD,,11683,"w=[0.55,0.45,0,0] thr=(+0.25,-0.05), deployed default (risk-accepted, PSR=0.0/perm p=0.150 at N=161, not rechecked at N=268)"
144,FedEx|2026|Q4,FedEx,FDX,2026,Q4,0.0575,HOLD,0.009436,20260812_183842,deepseek-chat,,2026-06-23,2026-06-23,317.24,2026-06-24,314.77,-0.7786,FLAT,YES,0,0.0,2026-06-23,after_hours,returns_matrix.csv,FALSE,,TRUE,TRUE,BUY,,26814,BUY,,16203,BUY,,11366,BUY,,11208,"w=[0.55,0.45,0,0] thr=(+0.25,-0.05), deployed default (risk-accepted, PSR=0.0/perm p=0.150 at N=161, not rechecked at N=268)"
145,Lockheed Martin|2025|Q1,Lockheed Martin,LMT,2025,Q1,-0.0525,SELL,0.008798,20260812_183842,deepseek-chat,,2025-04-22,2025-04-21,458.33,2025-04-22,458.05,-0.0611,FLAT,NO,-1,-0.000389,2025-04-22,pre_market,returns_matrix.csv,FALSE,,FALSE,FALSE,,,,,,,,,,,,,"w=[0.55,0.45,0,0] thr=(+0.25,-0.05), deployed default (risk-accepted, PSR=0.0/perm p=0.150 at N=161, not rechecked at N=268)"
146,Lockheed Martin|2025|Q2,Lockheed Martin,LMT,2025,Q2,-0.23,SELL,0.010601,20260812_183842,deepseek-chat,,2025-07-22,2025-07-21,460.53,2025-07-22,422.75,-8.2036,DOWN,YES,-1,0.081036,2025-07-22,pre_market,returns_matrix.csv,FALSE,,FALSE,FALSE,,,,,,,,,,,,,"w=[0.55,0.45,0,0] thr=(+0.25,-0.05), deployed default (risk-accepted, PSR=0.0/perm p=0.150 at N=161, not rechecked at N=268)"
147,Lockheed Martin|2025|Q3,Lockheed Martin,LMT,2025,Q3,0.4375,BUY,0.009089,20260812_183842,deepseek-chat,,2025-10-21,2025-10-20,505.9,2025-10-21,482.71,-4.5839,DOWN,NO,1,-0.046839,2025-10-21,pre_market,returns_matrix.csv,FALSE,,FALSE,FALSE,,,,,,,,,,,,,"w=[0.55,0.45,0,0] thr=(+0.25,-0.05), deployed default (risk-accepted, PSR=0.0/perm p=0.150 at N=161, not rechecked at N=268)"
148,Lockheed Martin|2025|Q4,Lockheed Martin,LMT,2025,Q4,0.415,BUY,0.009295,20260812_183842,deepseek-chat,,2026-01-29,2026-01-28,597.27,2026-01-29,609.24,2.0041,UP,YES,1,0.019041,2026-01-29,pre_market,returns_matrix.csv,FALSE,,FALSE,FALSE,,,,,,,,,,,,,"w=[0.55,0.45,0,0] thr=(+0.25,-0.05), deployed default (risk-accepted, PSR=0.0/perm p=0.150 at N=161, not rechecked at N=268)"
149,Novo Nordisk|2025|Q1,Novo Nordisk,NVO,2025,Q1,-0.41,SELL,0.01434,20260812_183842,deepseek-chat,,2025-05-07,2025-05-06,66.29,2025-05-07,69.35,4.6161,UP,NO,-1,-0.047161,2025-05-07,pre_market,returns_matrix.csv,FALSE,,TRUE,TRUE,SELL,,48498,SELL,,34487,SELL,,12164,SELL,,14048,"w=[0.55,0.45,0,0] thr=(+0.25,-0.05), deployed default (risk-accepted, PSR=0.0/perm p=0.150 at N=161, not rechecked at N=268)"
150,Novo Nordisk|2025|Q2,Novo Nordisk,NVO,2025,Q2,-0.23,SELL,0.016154,20260812_183842,deepseek-chat,,2025-08-06,2025-08-05,47.22,2025-08-06,45.97,-2.6472,DOWN,YES,-1,0.025472,2025-08-06,pre_market,returns_matrix.csv,FALSE,,TRUE,TRUE,SELL,,54402,SELL,,40143,SELL,,10924,SELL,,14250,"w=[0.55,0.45,0,0] thr=(+0.25,-0.05), deployed default (risk-accepted, PSR=0.0/perm p=0.150 at N=161, not rechecked at N=268)"
151,Novo Nordisk|2025|Q3,Novo Nordisk,NVO,2025,Q3,-0.14,SELL,0.016243,20260812_183842,deepseek-chat,,2025-11-05,2025-11-04,48.25,2025-11-05,46.98,-2.6321,DOWN,YES,-1,0.025321,2025-11-05,pre_market,returns_matrix.csv,FALSE,,TRUE,TRUE,SELL,,55035,SELL,,38924,SELL,,11928,SELL,,15783,"w=[0.55,0.45,0,0] thr=(+0.25,-0.05), deployed default (risk-accepted, PSR=0.0/perm p=0.150 at N=161, not rechecked at N=268)"
152,Novo Nordisk|2025|Q4,Novo Nordisk,NVO,2025,Q4,-0.1625,SELL,0.026719,20260812_183842,deepseek-chat,,2026-02-03,2026-02-02,58.93,2026-02-03,58.35,-0.9842,FLAT,NO,-1,0.008842,2026-02-03,pre_market,returns_matrix.csv,FALSE,,TRUE,TRUE,SELL,,94425,SELL,,44401,SELL,,11523,SELL,,14750,"w=[0.55,0.45,0,0] thr=(+0.25,-0.05), deployed default (risk-accepted, PSR=0.0/perm p=0.150 at N=161, not rechecked at N=268)"
153,Hilton|2025|Q1,Hilton,HLT,2025,Q1,-0.41,SELL,0.0,20260812_183842,deepseek-chat,,2025-04-29,2025-04-28,221.6,2025-04-29,224.6,1.3538,FLAT,NO,-1,-0.014538,2025-04-29,pre_market,returns_matrix.csv,FALSE,,TRUE,TRUE,SELL,,29487,HOLD,,16730,,,,,,,"w=[0.55,0.45,0,0] thr=(+0.25,-0.05), deployed default (risk-accepted, PSR=0.0/perm p=0.150 at N=161, not rechecked at N=268) | Token Cost unavailable: predates cost_log tracking, not backfillable"
154,Hilton|2026|Q1,Hilton,HLT,2026,Q1,0.14,HOLD,0.009619,20260812_183842,deepseek-chat,,2026-04-28,2026-04-27,332.45,2026-04-28,323.42,-2.7162,DOWN,NO,0,0.0,2026-04-28,pre_market,returns_matrix.csv,FALSE,,TRUE,TRUE,BUY,,28103,BUY,,16060,HOLD,,9636,BUY,,12873,"w=[0.55,0.45,0,0] thr=(+0.25,-0.05), deployed default (risk-accepted, PSR=0.0/perm p=0.150 at N=161, not rechecked at N=268)"
155,Hilton|2025|Q2,Hilton,HLT,2025,Q2,0.1275,HOLD,0.0,20260812_183842,deepseek-chat,,2025-07-23,2025-07-22,273.84,2025-07-23,264.9,-3.2647,DOWN,NO,0,0.0,2025-07-23,pre_market,returns_matrix.csv,FALSE,,TRUE,TRUE,HOLD,,31321,HOLD,,17114,HOLD,,9647,HOLD,,14337,"w=[0.55,0.45,0,0] thr=(+0.25,-0.05), deployed default (risk-accepted, PSR=0.0/perm p=0.150 at N=161, not rechecked at N=268) | Token Cost unavailable: predates cost_log tracking, not backfillable"
156,Hilton|2024|Q3,Hilton,HLT,2024,Q3,0.2,HOLD,0.009795,20260812_183842,deepseek-chat,,2024-10-23,2024-10-22,238.13,2024-10-23,237.5,-0.2646,FLAT,YES,0,0.0,2024-10-23,pre_market,returns_matrix.csv,FALSE,,TRUE,TRUE,HOLD,,29162,HOLD,,18317,,,,,,,"w=[0.55,0.45,0,0] thr=(+0.25,-0.05), deployed default (risk-accepted, PSR=0.0/perm p=0.150 at N=161, not rechecked at N=268)"
157,Hilton|2025|Q4,Hilton,HLT,2025,Q4,0.2775,BUY,0.0099,20260812_183842,deepseek-chat,,2026-02-11,2026-02-10,323.7,2026-02-11,321.76,-0.5993,FLAT,NO,1,-0.006993,2026-02-11,pre_market,returns_matrix.csv,FALSE,,TRUE,TRUE,BUY,,30695,BUY,,17375,HOLD,,9552,BUY,,14835,"w=[0.55,0.45,0,0] thr=(+0.25,-0.05), deployed default (risk-accepted, PSR=0.0/perm p=0.150 at N=161, not rechecked at N=268)"
158,LVMH|2025|Q2,LVMH,MC.PA,2025,Q2,-0.0375,HOLD,0.005054,20260812_183842,deepseek-chat,,2025-07-24,2025-07-24,470.25,2025-07-25,464.95,-1.1271,FLAT,YES,0,0.0,2025-07-24,after_hours,returns_matrix.csv,FALSE,,TRUE,TRUE,SELL,,12389,SELL,,12292,,,,,,,"w=[0.55,0.45,0,0] thr=(+0.25,-0.05), deployed default (risk-accepted, PSR=0.0/perm p=0.150 at N=161, not rechecked at N=268)"
159,LVMH|2025|Q4,LVMH,MC.PA,2025,Q4,0.1125,HOLD,0.006732,20260812_183842,deepseek-chat,,2026-01-27,2026-01-27,589.3,2026-01-28,556.0,-5.6508,DOWN,NO,0,0.0,2026-01-27,after_hours,returns_matrix.csv,FALSE,,TRUE,TRUE,SELL,,18299,HOLD,,14244,,,,,,,"w=[0.55,0.45,0,0] thr=(+0.25,-0.05), deployed default (risk-accepted, PSR=0.0/perm p=0.150 at N=161, not rechecked at N=268)"
160,Marriott|2026|Q1,Marriott,MAR,2026,Q1,0.1675,HOLD,0.011384,20260812_183842,deepseek-chat,,2026-05-06,2026-05-05,354.52,2026-05-06,363.87,2.6374,UP,NO,0,0.0,2026-05-06,pre_market,returns_matrix.csv,FALSE,,TRUE,TRUE,BUY,,29209,HOLD,,18159,BUY,,10116,BUY,,10505,"w=[0.55,0.45,0,0] thr=(+0.25,-0.05), deployed default (risk-accepted, PSR=0.0/perm p=0.150 at N=161, not rechecked at N=268)"
161,Marriott|2025|Q2,Marriott,MAR,2025,Q2,-0.12,SELL,0.010498,20260812_183842,deepseek-chat,,2025-08-05,2025-08-04,259.13,2025-08-05,259.31,0.0695,FLAT,NO,-1,-0.001695,2025-08-05,pre_market,returns_matrix.csv,FALSE,,TRUE,TRUE,SELL,,30233,HOLD,,20763,SELL,,9347,HOLD,,12279,"w=[0.55,0.45,0,0] thr=(+0.25,-0.05), deployed default (risk-accepted, PSR=0.0/perm p=0.150 at N=161, not rechecked at N=268)"
162,Marriott|2025|Q3,Marriott,MAR,2025,Q3,0.245,HOLD,0.009782,20260812_183842,deepseek-chat,,2025-11-04,2025-11-03,263.89,2025-11-04,264.4,0.1933,FLAT,YES,0,0.0,2025-11-04,pre_market,returns_matrix.csv,FALSE,,TRUE,TRUE,HOLD,,29801,HOLD,,20574,HOLD,,9733,HOLD,,11918,"w=[0.55,0.45,0,0] thr=(+0.25,-0.05), deployed default (risk-accepted, PSR=0.0/perm p=0.150 at N=161, not rechecked at N=268)"
163,Marriott|2025|Q4,Marriott,MAR,2025,Q4,0.305,BUY,0.012218,20260812_183842,deepseek-chat,,2026-02-10,2026-02-09,331.21,2026-02-10,349.91,5.646,UP,YES,1,0.05546,2026-02-10,pre_market,returns_matrix.csv,FALSE,,TRUE,TRUE,BUY,,36314,HOLD,,23193,BUY,,11516,BUY,,11976,"w=[0.55,0.45,0,0] thr=(+0.25,-0.05), deployed default (risk-accepted, PSR=0.0/perm p=0.150 at N=161, not rechecked at N=268)"
164,Allianz|2025|Q1,Allianz,ALV.DE,2025,Q1,-0.025,HOLD,0.010085,20260812_183842,deepseek-chat,,2025-05-15,2025-05-15,348.2,2025-05-16,348.5,0.0862,FLAT,YES,0,0.0,2025-05-15,after_hours,returns_matrix.csv,TRUE,timing unresolved (non-US issuer),FALSE,FALSE,,,,,,,,,,,,,"w=[0.55,0.45,0,0] thr=(+0.25,-0.05), deployed default (risk-accepted, PSR=0.0/perm p=0.150 at N=161, not rechecked at N=268)"
165,Alphabet|2026|Q1,Alphabet,GOOGL,2026,Q1,0.1675,HOLD,0.008489,20260812_183842,deepseek-chat,,2026-04-29,2026-04-29,349.94,2026-04-30,374.07,6.8955,UP,NO,0,0.0,2026-04-29,after_hours,returns_matrix.csv,FALSE,,TRUE,TRUE,BUY,,25023,BUY,,9919,BUY,,12132,BUY,,10693,"w=[0.55,0.45,0,0] thr=(+0.25,-0.05), deployed default (risk-accepted, PSR=0.0/perm p=0.150 at N=161, not rechecked at N=268)"
166,Alphabet|2025|Q3,Alphabet,GOOGL,2025,Q3,0.3275,BUY,0.008614,20260812_183842,deepseek-chat,,2025-10-29,2025-10-29,274.57,2025-10-30,291.59,6.1988,UP,YES,1,0.060988,2025-10-29,after_hours,returns_matrix.csv,FALSE,,TRUE,TRUE,BUY,,25913,BUY,,11113,BUY,,12199,HOLD,,10442,"w=[0.55,0.45,0,0] thr=(+0.25,-0.05), deployed default (risk-accepted, PSR=0.0/perm p=0.150 at N=161, not rechecked at N=268)"
167,Alphabet|2025|Q4,Alphabet,GOOGL,2025,Q4,0.305,BUY,0.008459,20260812_183842,deepseek-chat,,2026-02-04,2026-02-04,333.04,2026-02-05,312.22,-6.2515,DOWN,NO,1,-0.063515,2026-02-04,after_hours,returns_matrix.csv,FALSE,,TRUE,TRUE,BUY,,26312,BUY,,10963,BUY,,12462,HOLD,,11244,"w=[0.55,0.45,0,0] thr=(+0.25,-0.05), deployed default (risk-accepted, PSR=0.0/perm p=0.150 at N=161, not rechecked at N=268)"
168,Booking Holdings|2025|Q2,Booking Holdings,BKNG,2025,Q2,0.21,HOLD,0.006053,20260812_183842,deepseek-chat,,2025-07-29,2025-07-29,223.6308,2025-07-30,219.6,-1.8024,FLAT,YES,0,0.0,2025-07-29,after_hours,returns_matrix.csv,FALSE,,TRUE,TRUE,BUY,,16193,HOLD,,12497,,,,,,,"w=[0.55,0.45,0,0] thr=(+0.25,-0.05), deployed default (risk-accepted, PSR=0.0/perm p=0.150 at N=161, not rechecked at N=268)"
169,Booking Holdings|2025|Q3,Booking Holdings,BKNG,2025,Q3,0.4375,BUY,0.009389,20260812_183842,deepseek-chat,,2025-10-28,2025-10-28,204.8228,2025-10-29,208.0,1.5514,FLAT,NO,1,0.014514,2025-10-28,after_hours,returns_matrix.csv,FALSE,,TRUE,TRUE,BUY,,27594,BUY,,13718,BUY,,11375,HOLD,,13221,"w=[0.55,0.45,0,0] thr=(+0.25,-0.05), deployed default (risk-accepted, PSR=0.0/perm p=0.150 at N=161, not rechecked at N=268)"
170,Booking Holdings|2025|Q4,Booking Holdings,BKNG,2025,Q4,0.12,HOLD,0.009997,20260812_183842,deepseek-chat,,2026-02-18,2026-02-18,170.7996,2026-02-19,163.55,-4.2417,DOWN,NO,0,0.0,2026-02-18,after_hours,returns_matrix.csv,FALSE,,TRUE,TRUE,BUY,,27308,HOLD,,14544,BUY,,13492,BUY,,11060,"w=[0.55,0.45,0,0] thr=(+0.25,-0.05), deployed default (risk-accepted, PSR=0.0/perm p=0.150 at N=161, not rechecked at N=268)"
171,Broadcom|2026|Q1,Broadcom,AVGO,2026,Q1,0.4225,BUY,0.009482,20260812_183842,deepseek-chat,,2026-03-04,2026-03-04,317.53,2026-03-05,330.18,3.9839,UP,YES,1,0.038839,2026-03-04,after_hours,returns_matrix.csv,FALSE,,TRUE,TRUE,BUY,,28271,BUY,,10664,BUY,,10413,BUY,,13345,"w=[0.55,0.45,0,0] thr=(+0.25,-0.05), deployed default (risk-accepted, PSR=0.0/perm p=0.150 at N=161, not rechecked at N=268)"
172,Broadcom|2025|Q3,Broadcom,AVGO,2025,Q3,0.3025,BUY,0.010265,20260812_183842,deepseek-chat,,2025-09-04,2025-09-04,306.1,2025-09-05,355.78,16.23,UP,YES,1,0.1613,2025-09-04,after_hours,returns_matrix.csv,FALSE,,TRUE,TRUE,BUY,,30962,BUY,,10890,,,,,,,"w=[0.55,0.45,0,0] thr=(+0.25,-0.05), deployed default (risk-accepted, PSR=0.0/perm p=0.150 at N=161, not rechecked at N=268)"
173,Broadcom|2025|Q4,Broadcom,AVGO,2025,Q4,0.3475,BUY,0.010147,20260812_183842,deepseek-chat,,2025-12-11,2025-12-11,406.37,2025-12-12,379.96,-6.499,DOWN,NO,1,-0.06599,2025-12-11,after_hours,returns_matrix.csv,FALSE,,TRUE,TRUE,BUY,,29809,BUY,,11880,BUY,,10690,BUY,,11588,"w=[0.55,0.45,0,0] thr=(+0.25,-0.05), deployed default (risk-accepted, PSR=0.0/perm p=0.150 at N=161, not rechecked at N=268)"
174,Caterpillar|2025|Q2,Caterpillar,CAT,2025,Q2,0.1825,HOLD,0.011489,20260812_183842,deepseek-chat,,2025-08-05,2025-08-04,433.7,2025-08-05,427.65,-1.395,FLAT,YES,0,0.0,2025-08-05,pre_market,returns_matrix.csv,FALSE,,TRUE,TRUE,HOLD,,34329,SELL,,18039,HOLD,,11702,HOLD,,10986,"w=[0.55,0.45,0,0] thr=(+0.25,-0.05), deployed default (risk-accepted, PSR=0.0/perm p=0.150 at N=161, not rechecked at N=268)"
175,Caterpillar|2025|Q3,Caterpillar,CAT,2025,Q3,0.3,BUY,0.011062,20260812_183842,deepseek-chat,,2025-10-29,2025-10-28,524.47,2025-10-29,558.18,6.4274,UP,YES,1,0.063274,2025-10-29,pre_market,returns_matrix.csv,FALSE,,TRUE,TRUE,BUY,,34974,HOLD,,18252,BUY,,11296,BUY,,10225,"w=[0.55,0.45,0,0] thr=(+0.25,-0.05), deployed default (risk-accepted, PSR=0.0/perm p=0.150 at N=161, not rechecked at N=268)"
176,Caterpillar|2025|Q4,Caterpillar,CAT,2025,Q4,0.2775,BUY,0.009695,20260812_183842,deepseek-chat,,2026-01-29,2026-01-28,643.28,2026-01-29,655.17,1.8483,FLAT,NO,1,0.017483,2026-01-29,pre_market,returns_matrix.csv,FALSE,,TRUE,TRUE,BUY,,27052,HOLD,,7568,BUY,,12702,BUY,,9154,"w=[0.55,0.45,0,0] thr=(+0.25,-0.05), deployed default (risk-accepted, PSR=0.0/perm p=0.150 at N=161, not rechecked at N=268)"
177,Chipotle|2025|Q1,Chipotle,CMG,2025,Q1,-0.3275,SELL,0.008163,20260812_183842,deepseek-chat,,2025-04-23,2025-04-23,48.76,2025-04-24,49.2,0.9024,FLAT,NO,-1,-0.010024,2025-04-23,after_hours,returns_matrix.csv,FALSE,,TRUE,TRUE,SELL,,25067,SELL,,10996,,,,,,,"w=[0.55,0.45,0,0] thr=(+0.25,-0.05), deployed default (risk-accepted, PSR=0.0/perm p=0.150 at N=161, not rechecked at N=268)"
178,Chipotle|2025|Q2,Chipotle,CMG,2025,Q2,-0.1475,SELL,0.008981,20260812_183842,deepseek-chat,,2025-07-23,2025-07-23,52.78,2025-07-24,46.2,-12.4668,DOWN,YES,-1,0.123668,2025-07-23,after_hours,returns_matrix.csv,FALSE,,TRUE,TRUE,SELL,,26063,SELL,,11154,,,,,,,"w=[0.55,0.45,0,0] thr=(+0.25,-0.05), deployed default (risk-accepted, PSR=0.0/perm p=0.150 at N=161, not rechecked at N=268)"
179,Chipotle|2025|Q3,Chipotle,CMG,2025,Q3,-0.14,SELL,0.006659,20260812_183842,deepseek-chat,,2025-10-29,2025-10-29,39.76,2025-10-30,31.27,-21.3531,DOWN,YES,-1,0.212531,2025-10-29,after_hours,returns_matrix.csv,FALSE,,TRUE,TRUE,SELL,,18851,SELL,,11311,,,,,,,"w=[0.55,0.45,0,0] thr=(+0.25,-0.05), deployed default (risk-accepted, PSR=0.0/perm p=0.150 at N=161, not rechecked at N=268)"
180,Chipotle|2025|Q4,Chipotle,CMG,2025,Q4,0.0025,HOLD,0.009308,20260812_183842,deepseek-chat,,2026-02-03,2026-02-03,39.17,2026-02-04,37.72,-3.7018,DOWN,NO,0,0.0,2026-02-03,after_hours,returns_matrix.csv,FALSE,,TRUE,TRUE,HOLD,,25085,SELL,,13723,,,,,,,"w=[0.55,0.45,0,0] thr=(+0.25,-0.05), deployed default (risk-accepted, PSR=0.0/perm p=0.150 at N=161, not rechecked at N=268)"
181,Comcast Corporation|2025|Q1,Comcast Corporation,CMCSA,2025,Q1,-0.245,SELL,0.010085,20260812_183842,deepseek-chat,,2025-04-24,2025-04-23,32.3055,2025-04-24,29.97,-7.2237,DOWN,YES,-1,0.071237,2025-04-24,pre_market,returns_matrix.csv,FALSE,,TRUE,TRUE,SELL,,27805,HOLD,,12830,HOLD,,9690,SELL,,11873,"w=[0.55,0.45,0,0] thr=(+0.25,-0.05), deployed default (risk-accepted, PSR=0.0/perm p=0.150 at N=161, not rechecked at N=268)"
182,Comcast Corporation|2026|Q1,Comcast Corporation,CMCSA,2026,Q1,0.0025,HOLD,0.010047,20260812_183842,deepseek-chat,,2026-04-23,2026-04-22,29.37,2026-04-23,30.5,3.8475,UP,NO,0,0.0,2026-04-23,pre_market,returns_matrix.csv,FALSE,,TRUE,TRUE,HOLD,,29389,HOLD,,14566,HOLD,,10303,HOLD,,11132,"w=[0.55,0.45,0,0] thr=(+0.25,-0.05), deployed default (risk-accepted, PSR=0.0/perm p=0.150 at N=161, not rechecked at N=268)"
183,Comcast Corporation|2025|Q2,Comcast Corporation,CMCSA,2025,Q2,0.1,HOLD,0.010375,20260812_183842,deepseek-chat,,2025-07-31,2025-07-30,30.4592,2025-07-31,31.86,4.5846,UP,NO,0,0.0,2025-07-31,pre_market,returns_matrix.csv,FALSE,,TRUE,TRUE,HOLD,,30847,HOLD,,14520,HOLD,,9642,HOLD,,12804,"w=[0.55,0.45,0,0] thr=(+0.25,-0.05), deployed default (risk-accepted, PSR=0.0/perm p=0.150 at N=161, not rechecked at N=268)"
184,Comcast Corporation|2025|Q4,Comcast Corporation,CMCSA,2025,Q4,-0.0525,SELL,0.010751,20260812_183842,deepseek-chat,,2026-01-29,2026-01-28,28.41,2026-01-29,27.63,-2.7455,DOWN,YES,-1,0.026455,2026-01-29,pre_market,returns_matrix.csv,FALSE,,TRUE,TRUE,SELL,,30405,HOLD,,14797,SELL,,12205,HOLD,,10907,"w=[0.55,0.45,0,0] thr=(+0.25,-0.05), deployed default (risk-accepted, PSR=0.0/perm p=0.150 at N=161, not rechecked at N=268)"
185,Dell|2025|Q1,Dell,DELL,2025,Q1,-0.06,SELL,0.008055,20260812_183842,deepseek-chat,,2025-05-29,2025-05-29,113.63,2025-05-30,112.48,-1.0121,FLAT,NO,-1,0.009121,2025-05-29,after_hours,returns_matrix.csv,FALSE,,TRUE,TRUE,BUY,,22603,BUY,,11766,BUY,,9126,BUY,,12603,"w=[0.55,0.45,0,0] thr=(+0.25,-0.05), deployed default (risk-accepted, PSR=0.0/perm p=0.150 at N=161, not rechecked at N=268)"
186,Dell|2025|Q3,Dell,DELL,2025,Q3,0.3475,BUY,0.008812,20260812_183842,deepseek-chat,,2025-11-25,2025-11-25,125.92,2025-11-26,133.58,6.0832,UP,YES,1,0.059832,2025-11-25,after_hours,returns_matrix.csv,FALSE,,TRUE,TRUE,BUY,,23022,BUY,,13547,BUY,,8499,BUY,,12597,"w=[0.55,0.45,0,0] thr=(+0.25,-0.05), deployed default (risk-accepted, PSR=0.0/perm p=0.150 at N=161, not rechecked at N=268)"
187,Dell|2025|Q4,Dell,DELL,2025,Q4,0.2575,BUY,0.009397,20260812_183842,deepseek-chat,,2026-02-26,2026-02-26,121.45,2026-02-27,137.37,13.1083,UP,YES,1,0.130083,2026-02-26,after_hours,returns_matrix.csv,FALSE,,TRUE,TRUE,BUY,,25594,BUY,,13605,BUY,,10013,BUY,,14341,"w=[0.55,0.45,0,0] thr=(+0.25,-0.05), deployed default (risk-accepted, PSR=0.0/perm p=0.150 at N=161, not rechecked at N=268)"
188,Delta Air Lines|2025|Q1,Delta Air Lines,DAL,2025,Q1,-0.41,SELL,0.012117,20260812_183842,deepseek-chat,,2025-04-09,2025-04-08,35.88,2025-04-09,36.91,2.8707,UP,NO,-1,-0.029707,2025-04-09,pre_market,returns_matrix.csv,FALSE,,TRUE,TRUE,SELL,,39698,SELL,,14790,SELL,,8620,SELL,,16902,"w=[0.55,0.45,0,0] thr=(+0.25,-0.05), deployed default (risk-accepted, PSR=0.0/perm p=0.150 at N=161, not rechecked at N=268)"
189,Delta Air Lines|2025|Q2,Delta Air Lines,DAL,2025,Q2,0.1825,HOLD,0.013468,20260812_183842,deepseek-chat,,2025-07-10,2025-07-09,50.7,2025-07-10,56.2,10.8481,UP,NO,0,0.0,2025-07-10,pre_market,returns_matrix.csv,FALSE,,TRUE,TRUE,HOLD,,42776,BUY,,15700,HOLD,,9807,HOLD,,16252,"w=[0.55,0.45,0,0] thr=(+0.25,-0.05), deployed default (risk-accepted, PSR=0.0/perm p=0.150 at N=161, not rechecked at N=268)"
190,Delta Air Lines|2025|Q3,Delta Air Lines,DAL,2025,Q3,0.3275,BUY,0.01336,20260812_183842,deepseek-chat,,2025-10-09,2025-10-08,57.12,2025-10-09,61.9,8.3684,UP,YES,1,0.082684,2025-10-09,pre_market,returns_matrix.csv,FALSE,,TRUE,TRUE,BUY,,43632,BUY,,15229,BUY,,8969,BUY,,18618,"w=[0.55,0.45,0,0] thr=(+0.25,-0.05), deployed default (risk-accepted, PSR=0.0/perm p=0.150 at N=161, not rechecked at N=268)"
191,Delta Air Lines|2025|Q4,Delta Air Lines,DAL,2025,Q4,0.415,BUY,0.015639,20260812_183842,deepseek-chat,,2026-01-13,2026-01-12,71.03,2026-01-13,68.1,-4.125,DOWN,NO,1,-0.04225,2026-01-13,pre_market,returns_matrix.csv,FALSE,,TRUE,TRUE,BUY,,49144,BUY,,17688,BUY,,10824,BUY,,18768,"w=[0.55,0.45,0,0] thr=(+0.25,-0.05), deployed default (risk-accepted, PSR=0.0/perm p=0.150 at N=161, not rechecked at N=268)"
192,Expedia|2025|Q1,Expedia,EXPE,2025,Q1,-0.41,SELL,0.010105,20260812_183842,deepseek-chat,,2025-05-08,2025-05-08,168.99,2025-05-09,152.59,-9.7047,DOWN,YES,-1,0.096047,2025-05-08,after_hours,returns_matrix.csv,FALSE,,TRUE,TRUE,SELL,,32954,HOLD,,14717,SELL,,9331,SELL,,11504,"w=[0.55,0.45,0,0] thr=(+0.25,-0.05), deployed default (risk-accepted, PSR=0.0/perm p=0.150 at N=161, not rechecked at N=268)"
193,Expedia|2026|Q1,Expedia,EXPE,2026,Q1,0.0025,HOLD,0.010421,20260812_183842,deepseek-chat,,2026-05-07,2026-05-07,252.79,2026-05-08,232.51,-8.0225,DOWN,NO,0,0.0,2026-05-07,after_hours,returns_matrix.csv,FALSE,,TRUE,TRUE,HOLD,,30402,HOLD,,13891,,,,,,,"w=[0.55,0.45,0,0] thr=(+0.25,-0.05), deployed default (risk-accepted, PSR=0.0/perm p=0.150 at N=161, not rechecked at N=268)"
194,Expedia|2025|Q2,Expedia,EXPE,2025,Q2,0.2925,BUY,0.010357,20260812_183842,deepseek-chat,,2025-08-07,2025-08-07,187.61,2025-08-08,211.6,12.7872,UP,YES,1,0.126872,2025-08-07,after_hours,returns_matrix.csv,FALSE,,TRUE,TRUE,BUY,,34036,BUY,,15715,,,,,,,"w=[0.55,0.45,0,0] thr=(+0.25,-0.05), deployed default (risk-accepted, PSR=0.0/perm p=0.150 at N=161, not rechecked at N=268)"
195,Expedia|2025|Q4,Expedia,EXPE,2025,Q4,0.2775,BUY,0.011038,20260812_183842,deepseek-chat,,2026-02-12,2026-02-12,227.24,2026-02-13,212.0,-6.7066,DOWN,NO,1,-0.068066,2026-02-12,after_hours,returns_matrix.csv,FALSE,,TRUE,TRUE,BUY,,31902,BUY,,16636,,,,,,,"w=[0.55,0.45,0,0] thr=(+0.25,-0.05), deployed default (risk-accepted, PSR=0.0/perm p=0.150 at N=161, not rechecked at N=268)"
196,General Mills|2026|Q2,General Mills,GIS,2026,Q2,0.1,HOLD,0.010246,20260812_183842,deepseek-chat,,2025-12-17,2025-12-16,47.02,2025-12-17,48.0,2.0842,UP,NO,0,0.0,2025-12-17,pre_market,returns_matrix.csv,FALSE,,TRUE,TRUE,HOLD,,30858,SELL,,18944,HOLD,,6223,HOLD,,12597,"w=[0.55,0.45,0,0] thr=(+0.25,-0.05), deployed default (risk-accepted, PSR=0.0/perm p=0.150 at N=161, not rechecked at N=268)"
197,General Mills|2026|Q3,General Mills,GIS,2026,Q3,-0.21,SELL,0.009954,20260812_183842,deepseek-chat,,2026-03-18,2026-03-17,38.74,2026-03-18,38.65,-0.2323,FLAT,NO,-1,0.001323,2026-03-18,pre_market,returns_matrix.csv,FALSE,,TRUE,TRUE,SELL,,32277,SELL,,20574,,,,,,,"w=[0.55,0.45,0,0] thr=(+0.25,-0.05), deployed default (risk-accepted, PSR=0.0/perm p=0.150 at N=161, not rechecked at N=268)"
198,General Mills|2026|Q4,General Mills,GIS,2026,Q4,-0.3,SELL,0.009718,20260812_183842,deepseek-chat,,2026-07-01,2026-06-30,34.8,2026-07-01,37.72,8.3908,UP,NO,-1,-0.084908,2026-07-01,pre_market,returns_matrix.csv,FALSE,,TRUE,TRUE,SELL,,28652,SELL,,23024,,,,,,,"w=[0.55,0.45,0,0] thr=(+0.25,-0.05), deployed default (risk-accepted, PSR=0.0/perm p=0.150 at N=161, not rechecked at N=268)"
199,Johnson & Johnson|2025|Q1,Johnson & Johnson,JNJ,2025,Q1,0.0025,HOLD,0.011317,20260812_183842,deepseek-chat,,2025-04-15,2025-04-14,154.36,2025-04-15,155.7,0.8681,FLAT,YES,0,0.0,2025-04-15,pre_market,returns_matrix.csv,FALSE,,TRUE,TRUE,HOLD,,33310,HOLD,,8753,HOLD,,12663,HOLD,,12361,"w=[0.55,0.45,0,0] thr=(+0.25,-0.05), deployed default (risk-accepted, PSR=0.0/perm p=0.150 at N=161, not rechecked at N=268)"
200,Johnson & Johnson|2025|Q2,Johnson & Johnson,JNJ,2025,Q2,0.3475,BUY,0.011801,20260812_183842,deepseek-chat,,2025-07-16,2025-07-15,155.17,2025-07-16,160.3,3.3061,UP,YES,1,0.032061,2025-07-16,pre_market,returns_matrix.csv,FALSE,,TRUE,TRUE,BUY,,30934,BUY,,9733,BUY,,12314,BUY,,12488,"w=[0.55,0.45,0,0] thr=(+0.25,-0.05), deployed default (risk-accepted, PSR=0.0/perm p=0.150 at N=161, not rechecked at N=268)"
201,Johnson & Johnson|2025|Q3,Johnson & Johnson,JNJ,2025,Q3,0.4375,BUY,0.011862,20260812_183842,deepseek-chat,,2025-10-14,2025-10-13,190.9,2025-10-14,192.92,1.0581,FLAT,NO,1,0.009581,2025-10-14,pre_market,returns_matrix.csv,FALSE,,TRUE,TRUE,BUY,,32971,BUY,,8618,BUY,,13473,BUY,,13696,"w=[0.55,0.45,0,0] thr=(+0.25,-0.05), deployed default (risk-accepted, PSR=0.0/perm p=0.150 at N=161, not rechecked at N=268)"
202,Kraft Heinz|2025|Q4,Kraft Heinz,KHC,2025,Q4,-0.08,SELL,0.0,,deepseek-chat,,2026-02-10,2026-02-09,24.9,2026-02-10,23.8,-4.4177,DOWN,YES,-1,0.043177,2026-02-10,pre_market,returns_matrix.csv,FALSE,,FALSE,FALSE,,,,,,,,,,,,,"w=[0.55,0.45,0,0] thr=(+0.25,-0.05), deployed default (risk-accepted, PSR=0.0/perm p=0.150 at N=161, not rechecked at N=268)"
203,Kraft Heinz|2026|Q1,Kraft Heinz,KHC,2026,Q1,-0.245,SELL,0.005625,20260812_183842,deepseek-chat,,2026-05-06,2026-05-05,22.54,2026-05-06,23.17,2.795,UP,NO,-1,-0.02895,2026-05-06,pre_market,returns_matrix.csv,FALSE,,TRUE,TRUE,SELL,,14043,HOLD,,12054,HOLD,,6148,HOLD,,4868,"w=[0.55,0.45,0,0] thr=(+0.25,-0.05), deployed default (risk-accepted, PSR=0.0/perm p=0.150 at N=161, not rechecked at N=268)"
204,Kraft Heinz|2024|Q4,Kraft Heinz,KHC,2024,Q4,-0.3,SELL,0.007239,20260812_183842,deepseek-chat,,2025-02-12,2025-02-11,29.58,2025-02-12,27.53,-6.9304,DOWN,YES,-1,0.068304,2025-02-12,pre_market,returns_matrix.csv,FALSE,,TRUE,TRUE,SELL,,17328,SELL,,16048,HOLD,,4803,HOLD,,5510,"w=[0.55,0.45,0,0] thr=(+0.25,-0.05), deployed default (risk-accepted, PSR=0.0/perm p=0.150 at N=161, not rechecked at N=268)"
205,Lenovo|2026|Q1,Lenovo,LNVGY,2026,Q1,0.1825,HOLD,0.004699,20260812_183842,deepseek-chat,,2025-08-14,2025-08-14,27.4,2025-08-15,28.75,4.927,UP,NO,0,0.0,2025-08-14,after_hours,returns_matrix.csv,TRUE,timing unresolved (non-US issuer),FALSE,FALSE,,,,,,,,,,,,,"w=[0.55,0.45,0,0] thr=(+0.25,-0.05), deployed default (risk-accepted, PSR=0.0/perm p=0.150 at N=161, not rechecked at N=268)"
206,Lenovo|2026|Q2,Lenovo,LNVGY,2026,Q2,0.25,HOLD,0.004326,20260812_183842,deepseek-chat,,2026-01-30,2026-01-30,22.61,2026-02-02,22.41,-0.8846,FLAT,YES,0,0.0,2026-01-30,after_hours,returns_matrix.csv,TRUE,timing unresolved (non-US issuer),FALSE,FALSE,,,,,,,,,,,,,"w=[0.55,0.45,0,0] thr=(+0.25,-0.05), deployed default (risk-accepted, PSR=0.0/perm p=0.150 at N=161, not rechecked at N=268) | report_date ambiguous (multiple candidate trading days), unreviewed - see phase2/report_dates.json"
207,Lenovo|2026|Q3,Lenovo,LNVGY,2026,Q3,0.2775,BUY,0.005085,20260812_183842,deepseek-chat,,2026-02-12,2026-02-12,22.96,2026-02-13,23.55,2.5697,UP,YES,1,0.024697,2026-02-12,after_hours,returns_matrix.csv,TRUE,timing unresolved (non-US issuer),FALSE,FALSE,,,,,,,,,,,,,"w=[0.55,0.45,0,0] thr=(+0.25,-0.05), deployed default (risk-accepted, PSR=0.0/perm p=0.150 at N=161, not rechecked at N=268)"
208,Lenovo|2026|Q4,Lenovo,LNVGY,2026,Q4,0.03,HOLD,0.005505,20260812_183842,deepseek-chat,,2026-05-22,2026-05-22,40.17,2026-05-25,47.01,17.0276,UP,NO,0,0.0,2026-05-22,after_hours,returns_matrix.csv,TRUE,timing unresolved (non-US issuer),FALSE,FALSE,,,,,,,,,,,,,"w=[0.55,0.45,0,0] thr=(+0.25,-0.05), deployed default (risk-accepted, PSR=0.0/perm p=0.150 at N=161, not rechecked at N=268)"
209,Linde|2026|Q1,Linde,LIN,2026,Q1,-0.08,SELL,0.004843,20260812_183842,deepseek-chat,,2026-05-01,2026-04-30,501.14,2026-05-01,503.36,0.443,FLAT,NO,-1,-0.00543,2026-05-01,pre_market,returns_matrix.csv,FALSE,,TRUE,TRUE,HOLD,,28479,HOLD,,12178,HOLD,,7802,HOLD,,14658,"w=[0.55,0.45,0,0] thr=(+0.25,-0.05), deployed default (risk-accepted, PSR=0.0/perm p=0.150 at N=161, not rechecked at N=268)"
210,Linde|2025|Q2,Linde,LIN,2025,Q2,-0.23,SELL,0.008157,20260812_183842,deepseek-chat,,2025-08-01,2025-07-31,460.26,2025-08-01,458.33,-0.4193,FLAT,NO,-1,0.003193,2025-08-01,pre_market,returns_matrix.csv,FALSE,,TRUE,TRUE,HOLD,,21813,HOLD,,7674,SELL,,7539,SELL,,13864,"w=[0.55,0.45,0,0] thr=(+0.25,-0.05), deployed default (risk-accepted, PSR=0.0/perm p=0.150 at N=161, not rechecked at N=268)"
211,Linde|2025|Q3,Linde,LIN,2025,Q3,0.08,HOLD,0.00815,20260812_183842,deepseek-chat,,2025-10-31,2025-10-30,429.91,2025-10-31,425.0,-1.1421,FLAT,YES,0,0.0,2025-10-31,pre_market,returns_matrix.csv,FALSE,,TRUE,TRUE,HOLD,,22445,HOLD,,6798,SELL,,7588,HOLD,,15803,"w=[0.55,0.45,0,0] thr=(+0.25,-0.05), deployed default (risk-accepted, PSR=0.0/perm p=0.150 at N=161, not rechecked at N=268)"
212,Metlife|2026|Q1,Metlife,MET,2026,Q1,0.0025,HOLD,0.012708,20260812_183842,deepseek-chat,,2026-05-06,2026-05-06,80.16,2026-05-07,80.56,0.499,FLAT,YES,0,0.0,2026-05-06,after_hours,returns_matrix.csv,FALSE,,TRUE,TRUE,BUY,,38279,HOLD,,18038,,,,,,,"w=[0.55,0.45,0,0] thr=(+0.25,-0.05), deployed default (risk-accepted, PSR=0.0/perm p=0.150 at N=161, not rechecked at N=268)"
213,Metlife|2024|Q2,Metlife,MET,2024,Q2,0.15,HOLD,0.010685,20260812_183842,deepseek-chat,,2024-07-31,2024-07-31,76.85,2024-08-01,78.61,2.2902,UP,NO,0,0.0,2024-07-31,after_hours,returns_matrix.csv,FALSE,,TRUE,TRUE,HOLD,,31680,HOLD,,17576,,,,,,,"w=[0.55,0.45,0,0] thr=(+0.25,-0.05), deployed default (risk-accepted, PSR=0.0/perm p=0.150 at N=161, not rechecked at N=268)"
214,Metlife|2025|Q2,Metlife,MET,2025,Q2,-0.065,SELL,0.014171,20260812_183842,deepseek-chat,,2025-08-06,2025-08-06,75.95,2025-08-07,72.1,-5.0691,DOWN,YES,-1,0.049691,2025-08-06,after_hours,returns_matrix.csv,FALSE,,TRUE,TRUE,SELL,,45648,SELL,,17480,HOLD,,10624,HOLD,,15295,"w=[0.55,0.45,0,0] thr=(+0.25,-0.05), deployed default (risk-accepted, PSR=0.0/perm p=0.150 at N=161, not rechecked at N=268)"
215,Metlife|2024|Q3,Metlife,MET,2024,Q3,-0.1,SELL,0.010601,20260812_183842,deepseek-chat,,2024-10-30,2024-10-30,83.18,2024-10-31,76.57,-7.9466,DOWN,YES,-1,0.078466,2024-10-30,after_hours,returns_matrix.csv,FALSE,,TRUE,TRUE,SELL,,31665,HOLD,,17547,,,,,,,"w=[0.55,0.45,0,0] thr=(+0.25,-0.05), deployed default (risk-accepted, PSR=0.0/perm p=0.150 at N=161, not rechecked at N=268)"
216,Metlife|2025|Q3,Metlife,MET,2025,Q3,0.2725,BUY,0.010544,20260812_183842,deepseek-chat,,2025-11-05,2025-11-05,78.68,2025-11-06,79.5,1.0422,FLAT,NO,1,0.009422,2025-11-05,after_hours,returns_matrix.csv,FALSE,,TRUE,TRUE,HOLD,,32773,HOLD,,18302,,,,,,,"w=[0.55,0.45,0,0] thr=(+0.25,-0.05), deployed default (risk-accepted, PSR=0.0/perm p=0.150 at N=161, not rechecked at N=268)"
217,Metlife|2025|Q4,Metlife,MET,2025,Q4,0.2775,BUY,0.013737,20260812_183842,deepseek-chat,,2026-02-04,2026-02-04,78.01,2026-02-05,79.5,1.91,FLAT,NO,1,0.0181,2026-02-04,after_hours,returns_matrix.csv,FALSE,,TRUE,TRUE,BUY,,42929,HOLD,,21236,,,,,,,"w=[0.55,0.45,0,0] thr=(+0.25,-0.05), deployed default (risk-accepted, PSR=0.0/perm p=0.150 at N=161, not rechecked at N=268)"
218,Micron|2026|Q1,Micron,MU,2026,Q1,0.5125,BUY,0.008451,20260812_183842,deepseek-chat,,2025-12-17,2025-12-17,225.52,2025-12-18,256.53,13.7504,UP,YES,1,0.136504,2025-12-17,after_hours,returns_matrix.csv,FALSE,,TRUE,TRUE,BUY,,24942,BUY,,8545,BUY,,10749,BUY,,11208,"w=[0.55,0.45,0,0] thr=(+0.25,-0.05), deployed default (risk-accepted, PSR=0.0/perm p=0.150 at N=161, not rechecked at N=268)"
219,Micron|2026|Q2,Micron,MU,2026,Q2,0.4225,BUY,0.008695,20260812_183842,deepseek-chat,,2026-03-18,2026-03-18,461.73,2026-03-19,424.97,-7.9614,DOWN,NO,1,-0.080614,2026-03-18,after_hours,returns_matrix.csv,FALSE,,TRUE,TRUE,BUY,,26242,BUY,,8926,BUY,,10404,BUY,,9605,"w=[0.55,0.45,0,0] thr=(+0.25,-0.05), deployed default (risk-accepted, PSR=0.0/perm p=0.150 at N=161, not rechecked at N=268)"
220,Micron|2025|Q4,Micron,MU,2025,Q4,0.3025,BUY,0.009238,20260812_183842,deepseek-chat,,2025-09-23,2025-09-23,166.41,2025-09-24,165.08,-0.7992,FLAT,NO,1,-0.008992,2025-09-23,after_hours,returns_matrix.csv,FALSE,,TRUE,TRUE,BUY,,28420,BUY,,10061,BUY,,10358,BUY,,9760,"w=[0.55,0.45,0,0] thr=(+0.25,-0.05), deployed default (risk-accepted, PSR=0.0/perm p=0.150 at N=161, not rechecked at N=268)"
221,Oracle|2026|Q1,Oracle,ORCL,2026,Q1,0.4675,BUY,0.00784,20260812_183842,deepseek-chat,,2025-09-09,2025-09-09,241.51,2025-09-10,319.19,32.1643,UP,YES,1,0.320643,2025-09-09,after_hours,returns_matrix.csv,FALSE,,TRUE,TRUE,BUY,,20947,BUY,,12064,BUY,,8406,BUY,,10453,"w=[0.55,0.45,0,0] thr=(+0.25,-0.05), deployed default (risk-accepted, PSR=0.0/perm p=0.150 at N=161, not rechecked at N=268)"
222,Oracle|2026|Q2,Oracle,ORCL,2026,Q2,0.3475,BUY,0.008305,20260812_183842,deepseek-chat,,2025-12-10,2025-12-10,223.01,2025-12-11,190.62,-14.524,DOWN,NO,1,-0.14624,2025-12-10,after_hours,returns_matrix.csv,FALSE,,TRUE,TRUE,BUY,,25377,BUY,,14847,BUY,,10077,HOLD,,9525,"w=[0.55,0.45,0,0] thr=(+0.25,-0.05), deployed default (risk-accepted, PSR=0.0/perm p=0.150 at N=161, not rechecked at N=268)"
223,Oracle|2026|Q3,Oracle,ORCL,2026,Q3,0.2575,BUY,0.00859,20260812_183842,deepseek-chat,,2026-03-10,2026-03-10,149.4,2026-03-11,166.38,11.3655,UP,YES,1,0.112655,2026-03-10,after_hours,returns_matrix.csv,FALSE,,TRUE,TRUE,BUY,,25494,BUY,,15157,,,,,,,"w=[0.55,0.45,0,0] thr=(+0.25,-0.05), deployed default (risk-accepted, PSR=0.0/perm p=0.150 at N=161, not rechecked at N=268)"
224,Palantir|2025|Q1,Palantir,PLTR,2025,Q1,0.1675,HOLD,0.006664,20260812_183842,deepseek-chat,,2025-05-05,2025-05-05,123.77,2025-05-06,112.71,-8.9359,DOWN,NO,0,0.0,2025-05-05,after_hours,returns_matrix.csv,FALSE,,TRUE,TRUE,BUY,,18231,BUY,,10731,,,,,,,"w=[0.55,0.45,0,0] thr=(+0.25,-0.05), deployed default (risk-accepted, PSR=0.0/perm p=0.150 at N=161, not rechecked at N=268)"
225,Palantir|2025|Q2,Palantir,PLTR,2025,Q2,0.5125,BUY,0.007465,20260812_183842,deepseek-chat,,2025-08-04,2025-08-04,160.66,2025-08-05,171.81,6.9401,UP,YES,1,0.068401,2025-08-04,after_hours,returns_matrix.csv,FALSE,,TRUE,TRUE,BUY,,19849,BUY,,10888,,,,,,,"w=[0.55,0.45,0,0] thr=(+0.25,-0.05), deployed default (risk-accepted, PSR=0.0/perm p=0.150 at N=161, not rechecked at N=268)"
226,Palantir|2025|Q3,Palantir,PLTR,2025,Q3,0.6025,BUY,0.006968,20260812_183842,deepseek-chat,,2025-11-03,2025-11-03,207.18,2025-11-04,192.07,-7.2932,DOWN,NO,1,-0.073932,2025-11-03,after_hours,returns_matrix.csv,FALSE,,TRUE,TRUE,BUY,,19023,BUY,,10701,,,,,,,"w=[0.55,0.45,0,0] thr=(+0.25,-0.05), deployed default (risk-accepted, PSR=0.0/perm p=0.150 at N=161, not rechecked at N=268)"
227,Palantir|2025|Q4,Palantir,PLTR,2025,Q4,0.415,BUY,0.007557,20260812_183842,deepseek-chat,,2026-02-02,2026-02-02,147.76,2026-02-03,165.05,11.7014,UP,YES,1,0.116014,2026-02-02,after_hours,returns_matrix.csv,FALSE,,TRUE,TRUE,BUY,,19216,BUY,,11626,,,,,,,"w=[0.55,0.45,0,0] thr=(+0.25,-0.05), deployed default (risk-accepted, PSR=0.0/perm p=0.150 at N=161, not rechecked at N=268)"
228,PayPal|2025|Q1,PayPal,PYPL,2025,Q1,-0.0525,SELL,0.012516,20260812_183842,deepseek-chat,,2025-04-29,2025-04-28,64.93,2025-04-29,66.37,2.2178,UP,NO,-1,-0.023178,2025-04-29,pre_market,returns_matrix.csv,FALSE,,TRUE,TRUE,HOLD,,40319,HOLD,,13381,HOLD,,11628,HOLD,,13040,"w=[0.55,0.45,0,0] thr=(+0.25,-0.05), deployed default (risk-accepted, PSR=0.0/perm p=0.150 at N=161, not rechecked at N=268)"
229,PayPal|2026|Q1,PayPal,PYPL,2026,Q1,-0.19,SELL,0.011983,20260812_183842,deepseek-chat,,2026-05-05,2026-05-04,50.39,2026-05-05,45.37,-9.9623,DOWN,YES,-1,0.098623,2026-05-05,pre_market,returns_matrix.csv,FALSE,,TRUE,TRUE,SELL,,38147,HOLD,,12823,SELL,,11700,HOLD,,11826,"w=[0.55,0.45,0,0] thr=(+0.25,-0.05), deployed default (risk-accepted, PSR=0.0/perm p=0.150 at N=161, not rechecked at N=268)"
230,PayPal|2025|Q2,PayPal,PYPL,2025,Q2,0.2925,BUY,0.013427,20260812_183842,deepseek-chat,,2025-07-29,2025-07-28,78.22,2025-07-29,71.73,-8.2971,DOWN,NO,1,-0.083971,2025-07-29,pre_market,returns_matrix.csv,FALSE,,TRUE,TRUE,BUY,,41200,BUY,,13290,BUY,,13195,HOLD,,11824,"w=[0.55,0.45,0,0] thr=(+0.25,-0.05), deployed default (risk-accepted, PSR=0.0/perm p=0.150 at N=161, not rechecked at N=268)"
231,PayPal|2025|Q3,PayPal,PYPL,2025,Q3,0.4375,BUY,0.013747,20260812_183842,deepseek-chat,,2025-10-28,2025-10-27,70.25,2025-10-28,76.21,8.484,UP,YES,1,0.08384,2025-10-28,pre_market,returns_matrix.csv,FALSE,,TRUE,TRUE,BUY,,42476,BUY,,13601,BUY,,12428,SELL,,12605,"w=[0.55,0.45,0,0] thr=(+0.25,-0.05), deployed default (risk-accepted, PSR=0.0/perm p=0.150 at N=161, not rechecked at N=268)"
232,Pinterest|2026|Q1,Pinterest,PINS,2026,Q1,-0.0525,SELL,0.009878,20260812_183842,deepseek-chat,,2026-05-04,2026-05-04,20.85,2026-05-05,24.71,18.5132,UP,NO,-1,-0.186132,2026-05-04,after_hours,returns_matrix.csv,FALSE,,TRUE,TRUE,HOLD,,30568,HOLD,,10730,HOLD,,10434,HOLD,,12902,"w=[0.55,0.45,0,0] thr=(+0.25,-0.05), deployed default (risk-accepted, PSR=0.0/perm p=0.150 at N=161, not rechecked at N=268)"
233,Pinterest|2024|Q4,Pinterest,PINS,2024,Q4,0.25,HOLD,0.009931,20260812_183842,deepseek-chat,,2025-02-06,2025-02-06,33.59,2025-02-07,40.89,21.7327,UP,NO,0,0.0,2025-02-06,after_hours,returns_matrix.csv,FALSE,,TRUE,TRUE,BUY,,28318,BUY,,13588,,,,,,,"w=[0.55,0.45,0,0] thr=(+0.25,-0.05), deployed default (risk-accepted, PSR=0.0/perm p=0.150 at N=161, not rechecked at N=268)"
234,Pinterest|2025|Q4,Pinterest,PINS,2025,Q4,-0.1625,SELL,0.011474,20260812_183842,deepseek-chat,,2026-02-12,2026-02-12,18.54,2026-02-13,14.33,-22.7077,DOWN,YES,-1,0.226077,2026-02-12,after_hours,returns_matrix.csv,FALSE,,TRUE,TRUE,SELL,,32963,HOLD,,12100,SELL,,13234,SELL,,13526,"w=[0.55,0.45,0,0] thr=(+0.25,-0.05), deployed default (risk-accepted, PSR=0.0/perm p=0.150 at N=161, not rechecked at N=268)"
235,Puma|2025|Q1,Puma,PUM.DE,2025,Q1,-0.3,SELL,0.004983,20260812_183842,deepseek-chat,,2025-05-07,2025-05-06,23.67,2025-05-07,24.0,1.3942,FLAT,NO,-1,-0.014942,2025-05-07,pre_market,returns_matrix.csv,FALSE,,TRUE,TRUE,SELL,,12353,SELL,,8818,,,,,,,"w=[0.55,0.45,0,0] thr=(+0.25,-0.05), deployed default (risk-accepted, PSR=0.0/perm p=0.150 at N=161, not rechecked at N=268)"
236,Puma|2026|Q1,Puma,PUM.DE,2026,Q1,-0.19,SELL,0.009698,20260812_183842,deepseek-chat,,2026-04-30,2026-04-29,24.68,2026-04-30,24.94,1.0535,FLAT,NO,-1,-0.011535,2026-04-30,pre_market,returns_matrix.csv,FALSE,,TRUE,TRUE,HOLD,,25042,HOLD,,10657,,,,,,,"w=[0.55,0.45,0,0] thr=(+0.25,-0.05), deployed default (risk-accepted, PSR=0.0/perm p=0.150 at N=161, not rechecked at N=268) | report_date ambiguous (multiple candidate trading days), unreviewed - see phase2/report_dates.json"
237,Puma|2025|Q3,Puma,PUM.DE,2025,Q3,-0.3325,SELL,0.007597,20260812_183842,deepseek-chat,,2025-10-30,2025-10-29,20.6,2025-10-30,21.01,1.9903,FLAT,NO,-1,-0.020903,2025-10-30,pre_market,returns_matrix.csv,FALSE,,TRUE,TRUE,SELL,,19048,SELL,,12620,,,,,,,"w=[0.55,0.45,0,0] thr=(+0.25,-0.05), deployed default (risk-accepted, PSR=0.0/perm p=0.150 at N=161, not rechecked at N=268)"
238,Puma|2025|Q4,Puma,PUM.DE,2025,Q4,-0.32,SELL,0.009605,20260812_183842,deepseek-chat,,2026-02-26,2026-02-25,22.61,2026-02-26,22.61,0.0,FLAT,NO,-1,-0.001,2026-02-26,pre_market,returns_matrix.csv,FALSE,,TRUE,TRUE,SELL,,26550,SELL,,13808,,,,,,,"w=[0.55,0.45,0,0] thr=(+0.25,-0.05), deployed default (risk-accepted, PSR=0.0/perm p=0.150 at N=161, not rechecked at N=268)"
239,Robinhood Markets|2025|Q1,Robinhood Markets,HOOD,2025,Q1,0.0575,HOLD,0.013967,20260812_183842,deepseek-chat,,2025-04-30,2025-04-30,49.11,2025-05-01,51.12,4.103,UP,NO,0,0.0,2025-04-30,after_hours,returns_matrix.csv,FALSE,,TRUE,TRUE,BUY,,45463,BUY,,12716,BUY,,7450,BUY,,13775,"w=[0.55,0.45,0,0] thr=(+0.25,-0.05), deployed default (risk-accepted, PSR=0.0/perm p=0.150 at N=161, not rechecked at N=268)"
240,Robinhood Markets|2026|Q1,Robinhood Markets,HOOD,2026,Q1,0.0025,HOLD,0.0069,20260812_183842,deepseek-chat,,2026-04-28,2026-04-28,82.07,2026-04-29,72.3,-11.9045,DOWN,NO,0,0.0,2026-04-28,after_hours,returns_matrix.csv,FALSE,,TRUE,TRUE,HOLD,,63220,HOLD,,13912,,,,,,,"w=[0.55,0.45,0,0] thr=(+0.25,-0.05), deployed default (risk-accepted, PSR=0.0/perm p=0.150 at N=161, not rechecked at N=268)"
241,Robinhood Markets|2025|Q2,Robinhood Markets,HOOD,2025,Q2,0.21,HOLD,0.014585,20260812_183842,deepseek-chat,,2025-07-30,2025-07-30,106.1,2025-07-31,103.87,-2.1065,DOWN,NO,0,0.0,2025-07-30,after_hours,returns_matrix.csv,FALSE,,TRUE,TRUE,BUY,,48915,BUY,,13789,BUY,,7546,BUY,,15455,"w=[0.55,0.45,0,0] thr=(+0.25,-0.05), deployed default (risk-accepted, PSR=0.0/perm p=0.150 at N=161, not rechecked at N=268)"
242,Robinhood Markets|2025|Q3,Robinhood Markets,HOOD,2025,Q3,0.4375,BUY,0.015666,20260812_183842,deepseek-chat,,2025-11-05,2025-11-05,142.48,2025-11-06,140.0,-1.7406,FLAT,NO,1,-0.018406,2025-11-05,after_hours,returns_matrix.csv,FALSE,,TRUE,TRUE,BUY,,49839,BUY,,13966,BUY,,8052,HOLD,,15377,"w=[0.55,0.45,0,0] thr=(+0.25,-0.05), deployed default (risk-accepted, PSR=0.0/perm p=0.150 at N=161, not rechecked at N=268)"
243,Salesforce|2026|Q2,Salesforce,CRM,2026,Q2,0.3025,BUY,0.011748,20260812_183842,deepseek-chat,,2025-09-03,2025-09-03,256.45,2025-09-04,240.06,-6.3911,DOWN,NO,1,-0.064911,2025-09-03,after_hours,returns_matrix.csv,FALSE,,TRUE,TRUE,BUY,,35791,BUY,,15761,BUY,,11727,BUY,,15560,"w=[0.55,0.45,0,0] thr=(+0.25,-0.05), deployed default (risk-accepted, PSR=0.0/perm p=0.150 at N=161, not rechecked at N=268)"
244,Salesforce|2026|Q3,Salesforce,CRM,2026,Q3,0.3475,BUY,0.011457,20260812_183842,deepseek-chat,,2025-12-03,2025-12-03,238.72,2025-12-04,243.69,2.0819,UP,YES,1,0.019819,2025-12-03,after_hours,returns_matrix.csv,FALSE,,TRUE,TRUE,BUY,,34842,BUY,,14996,BUY,,13802,BUY,,11308,"w=[0.55,0.45,0,0] thr=(+0.25,-0.05), deployed default (risk-accepted, PSR=0.0/perm p=0.150 at N=161, not rechecked at N=268)"
245,Salesforce|2026|Q4,Salesforce,CRM,2026,Q4,0.1475,HOLD,0.012282,20260812_183842,deepseek-chat,,2026-02-25,2026-02-25,191.75,2026-02-26,196.76,2.6128,UP,NO,0,0.0,2026-02-25,after_hours,returns_matrix.csv,FALSE,,TRUE,TRUE,BUY,,37844,BUY,,16452,BUY,,16051,BUY,,11510,"w=[0.55,0.45,0,0] thr=(+0.25,-0.05), deployed default (risk-accepted, PSR=0.0/perm p=0.150 at N=161, not rechecked at N=268)"
246,Siemens|2026|Q1,Siemens,SIE.DE,2026,Q1,0.415,BUY,0.006761,20260812_183842,deepseek-chat,,2026-02-12,2026-02-11,256.25,2026-02-12,271.6,5.9902,UP,YES,1,0.058902,2026-02-12,pre_market,returns_matrix.csv,FALSE,,TRUE,TRUE,BUY,,17373,BUY,,12411,,,,,,,"w=[0.55,0.45,0,0] thr=(+0.25,-0.05), deployed default (risk-accepted, PSR=0.0/perm p=0.150 at N=161, not rechecked at N=268)"
247,Siemens|2026|Q2,Siemens,SIE.DE,2026,Q2,0.03,HOLD,0.007953,20260812_183842,deepseek-chat,,2026-05-13,2026-05-12,264.6,2026-05-13,267.15,0.9637,FLAT,YES,0,0.0,2026-05-13,pre_market,returns_matrix.csv,FALSE,,TRUE,TRUE,BUY,,20812,BUY,,15174,,,,,,,"w=[0.55,0.45,0,0] thr=(+0.25,-0.05), deployed default (risk-accepted, PSR=0.0/perm p=0.150 at N=161, not rechecked at N=268)"
248,Siemens|2025|Q4,Siemens,SIE.DE,2025,Q4,0.2725,BUY,0.007282,20260812_183842,deepseek-chat,,2025-11-13,2025-11-12,250.4,2025-11-13,243.55,-2.7356,DOWN,NO,1,-0.028356,2025-11-13,pre_market,returns_matrix.csv,FALSE,,TRUE,TRUE,HOLD,,22400,HOLD,,14675,,,,,,,"w=[0.55,0.45,0,0] thr=(+0.25,-0.05), deployed default (risk-accepted, PSR=0.0/perm p=0.150 at N=161, not rechecked at N=268)"
249,Spotify|2026|Q1,Spotify,SPOT,2026,Q1,0.0025,HOLD,0.007554,20260812_183842,deepseek-chat,,2026-04-28,2026-04-27,495.82,2026-04-28,445.0,-10.2497,DOWN,NO,0,0.0,2026-04-28,pre_market,returns_matrix.csv,TRUE,SPOT misattribution,FALSE,FALSE,,,,,,,,,,,,,"w=[0.55,0.45,0,0] thr=(+0.25,-0.05), deployed default (risk-accepted, PSR=0.0/perm p=0.150 at N=161, not rechecked at N=268)"
250,Spotify|2025|Q2,Spotify,SPOT,2025,Q2,-0.0375,HOLD,0.010166,20260812_183842,deepseek-chat,,2025-07-29,2025-07-28,700.98,2025-07-29,657.53,-6.1985,DOWN,NO,0,0.0,2025-07-29,pre_market,returns_matrix.csv,FALSE,,TRUE,TRUE,HOLD,,29856,HOLD,,5064,,,,,,,"w=[0.55,0.45,0,0] thr=(+0.25,-0.05), deployed default (risk-accepted, PSR=0.0/perm p=0.150 at N=161, not rechecked at N=268)"
251,Spotify|2025|Q3,Spotify,SPOT,2025,Q3,0.3,BUY,0.010968,20260812_183842,deepseek-chat,,2025-11-04,2025-11-03,644.09,2025-11-04,625.18,-2.9359,DOWN,NO,1,-0.030359,2025-11-04,pre_market,returns_matrix.csv,FALSE,,TRUE,TRUE,BUY,,28964,HOLD,,5167,,,,,,,"w=[0.55,0.45,0,0] thr=(+0.25,-0.05), deployed default (risk-accepted, PSR=0.0/perm p=0.150 at N=161, not rechecked at N=268)"
252,Spotify|2025|Q4,Spotify,SPOT,2025,Q4,0.2775,BUY,0.01011,20260812_183842,deepseek-chat,,2026-02-10,2026-02-09,414.84,2026-02-10,462.78,11.5563,UP,YES,1,0.114563,2026-02-10,pre_market,returns_matrix.csv,FALSE,,TRUE,TRUE,BUY,,31858,HOLD,,6288,,,,,,,"w=[0.55,0.45,0,0] thr=(+0.25,-0.05), deployed default (risk-accepted, PSR=0.0/perm p=0.150 at N=161, not rechecked at N=268)"
253,Standard Chartered|2025|Q1,Standard Chartered,STAN.L,2025,Q1,-0.0525,SELL,0.014816,20260812_183842,deepseek-chat,,2025-05-02,2025-05-01,1097.0,2025-05-02,1130.0,3.0082,UP,NO,-1,-0.031082,2025-05-02,pre_market,returns_matrix.csv,FALSE,,TRUE,TRUE,HOLD,,45448,HOLD,,35775,,,,,,,"w=[0.55,0.45,0,0] thr=(+0.25,-0.05), deployed default (risk-accepted, PSR=0.0/perm p=0.150 at N=161, not rechecked at N=268)"
254,Standard Chartered|2025|Q2,Standard Chartered,STAN.L,2025,Q2,0.2375,HOLD,0.046005,20260812_183842,deepseek-chat,,2025-07-31,2025-07-30,1370.0,2025-07-31,1382.0,0.8759,FLAT,YES,0,0.0,2025-07-31,pre_market,returns_matrix.csv,FALSE,,TRUE,TRUE,BUY,,163956,BUY,,149151,,,,,,,"w=[0.55,0.45,0,0] thr=(+0.25,-0.05), deployed default (risk-accepted, PSR=0.0/perm p=0.150 at N=161, not rechecked at N=268)"
255,Standard Chartered|2025|Q3,Standard Chartered,STAN.L,2025,Q3,0.4375,BUY,0.015278,20260812_183842,deepseek-chat,,2025-10-30,2025-10-29,1516.0,2025-10-30,1545.0,1.9129,FLAT,NO,1,0.018129,2025-10-30,pre_market,returns_matrix.csv,FALSE,,TRUE,TRUE,BUY,,49882,BUY,,38377,,,,,,,"w=[0.55,0.45,0,0] thr=(+0.25,-0.05), deployed default (risk-accepted, PSR=0.0/perm p=0.150 at N=161, not rechecked at N=268)"
256,Standard Chartered|2025|Q4,Standard Chartered,STAN.L,2025,Q4,0.1475,HOLD,0.011402,20260812_183842,deepseek-chat,,2026-02-23,2026-02-20,1802.0,2026-02-23,1811.5,0.5272,FLAT,YES,0,0.0,2026-02-23,pre_market,returns_matrix.csv,FALSE,,FALSE,FALSE,,,,,,,,,,,,,"w=[0.55,0.45,0,0] thr=(+0.25,-0.05), deployed default (risk-accepted, PSR=0.0/perm p=0.150 at N=161, not rechecked at N=268)"
257,Starbucks|2026|Q1,Starbucks,SBUX,2026,Q1,0.25,HOLD,0.00523,20260812_183842,deepseek-chat,,2026-01-28,2026-01-28,95.16,2026-01-29,96.76,1.6814,FLAT,YES,0,0.0,2026-01-28,after_hours,returns_matrix.csv,FALSE,,TRUE,TRUE,HOLD,,14198,HOLD,,14526,,,,,,,"w=[0.55,0.45,0,0] thr=(+0.25,-0.05), deployed default (risk-accepted, PSR=0.0/perm p=0.150 at N=161, not rechecked at N=268)"
258,Starbucks|2025|Q3,Starbucks,SBUX,2025,Q3,-0.01,HOLD,0.008919,20260812_183842,deepseek-chat,,2025-07-29,2025-07-29,92.96,2025-07-30,97.83,5.2388,UP,NO,0,0.0,2025-07-29,after_hours,returns_matrix.csv,FALSE,,TRUE,TRUE,SELL,,25220,SELL,,15049,,,,,,,"w=[0.55,0.45,0,0] thr=(+0.25,-0.05), deployed default (risk-accepted, PSR=0.0/perm p=0.150 at N=161, not rechecked at N=268)"
259,Starbucks|2025|Q4,Starbucks,SBUX,2025,Q4,0.2725,BUY,0.010425,20260812_183842,deepseek-chat,,2025-10-29,2025-10-29,84.17,2025-10-30,82.23,-2.3049,DOWN,NO,1,-0.024049,2025-10-29,after_hours,returns_matrix.csv,FALSE,,TRUE,TRUE,HOLD,,30824,HOLD,,17370,HOLD,,11237,BUY,,12702,"w=[0.55,0.45,0,0] thr=(+0.25,-0.05), deployed default (risk-accepted, PSR=0.0/perm p=0.150 at N=161, not rechecked at N=268)"
260,UnitedHealth|2025|Q2,UnitedHealth,UNH,2025,Q2,-0.3675,SELL,0.013237,20260812_183842,deepseek-chat,,2025-07-29,2025-07-28,282.12,2025-07-29,265.7,-5.8202,DOWN,YES,-1,0.057202,2025-07-29,pre_market,returns_matrix.csv,FALSE,,TRUE,TRUE,SELL,,40185,SELL,,13646,,,,,,,"w=[0.55,0.45,0,0] thr=(+0.25,-0.05), deployed default (risk-accepted, PSR=0.0/perm p=0.150 at N=161, not rechecked at N=268)"
261,UnitedHealth|2025|Q3,UnitedHealth,UNH,2025,Q3,0.2725,BUY,0.010862,20260812_183842,deepseek-chat,,2025-10-28,2025-10-27,365.98,2025-10-28,380.68,4.0166,UP,YES,1,0.039166,2025-10-28,pre_market,returns_matrix.csv,FALSE,,TRUE,TRUE,BUY,,32241,BUY,,11176,SELL,,10728,SELL,,14975,"w=[0.55,0.45,0,0] thr=(+0.25,-0.05), deployed default (risk-accepted, PSR=0.0/perm p=0.150 at N=161, not rechecked at N=268)"
262,UnitedHealth|2025|Q4,UnitedHealth,UNH,2025,Q4,-0.0525,SELL,0.011878,20260812_183842,deepseek-chat,,2026-01-27,2026-01-26,351.64,2026-01-27,293.97,-16.4003,DOWN,YES,-1,0.163003,2026-01-27,pre_market,returns_matrix.csv,FALSE,,TRUE,TRUE,SELL,,35250,SELL,,17111,SELL,,12777,SELL,,12583,"w=[0.55,0.45,0,0] thr=(+0.25,-0.05), deployed default (risk-accepted, PSR=0.0/perm p=0.150 at N=161, not rechecked at N=268)"
263,Visa|2025|Q1,Visa,V,2025,Q1,-0.0525,SELL,0.009751,20260812_183842,deepseek-chat,,2025-04-29,2025-04-29,341.52,2025-04-30,334.44,-2.0731,DOWN,YES,-1,0.019731,2025-04-29,after_hours,returns_matrix.csv,FALSE,,TRUE,TRUE,HOLD,,31584,HOLD,,11279,HOLD,,11028,HOLD,,13060,"w=[0.55,0.45,0,0] thr=(+0.25,-0.05), deployed default (risk-accepted, PSR=0.0/perm p=0.150 at N=161, not rechecked at N=268)"
264,Visa|2026|Q1,Visa,V,2026,Q1,0.1675,HOLD,0.010891,20260812_183842,deepseek-chat,,2026-04-28,2026-04-28,309.3,2026-04-29,336.4,8.7617,UP,NO,0,0.0,2026-04-28,after_hours,returns_matrix.csv,FALSE,,TRUE,TRUE,BUY,,32764,HOLD,,11836,BUY,,12302,BUY,,12660,"w=[0.55,0.45,0,0] thr=(+0.25,-0.05), deployed default (risk-accepted, PSR=0.0/perm p=0.150 at N=161, not rechecked at N=268)"
265,Visa|2025|Q2,Visa,V,2025,Q2,0.1825,HOLD,0.004515,20260812_183842,deepseek-chat,,2025-07-29,2025-07-29,351.29,2025-07-30,351.7,0.1167,FLAT,YES,0,0.0,2025-07-29,after_hours,returns_matrix.csv,FALSE,,TRUE,TRUE,HOLD,,31581,HOLD,,11374,HOLD,,11122,HOLD,,14180,"w=[0.55,0.45,0,0] thr=(+0.25,-0.05), deployed default (risk-accepted, PSR=0.0/perm p=0.150 at N=161, not rechecked at N=268)"
266,Visa|2025|Q3,Visa,V,2025,Q3,0.3,BUY,0.011387,20260812_183842,deepseek-chat,,2025-10-28,2025-10-28,346.9,2025-10-29,346.0,-0.2594,FLAT,NO,1,-0.003594,2025-10-28,after_hours,returns_matrix.csv,FALSE,,TRUE,TRUE,BUY,,34343,HOLD,,13277,HOLD,,12634,BUY,,12253,"w=[0.55,0.45,0,0] thr=(+0.25,-0.05), deployed default (risk-accepted, PSR=0.0/perm p=0.150 at N=161, not rechecked at N=268) | report_date ambiguous (multiple candidate trading days), unreviewed - see phase2/report_dates.json"
267,Workday|2025|Q1,Workday,WDAY,2025,Q1,-0.025,HOLD,0.005443,20260812_183842,deepseek-chat,,2025-05-22,2025-05-22,272.07,2025-05-23,241.6,-11.1993,DOWN,NO,0,0.0,2025-05-22,after_hours,returns_matrix.csv,FALSE,,TRUE,TRUE,HOLD,,14990,HOLD,,11077,,,,,,,"w=[0.55,0.45,0,0] thr=(+0.25,-0.05), deployed default (risk-accepted, PSR=0.0/perm p=0.150 at N=161, not rechecked at N=268)"
268,Workday|2025|Q2,Workday,WDAY,2025,Q2,0.3025,BUY,0.025679,20260812_183842,deepseek-chat,,2025-08-21,2025-08-21,227.58,2025-08-22,213.88,-6.0199,DOWN,NO,1,-0.061199,2025-08-21,after_hours,returns_matrix.csv,FALSE,,TRUE,TRUE,BUY,,85564,BUY,,11825,,,,,,,"w=[0.55,0.45,0,0] thr=(+0.25,-0.05), deployed default (risk-accepted, PSR=0.0/perm p=0.150 at N=161, not rechecked at N=268)"
269,Workday|2025|Q3,Workday,WDAY,2025,Q3,0.21,HOLD,0.004464,20260812_183842,deepseek-chat,,2025-11-25,2025-11-25,233.69,2025-11-26,215.34,-7.8523,DOWN,NO,0,0.0,2025-11-25,after_hours,returns_matrix.csv,FALSE,,TRUE,TRUE,BUY,,29297,BUY,,11975,,,,,,,"w=[0.55,0.45,0,0] thr=(+0.25,-0.05), deployed default (risk-accepted, PSR=0.0/perm p=0.150 at N=161, not rechecked at N=268)"
270,Workday|2025|Q4,Workday,WDAY,2025,Q4,0.0375,HOLD,0.026431,20260812_183842,deepseek-chat,,2026-02-24,2026-02-24,130.23,2026-02-25,119.56,-8.1932,DOWN,NO,0,0.0,2026-02-24,after_hours,returns_matrix.csv,FALSE,,TRUE,TRUE,HOLD,,88307,HOLD,,13196,,,,,,,"w=[0.55,0.45,0,0] thr=(+0.25,-0.05), deployed default (risk-accepted, PSR=0.0/perm p=0.150 at N=161, not rechecked at N=268)"
