event_key,company,ticker,year,quarter,sector,phase,rater,document,section,information_set,human_decision,human_sentiment_score,llm_decision,decisions_agree,time_mins,pass_number,passes_recorded,first_reading_for_rater_event,pass1_minutes,pass2_minutes,pass1_score,in_llm_universe,first_rater_for_event,in_window,peeked,peeked_basis,ai_declared,expectation_written_before_reading,rater_record,document_date,document_date_basis,source_file,source_url,source_basis,source_publisher,source_licence_class,source_is_sec_periodic_filing,source_in_provenance_manifest,source_documents_cited,notes_risks_flagged,repricing_basis_class,repricing_basis_raw
Netflix|2026|Q1,Netflix,NFLX,2026,Q1,Communication Services,P2,Anna,All,All,full,BUY,0.5,SELL,0,38,,,1,,,,YES,YES,IN,no,assumed - no rater record,,,,2026-04-16,,Phase 2/Netflix/Netflix-Inc-_Earnings-Call_2026-04-16T00_00_00_English-1.pdf,,unique filename match,S&P Global Market Intelligence (Capital IQ),licensed vendor,no,no,1,,price_based,price signal — only this window shows an abnormal move
Netflix|2025|Q2,Netflix,NFLX,2025,Q2,Communication Services,P2,Anna,All,All,full,HOLD,0.2,HOLD,1,26,,,1,,,,YES,YES,IN,no,assumed - no rater record,,,,2025-07-17,,Phase 2/Netflix/2025-Q2/NFLX-2025-Q2-press-release-SEC-EX-99-1.htm,https://www.sec.gov/Archives/edgar/data/1065280/000106528025000322/ex991_q225.htm,manifest,not publisher-identified,not publisher-identified,no,yes,1,,price_based,price signal — only this window shows an abnormal move
Netflix|2025|Q3,Netflix,NFLX,2025,Q3,Communication Services,P2,Anna,All,All,full,HOLD,-0.2,HOLD,1,24,,,1,,,,YES,YES,IN,no,assumed - no rater record,,,,2025-10-21,,Phase 2/Netflix/2025-Q3/NFLX-2025-Q3-press-release-SEC-EX-99-1.htm,https://www.sec.gov/Archives/edgar/data/1065280/000106528025000404/ex991_q325.htm,manifest,not publisher-identified,not publisher-identified,no,yes,1,,fact_based,release date + stated time in the document (rater worksheet)
Netflix|2025|Q4,Netflix,NFLX,2025,Q4,Communication Services,P2,Anna,All,All,full,BUY,0.6,BUY,1,25,,,1,,,,YES,YES,IN,no,assumed - no rater record,,,,2026-01-20,,Phase 2/Netflix/2025-Q4/NFLX-2025-Q4-press-release-SEC-EX-99-1.htm,https://www.sec.gov/Archives/edgar/data/1065280/000106528026000033/ex991_q425.htm,manifest,not publisher-identified,not publisher-identified,no,yes,1,,fact_based,release date + stated time in the document (rater worksheet)
Netflix|2026|Q1,Netflix,NFLX,2026,Q1,Communication Services,P2,Meriem,All,All,full,BUY,0.6,SELL,0,35,,,1,,,,YES,NO,IN,no,assumed - no rater record,,,,2026-04-16,,Phase 2/Netflix/Netflix-Inc-_Earnings-Call_2026-04-16T00_00_00_English-1.pdf,,unique filename match,S&P Global Market Intelligence (Capital IQ),licensed vendor,no,no,1,,price_based,price signal — only this window shows an abnormal move
Netflix|2025|Q2,Netflix,NFLX,2025,Q2,Communication Services,P2,Meriem,All,All,full,BUY,0.7,HOLD,0,55,,,1,,,,YES,NO,IN,no,assumed - no rater record,,,,2025-07-17,,Phase 2/Netflix/2025-Q2/NFLX-2025-Q2-press-release-SEC-EX-99-1.htm,https://www.sec.gov/Archives/edgar/data/1065280/000106528025000322/ex991_q225.htm,manifest,not publisher-identified,not publisher-identified,no,yes,1, ,price_based,price signal — only this window shows an abnormal move
Netflix|2025|Q3,Netflix,NFLX,2025,Q3,Communication Services,P2,Meriem,All,All,full,SELL,-0.5,HOLD,0,38,,,1,,,,YES,NO,IN,no,assumed - no rater record,,,,2025-10-21,,Phase 2/Netflix/2025-Q3/NFLX-2025-Q3-press-release-SEC-EX-99-1.htm,https://www.sec.gov/Archives/edgar/data/1065280/000106528025000404/ex991_q325.htm,manifest,not publisher-identified,not publisher-identified,no,yes,1,,fact_based,release date + stated time in the document (rater worksheet)
Netflix|2025|Q4,Netflix,NFLX,2025,Q4,Communication Services,P2,Meriem,All,All,full,HOLD,0.2,BUY,0,40,,,1,,,,YES,NO,IN,no,assumed - no rater record,,,,2026-01-20,,Phase 2/Netflix/2025-Q4/NFLX-2025-Q4-press-release-SEC-EX-99-1.htm,https://www.sec.gov/Archives/edgar/data/1065280/000106528026000033/ex991_q425.htm,manifest,not publisher-identified,not publisher-identified,no,yes,1,,fact_based,release date + stated time in the document (rater worksheet)
Netflix|2025|Q1,Netflix,NFLX,2025,Q1,Communication Services,P2,Dragos,All,All,full,BUY,0.65,SELL,0,42,,,1,,,,YES,YES,IN,no,assumed - no rater record,,,,2025-04-17,,Phase 2/Netflix/2025-Q1/NFLX-2025-Q1-press-release-SEC-EX-99-1.htm,https://www.sec.gov/Archives/edgar/data/1065280/000106528025000175/ex991_q125.htm,manifest,not publisher-identified,not publisher-identified,no,yes,1,"CORRECTION: replaces my existing row currently mislabeled '2025 Q4' (it holds this Q1 data). Clean beat, margin expansion, guide tracking above midpoint; valuation full. Sealed 29 Jun, ±1% band (correct under my sealed band).",fact_based,release date + stated time in the document (rater worksheet)
Netflix|2025|Q2,Netflix,NFLX,2025,Q2,Communication Services,P2,Dragos,All,All,full,BUY,0.55,HOLD,0,38,,,1,,,,YES,NO,IN,no,attested - the note states the score was sealed,,,,2025-07-17,,Phase 2/Netflix/2025-Q2/NFLX-2025-Q2-press-release-SEC-EX-99-1.htm,https://www.sec.gov/Archives/edgar/data/1065280/000106528025000322/ex991_q225.htm,manifest,not publisher-identified,not publisher-identified,no,yes,1,Beat-and-raise but raise mostly FX; H2 margin step-down guided; stock priced for perfection. NOTE: my sealed next-day open is 124.20 (-2.53%); sheet's existing Q2 rows show 129.92 - flag to Anna/Ben.,price_based,price signal — only this window shows an abnormal move
Netflix|2025|Q3,Netflix,NFLX,2025,Q3,Communication Services,P2,Dragos,All,All,full,BUY,0.45,HOLD,0,55,,,1,,,,YES,NO,IN,no,assumed - no rater record,,,,2025-10-21,,Phase 2/Netflix/2025-Q3/NFLX-2025-Q3-press-release-SEC-EX-99-1.htm,https://www.sec.gov/Archives/edgar/data/1065280/000106528025000404/ex991_q325.htm,manifest,not publisher-identified,not publisher-identified,no,yes,1,"Headline EPS miss (Brazil CIDE tax charge), guidance vacuum until January, rich valuation - sold first, reasoned later.",fact_based,release date + stated time in the document (rater worksheet)
Netflix|2025|Q4,Netflix,NFLX,2025,Q4,Communication Services,P2,Dragos,All,All,full,BUY,0.6,BUY,1,45,,,1,,,,YES,NO,IN,no,assumed - no rater record,,,,2026-01-20,,Phase 2/Netflix/2025-Q4/NFLX-2025-Q4-press-release-SEC-EX-99-1.htm,https://www.sec.gov/Archives/edgar/data/1065280/000106528026000033/ex991_q425.htm,manifest,not publisher-identified,not publisher-identified,no,yes,1,"Clean beat + $51B 2026 guide, but growth decelerating 16%->14% and WBD deal overhang; I under-weighted the forward risk.",fact_based,release date + stated time in the document (rater worksheet)
Nvidia|2025|Q1,Nvidia,NVDA,2025,Q1,Information Technology,P2,Dragos,All,All,full,BUY,0.55,SELL,0,50,,,1,,,,YES,YES,IN,no,"assumed - blind unless stated otherwise; the note names the realised move (query E-a, settled 10 Aug 2026)",,,,2025-02-26,,Phase 2/Nvidia/Q2 2025/NVDA-Q1FY26-press-release-SEC-EX99-1.htm; Phase 2/Nvidia/Q2 2025/NVDA-Q1FY26-earnings-call-transcript-AlphaStreet.html; Phase 2/Nvidia/Q2 2025/NVDA-Q1FY26-CFO-commentary-SEC-EX99-2.htm; Phase 2/Nvidia/Q1 2025/NVDA-Q4FY25-press-release-SEC-EX99-1.htm; Phase 2/Nvidia/Q1 2025/NVDA-Q4FY25-earnings-call-transcript-MotleyFool.html; Phase 2/Nvidia/Q1 2025/NVDA-Q4FY25-CFO-commentary-SEC-EX99-2.htm,,whole bundle (Document = All),The Motley Fool,"free to read, copyright asserted",no,yes,6,"NVIDIA fiscal Q4 FY25, released 26 Feb 2025 (calendar label by release date). Beat on every line but margin-trough guide (71%), growth 262%->65%, tariffs unknown. Opened +2.8% then closed -8.5% - overnight window called it BUY.",fact_based,release date + stated time in the document (rater worksheet)
Nvidia|2025|Q2,Nvidia,NVDA,2025,Q2,Information Technology,P2,Dragos,All,All,full,BUY,0.35,HOLD,0,48,,,1,,,,YES,YES,IN,no,assumed - no rater record,,,,2025-05-28,,Phase 2/Nvidia/Q3 2025/NVDA-Q2FY26-press-release-SEC-EX99-1.htm; Phase 2/Nvidia/Q3 2025/NVDA-Q2FY26-earnings-call-transcript-AlphaStreet.html; Phase 2/Nvidia/Q3 2025/NVDA-Q2FY26-CFO-commentary-SEC-EX99-2.htm; Phase 2/Nvidia/Q2 2025/NVDA-Q1FY26-press-release-SEC-EX99-1.htm; Phase 2/Nvidia/Q2 2025/NVDA-Q1FY26-earnings-call-transcript-AlphaStreet.html; Phase 2/Nvidia/Q2 2025/NVDA-Q1FY26-CFO-commentary-SEC-EX99-2.htm,,whole bundle (Document = All),not publisher-identified,not publisher-identified,no,yes,6,"NVIDIA fiscal Q1 FY26, released 28 May 2025. Ugly headline (China/H20 charge) but underlying demand intact; market looked through it.",fact_based,release date + stated time in the document (rater worksheet)
Nvidia|2025|Q3,Nvidia,NVDA,2025,Q3,Information Technology,P2,Dragos,All,All,full,BUY,0.6,BUY,1,40,,,1,,,,YES,YES,IN,no,"assumed - blind unless stated otherwise; the note names the realised move (query E-a, settled 10 Aug 2026)",,,,2025-08-27,,Phase 2/Nvidia/Q4 2025/NVDA-Q3FY26-press-release-SEC-EX99-1.htm; Phase 2/Nvidia/Q4 2025/NVDA-Q3FY26-earnings-call-transcript-MotleyFool.html; Phase 2/Nvidia/Q4 2025/NVDA-Q3FY26-CFO-commentary-SEC-EX99-2.htm; Phase 2/Nvidia/Q3 2025/NVDA-Q2FY26-press-release-SEC-EX99-1.htm; Phase 2/Nvidia/Q3 2025/NVDA-Q2FY26-earnings-call-transcript-AlphaStreet.html; Phase 2/Nvidia/Q3 2025/NVDA-Q2FY26-CFO-commentary-SEC-EX99-2.htm,,whole bundle (Document = All),The Motley Fool,"free to read, copyright asserted",no,yes,6,"NVIDIA fiscal Q2 FY26, released 27 Aug 2025. Strong records but reaction flat (-0.43%) - correct call was HOLD.",fact_based,release date + stated time in the document (rater worksheet)
Nvidia|2025|Q4,Nvidia,NVDA,2025,Q4,Information Technology,P2,Dragos,All,All,full,BUY,0.75,BUY,1,44,,,1,,,,YES,YES,IN,no,assumed - no rater record,,,,2025-11-19,,Phase 2/Nvidia/Q4 2025/NVDA-Q3FY26-press-release-SEC-EX99-1.htm; Phase 2/Nvidia/Q4 2025/NVDA-Q3FY26-earnings-call-transcript-MotleyFool.html; Phase 2/Nvidia/Q4 2025/NVDA-Q3FY26-CFO-commentary-SEC-EX99-2.htm; Phase 2/Nvidia/Q1 2025/NVDA-Q4FY25-press-release-SEC-EX99-1.htm; Phase 2/Nvidia/Q1 2025/NVDA-Q4FY25-earnings-call-transcript-MotleyFool.html; Phase 2/Nvidia/Q1 2025/NVDA-Q4FY25-CFO-commentary-SEC-EX99-2.htm,,whole bundle (Document = All),The Motley Fool,"free to read, copyright asserted",no,yes,6,"NVIDIA fiscal Q3 FY26, released 19 Nov 2025. Strongest print of the four; +5.1% overnight.",fact_based,release date + stated time in the document (rater worksheet)
Boeing|2025|Q1,Boeing,BA,2025,Q1,Industrials,P2,Nigel,All,All,full,SELL,-0.5,HOLD,0,32,,,1,,,,YES,YES,IN,no,assumed - no rater record,,,,2025-04-23,,Phase 2/Boeing/Q1/Transcript-Q1-2025-Earnings-Call.pdf,,unique filename match,FactSet CallStreet,licensed vendor,no,no,1,"Recovery plan working as intended though a long road remains; revenue up but operating margin lower and not yet convincing; outlook resting on planned diversification; tariffs a growing concern especially around China deals, with possible supply chain knock-on; more conservative forward plans. Heavy uncertainty, cautious tone.",other,price signal
Boeing|2025|Q2,Boeing,BA,2025,Q2,Industrials,P2,Nigel,All,All,full,BUY,0.6,HOLD,0,28,,,1,,,,YES,YES,IN,no,assumed - no rater record,,,,2025-07-29,,Phase 2/Boeing/2025-Q2/BA-2025-Q2-press-release-SEC-EX-99-1.htm,https://www.sec.gov/Archives/edgar/data/12927/000001292725000058/a202506jun308kprex991.htm,manifest,not publisher-identified,not publisher-identified,no,yes,1,Demand growing and finances healthier with stronger revenues; production plan improving as intended; contract wins in defence and space; tariff worries easing and geopolitical risk stabilising; 737 deliveries below last year but in line with the action plan. Improving tone.,other,price signal
Boeing|2025|Q3,Boeing,BA,2025,Q3,Industrials,P2,Nigel,All,All,full,HOLD,-0.1,SELL,0,26,,,1,,,,YES,YES,IN,no,assumed - no rater record,,,,2025-10-29,,Phase 2/Boeing/2025-Q3/BA-2025-Q3-press-release-SEC-EX-99-1.htm,https://www.sec.gov/Archives/edgar/data/12927/000162828025046915/a202509sep308kprex991.htm,manifest,not publisher-identified,not publisher-identified,no,yes,1,Good progress on the 737 programme though 777X production delayed; US Space Force contract secured; KPIs being met and demand still strong; finances healthier; supply chain still tough but stable. Steady tone.,other,release time published by the issuer
Boeing|2025|Q4,Boeing,BA,2025,Q4,Industrials,P2,Nigel,All,All,full,BUY,0.7,HOLD,0,18,,,1,,,,YES,YES,IN,no,assumed - no rater record,,,,2026-01-27,,Phase 2/Boeing/2025-Q4/BA-2025-Q4-press-release-SEC-EX-99-1.htm,https://www.sec.gov/Archives/edgar/data/12927/000162828026003518/a202512dec318kprex991.htm,manifest,not publisher-identified,not publisher-identified,no,yes,1,Highest order totals and good progress on delivery plans; leaner production and supply chain; KPIs being met; further defence deals secured; Jeppesen sale completed; finances healthy. Confident tone.,other,recorded price identified against every pulled series
Disney|2025|Q1,Disney,DIS,2025,Q1,Communication Services,P2,Meriem,All,All,full,BUY,0.4,HOLD,0,60,,,1,,,,YES,YES,IN,no,assumed - no rater record,,,,2025-02-05,,Phase 2/Disney/q1-fy25-earnings-transcriptpdf.pdf,,unique filename match,The Motley Fool,"free to read, copyright asserted",no,no,1,,fact_based,release date + stated time
Disney|2025|Q3,Disney,DIS,2025,Q3,Communication Services,P2,Meriem,All,All,full,BUY,0.5,HOLD,0,45,,,1,,,,YES,YES,IN,no,assumed - no rater record,,,,2025-08-06,,Phase 2/Disney/q3-fy25-earnings-transcript.pdf,,unique filename match,not publisher-identified,not publisher-identified,no,no,1,,price_based,price signal — only this window shows an abnormal move
Disney|2025|Q4,Disney,DIS,2025,Q4,Communication Services,P2,Meriem,All,All,full,BUY,0.6,BUY,1,60,,,1,,,,YES,YES,IN,no,assumed - no rater record,,,,2025-11-13,,Phase 2/Disney/q4-fy25-earnings-transcript.pdf,,unique filename match,not publisher-identified,not publisher-identified,no,no,1,,price_based,price signal — only this window shows an abnormal move
Netflix|2025|Q3,Netflix,NFLX,2025,Q3,Communication Services,P2,David,Transcript,All,transcript only,BUY,0.5,HOLD,0,62,,,1,,,,YES,NO,IN,no,assumed - no rater record,,,,2025-10-21,filled 11 Aug 2026 from the corpus manifest: the company-quarter holds exactly one document and the manifest carries its release date,Phase 2/Netflix/2025-Q3/NFLX-2025-Q3-press-release-SEC-EX-99-1.htm,https://www.sec.gov/Archives/edgar/data/1065280/000106528025000404/ex991_q325.htm,manifest,not publisher-identified,not publisher-identified,no,yes,1,,fact_based,release date + stated time in the document (rater worksheet)
Netflix|2025|Q4,Netflix,NFLX,2025,Q4,Communication Services,P2,David,Transcript,All,transcript only,BUY,0.6,BUY,1,60,,,1,,,,YES,NO,IN,no,assumed - no rater record,,,,2026-01-20,filled 11 Aug 2026 from the corpus manifest: the company-quarter holds exactly one document and the manifest carries its release date,Phase 2/Netflix/2025-Q4/NFLX-2025-Q4-press-release-SEC-EX-99-1.htm,https://www.sec.gov/Archives/edgar/data/1065280/000106528026000033/ex991_q425.htm,manifest,not publisher-identified,not publisher-identified,no,yes,1,,fact_based,release date + stated time in the document (rater worksheet)
Netflix|2024|Q4,Netflix,NFLX,2024,Q4,Communication Services,P2,David,Transcript,All,transcript only,BUY,0.8,BUY,1,47,,,1,,,,YES,YES,IN,no,assumed - no rater record,,,,2025-01-21,filled 11 Aug 2026 from the corpus manifest: the company-quarter holds exactly one document and the manifest carries its release date,Phase 2/Netflix/2024-Q4/NFLX-2024-Q4-press-release-SEC-EX-99-1.htm,https://www.sec.gov/Archives/edgar/data/1065280/000106528025000033/ex991_q424.htm,manifest,not publisher-identified,not publisher-identified,no,yes,1,,fact_based,release date + stated time in the document (rater worksheet)
Amazon|2026|Q1,Amazon,AMZN,2026,Q1,Consumer Discretionary,P2,David,All,All,full,BUY,0.8,BUY,1,52,,,1,,,,YES,YES,IN,no,assumed - no rater record,,,,2026-04-29,filled 11 Aug 2026 from the corpus manifest: the company-quarter holds exactly one document and the manifest carries its release date,Phase 2/Amazon/2026-Q1/AMZN-2026-Q1-press-release-SEC-EX-99-1.htm,https://www.sec.gov/Archives/edgar/data/1018724/000101872426000012/amzn-20260331xex991.htm,manifest,not publisher-identified,not publisher-identified,no,yes,1,,fact_based,release date + stated time in the document (rater worksheet)
Amazon|2025|Q3,Amazon,AMZN,2025,Q3,Consumer Discretionary,P2,David,All,All,full,SELL,-0.5,SELL,1,47,,,1,,,,YES,YES,IN,no,assumed - no rater record,,,,2025-10-30,filled 11 Aug 2026 from the corpus manifest: the company-quarter holds exactly one document and the manifest carries its release date,Phase 2/Amazon/2025-Q3/AMZN-2025-Q3-press-release-SEC-EX-99-1.htm,https://www.sec.gov/Archives/edgar/data/1018724/000101872425000121/amzn-20250930xex991.htm,manifest,not publisher-identified,not publisher-identified,no,yes,1,,fact_based,release date + stated time in the document (rater worksheet)
Amazon|2025|Q4,Amazon,AMZN,2025,Q4,Consumer Discretionary,P2,David,All,All,full,BUY,0.3,SELL,0,58,,,1,,,,YES,YES,IN,no,assumed - no rater record,,,,2026-02-05,filled 11 Aug 2026 from the corpus manifest: the company-quarter holds exactly one document and the manifest carries its release date,Phase 2/Amazon/2025-Q4/AMZN-2025-Q4-press-release-SEC-EX-99-1.htm,https://www.sec.gov/Archives/edgar/data/1018724/000101872426000002/amzn-20251231xex991.htm,manifest,not publisher-identified,not publisher-identified,no,yes,1,,other,recorded price identified against every pulled series
McDonald's|2024|Q4,McDonald's,MCD,2024,Q4,Consumer Discretionary,P2,Meriem,All,All,full,SELL,-0.5,SELL,1,30,,,1,,,,YES,YES,IN,no,assumed - no rater record,,,,2025-02-10,,Phase 2/McDonald's/Q4 2024-numbers.pdf; Phase 2/McDonald's/Q4 2024 Earnings Call Transcript.pdf,,whole bundle (Document = All),The Motley Fool,"free to read, copyright asserted",no,no,2,sales went down; revenue asw; EPS diluted down; net income and Current +total assets down; long term debt up. No guidance,price_based,price signal — only this window shows an abnormal move
McDonald's|2025|Q4,McDonald's,MCD,2025,Q4,Consumer Discretionary,P2,Meriem,All,All,full,BUY,0.3,HOLD,0,20,,,1,,,,YES,YES,IN,no,assumed - no rater record,,,,2026-02-11,,Phase 2/McDonald's/Q4 2025 Earnings Call Transcript.pdf; Phase 2/McDonald's/Q4 2025 - numbers.pdf,,whole bundle (Document = All),The Motley Fool,"free to read, copyright asserted",no,no,2,good numbers but guidance isn’t great and tone is not as optimistic as needed but still good,other,EDGAR acceptance timestamp on the Item 2.02 8-K
McDonald's|2026|Q1,McDonald's,MCD,2026,Q1,Consumer Discretionary,P2,Meriem,All,All,full,HOLD,0.2,SELL,0,34,,,1,,,,YES,YES,IN,no,assumed - no rater record,,,,2026-05-07,,Phase 2/McDonald's/Q1 2026- numbers.pdf; Phase 2/McDonald's/Q1 2026 Earnings Transcript.pdf,,whole bundle (Document = All),The Motley Fool,"free to read, copyright asserted",no,no,2,slight increase in sales and revenue and EPS but challenging environment so unsure about future. too many concerns,fact_based,release date + stated time
Apple|2025|Q3,Apple,AAPL,2025,Q3,Information Technology,P2,Meriem,All,All,full,SELL,-0.3,HOLD,0,25,,,1,,,,YES,YES,IN,no,assumed - no rater record,,,,2025-07-31,,Phase 2/Apple/Q3 2025 Earnings Call Transcript.pdf; Phase 2/Apple/FY25_Q3_Consolidated_Financial_Statements.pdf,,whole bundle (Document = All),The Motley Fool,"free to read, copyright asserted",no,no,2,tariffs costs; revenue and EPS are up but gross profit margin is down and expenses up. selling bcs tariffs,price_based,price signal — both moved; this one dominates
Apple|2025|Q4,Apple,AAPL,2025,Q4,Information Technology,P2,Meriem,All,All,full,BUY,0.3,BUY,1,30,,,1,,,,YES,YES,IN,no,assumed - no rater record,,,,2025-10-30,,Phase 2/Apple/Q4 2025 Earnings Call Transcript.pdf; Phase 2/Apple/FY25_Q4_Consolidated_Financial_Statements.pdf,,whole bundle (Document = All),The Motley Fool,"free to read, copyright asserted",no,no,2,revenue up; guidance is good and seems more certain than previous quarter. numbers look better,other,"earnings calendar, seconded independently (section C)"
Apple|2026|Q1,Apple,AAPL,2026,Q1,Information Technology,P2,Meriem,All,All,full,BUY,0.5,BUY,1,22,,,1,,,,YES,YES,IN,no,assumed - no rater record,,,,2026-01-29,,Phase 2/Apple/Q1 2026 Earnings Call Transcript.pdf; Phase 2/Apple/FY26_Q1_Consolidated_Financial_Statements.pdf,,whole bundle (Document = All),The Motley Fool,"free to read, copyright asserted",no,no,2,revenue is up; numbers are great (better than two previous quarters),price_based,price signal — only this window shows an abnormal move
Coca-Cola|2025|Q2,Coca-Cola,KO,2025,Q2,Consumer Staples,P2,Meriem,All,All,full,HOLD,0.2,HOLD,1,35,,,1,,,,YES,YES,IN,no,assumed - no rater record,,,,2025-07-22,,Phase 2/Coca-Cola/Q2 2025 Earnings Call Transcript.pdf,,unique filename match,The Motley Fool,"free to read, copyright asserted",no,no,1,adverse weather conditions not great so recovery might not be good right now; growth expanded but Asia’s volume is down. so hold,fact_based,release date + stated time
Coca-Cola|2025|Q4,Coca-Cola,KO,2025,Q4,Consumer Staples,P2,Meriem,All,All,full,SELL,-0.3,HOLD,0,28,,,1,,,,YES,YES,IN,no,assumed - no rater record,,,,2026-02-10,,Phase 2/Coca-Cola/Q4 2025 Earnings Call Transcript.pdf,,unique filename match,The Motley Fool,"free to read, copyright asserted",no,no,1,leadership transition so added risk; Asia’s volume and revenue still down and uncertainty so sell.,fact_based,release date + stated time
Coca-Cola|2026|Q1,Coca-Cola,KO,2026,Q1,Consumer Staples,P2,Meriem,All,All,full,BUY,0.4,HOLD,0,25,,,1,,,,YES,YES,IN,no,assumed - no rater record,,,,2026-04-28,,Phase 2/Coca-Cola/Q1 2026 Earnings Transcript.pdf,,unique filename match,The Motley Fool,"free to read, copyright asserted",no,no,1,Asia’s volume and revenue finally up; revenue up as well and EPS up 18%; optimistic tone so buy,fact_based,release date + stated time
Bank of America|2025|Q1,Bank of America,BAC,2025,Q1,Financials,P2,Abdul,Transcript,All,transcript only,BUY,0.4,SELL,0,60,,,1,,,,YES,YES,IN,no,assumed - no rater record,,,,2025-04-15,,Phase 2/bank of america/2025-Q1/BAC-2025-Q1-earnings-call-transcript-roic-ai.html,roic.ai API /v2/company/earnings-calls/transcript/BAC?year=2025&quarter=1,manifest,not publisher-identified,not publisher-identified,no,yes,1,,price_based,price signal — only this window shows an abnormal move
Bank of America|2025|Q2,Bank of America,BAC,2025,Q2,Financials,P2,Abdul,Transcript,All,transcript only,BUY,0.6,HOLD,0,41,,,1,,,,YES,YES,IN,no,assumed - no rater record,,,,2025-07-16,,Phase 2/bank of america/2025-Q2/BAC-2025-Q2-earnings-call-transcript-news-alphastreet-com.html,https://news.alphastreet.com/bank-of-america-corporation-bac-q2-2025-earnings-call-transcript/,manifest,not publisher-identified,not publisher-identified,no,yes,1,,other,price signal
Bank of America|2025|Q3,Bank of America,BAC,2025,Q3,Financials,P2,Abdul,Transcript,All,transcript only,BUY,0.7,BUY,1,75,,,1,,,,YES,YES,IN,no,assumed - no rater record,,,,2025-10-15,,Phase 2/bank of america/2025-Q3/BAC-2025-Q3-earnings-call-transcript-news-alphastreet-com.html,https://news.alphastreet.com/bank-of-america-corporation-bac-q3-2025-earnings-call-transcript/,manifest,not publisher-identified,not publisher-identified,no,yes,1, ,price_based,price signal — both moved; this one dominates
Bank of America|2025|Q4,Bank of America,BAC,2025,Q4,Financials,P2,Abdul,Transcript,All,transcript only,HOLD,0.1,HOLD,1,55,,,1,,,,YES,YES,IN,no,assumed - no rater record,,,,2026-01-14,,Phase 2/bank of america/2025-Q4/BAC-2025-Q4-earnings-call-transcript-news-alphastreet-com.html,https://news.alphastreet.com/bank-of-america-corporation-bac-q4-2025-earnings-call-transcript/,manifest,not publisher-identified,not publisher-identified,no,yes,1, ,price_based,price signal — only this window shows an abnormal move
AMD|2026|Q1,AMD,AMD,2026,Q1,Information Technology,P2,David,All,All,full,BUY,0.8,BUY,1,51,,,1,,,,YES,YES,IN,no,assumed - no rater record,,,,2026-05-05,filled 11 Aug 2026 from the corpus manifest: the company-quarter holds exactly one document and the manifest carries its release date,Phase 2/AMD/2026-Q1/AMD-2026-Q1-press-release-SEC-EX-99-1.htm,https://www.sec.gov/Archives/edgar/data/2488/000000248826000072/q12026991.htm,manifest,not publisher-identified,not publisher-identified,no,yes,1,,fact_based,release date + stated time in the document (rater worksheet)
AMD|2025|Q2,AMD,AMD,2025,Q2,Information Technology,P2,David,All,All,full,BUY,0.65,HOLD,0,44,,,1,,,,YES,YES,IN,no,assumed - no rater record,,,,2025-08-05,filled 11 Aug 2026 from the corpus manifest: the company-quarter holds exactly one document and the manifest carries its release date,Phase 2/AMD/2025-Q2/AMD-2025-Q2-press-release-SEC-EX-99-1.htm,https://www.sec.gov/Archives/edgar/data/2488/000000248825000106/q22025991.htm,manifest,not publisher-identified,not publisher-identified,no,yes,1,,fact_based,release date + stated time in the document (rater worksheet)
AMD|2025|Q4,AMD,AMD,2025,Q4,Information Technology,P2,David,All,All,full,BUY,0.75,BUY,1,55,,,1,,,,YES,YES,IN,no,assumed - no rater record,,,,2026-02-03,filled 11 Aug 2026 from the corpus manifest: the company-quarter holds exactly one document and the manifest carries its release date,Phase 2/AMD/2025-Q4/AMD-2025-Q4-press-release-SEC-EX-99-1.htm,https://www.sec.gov/Archives/edgar/data/2488/000000248826000014/q42025991.htm,manifest,not publisher-identified,not publisher-identified,no,yes,1,,fact_based,release date + stated time in the document (rater worksheet)
Airbnb|2025|Q2,Airbnb,ABNB,2025,Q2,Consumer Discretionary,P2,Anna,Transcript,All,transcript only,BUY,0.6,HOLD,0,30,,,1,,,,YES,YES,IN,no,assumed - no rater record,,,,2025-08-06,,Phase 2/Airbnb/Airbnb-Q2-25-Earnings-Call-Transcript.pdf,,unique filename match,FactSet CallStreet,licensed vendor,no,no,1,,price_based,price signal — only this window shows an abnormal move
Airbnb|2025|Q3,Airbnb,ABNB,2025,Q3,Consumer Discretionary,P2,Anna,Transcript,All,transcript only,BUY,0.4,BUY,1,31,,,1,,,,YES,YES,IN,no,assumed - no rater record,,,,2025-11-06,,Phase 2/Airbnb/Airbnb-Q3-2025-Earnings-Call-6-November-2025-5_00-PM-ET.pdf,,unique filename match,FactSet CallStreet,licensed vendor,no,no,1,,price_based,price signal — only this window shows an abnormal move
JPMorgan|2025|Q1,JPMorgan,JPM,2025,Q1,Financials,P2,Nigel,All,All,full,HOLD,0.2,SELL,0,32,,,1,,,,YES,YES,IN,no,assumed - no rater record,,,,2025-04-11,,Phase 2/JPMC Documents/2025-Q1/JPM-2025-Q1-press-release-SEC-EX-99-1.htm; Phase 2/JPMC Documents/2025-Q1/JPM-2025-Q1-earnings-call-transcript-jpmorganchase-com.pdf,https://www.jpmorganchase.com/content/dam/jpmc/jpmorgan-chase-and-co/investor-relations/documents/quarterly-earnings/2025/1st-quarter/1q25-earnings-transcript.pdf; https://www.sec.gov/Archives/edgar/data/19617/000001961725000332/a1q25erfexhibit991narrative.htm,manifest (whole bundle),not publisher-identified,not publisher-identified,no,yes,2,,price_based,document date + price signal
JPMorgan|2025|Q2,JPMorgan,JPM,2025,Q2,Financials,P2,Nigel,All,All,full,BUY,0.6,HOLD,0,31,,,1,,,,YES,YES,IN,no,assumed - no rater record,,,,2025-07-15,,Phase 2/JPMC Documents/Q2/corp-q2-2025.pdf,,unique filename match,not publisher-identified,not publisher-identified,sole source,no,1,,other,release time published by the issuer
JPMorgan|2025|Q3,JPMorgan,JPM,2025,Q3,Financials,P2,Nigel,All,All,full,BUY,0.7,HOLD,0,28,,,1,,,,YES,YES,IN,no,assumed - no rater record,,,,2025-10-14,,Phase 2/JPMC Documents/2025-Q3/JPM-2025-Q3-press-release-SEC-EX-99-1.htm; Phase 2/JPMC Documents/2025-Q3/JPM-2025-Q3-earnings-call-transcript-jpmorganchase-com.pdf,https://www.jpmorganchase.com/content/dam/jpmc/jpmorgan-chase-and-co/investor-relations/documents/quarterly-earnings/2025/3rd-quarter/jpm-3q25-earnings-call-transcript.pdf; https://www.sec.gov/Archives/edgar/data/19617/000162828025044845/a3q25erfexhibit991narrative.htm,manifest (whole bundle),not publisher-identified,not publisher-identified,no,yes,2, ,other,release time published by the issuer
JPMorgan|2025|Q4,JPMorgan,JPM,2025,Q4,Financials,P2,Nigel,All,All,full,SELL,-0.4,HOLD,0,24,,,1,,,,YES,YES,IN,no,assumed - no rater record,,,,2026-01-13,,Phase 2/JPMC Documents/Q4/corp-10k-2025.pdf,,unique filename match,not publisher-identified,not publisher-identified,sole source,no,1, ,other,release time published by the issuer
JPMorgan|2025|Q1,JPMorgan,JPM,2025,Q1,Financials,P2,Abdul,Transcript,All,transcript only,HOLD,0.1,SELL,0,72,,,1,,,,YES,NO,IN,no,assumed - no rater record,,,,2025-04-11,,Phase 2/JPMC Documents/2025-Q1/JPM-2025-Q1-earnings-call-transcript-jpmorganchase-com.pdf,https://www.jpmorganchase.com/content/dam/jpmc/jpmorgan-chase-and-co/investor-relations/documents/quarterly-earnings/2025/1st-quarter/1q25-earnings-transcript.pdf,manifest,not publisher-identified,not publisher-identified,no,yes,1,,price_based,document date + price signal
JPMorgan|2025|Q3,JPMorgan,JPM,2025,Q3,Financials,P2,Abdul,Transcript,All,transcript only,BUY,0.4,HOLD,0,55,,,1,,,,YES,NO,IN,no,assumed - no rater record,,,,2025-10-14,,Phase 2/JPMC Documents/2025-Q3/JPM-2025-Q3-earnings-call-transcript-jpmorganchase-com.pdf,https://www.jpmorganchase.com/content/dam/jpmc/jpmorgan-chase-and-co/investor-relations/documents/quarterly-earnings/2025/3rd-quarter/jpm-3q25-earnings-call-transcript.pdf,manifest,not publisher-identified,not publisher-identified,no,yes,1,,other,release time published by the issuer
JPMorgan|2026|Q1,JPMorgan,JPM,2026,Q1,Financials,P2,Abdul,Transcript,All,transcript only,BUY,0.5,SELL,0,74,,,1,,,,YES,YES,IN,no,assumed - no rater record,,,,2026-04-14,,Phase 2/JPMC Documents/2026-Q1/JPM-2026-Q1-earnings-call-transcript-jpmorganchase-com.pdf,https://www.jpmorganchase.com/content/dam/jpmc/jpmorgan-chase-and-co/investor-relations/documents/quarterly-earnings/2026/1st-quarter/1q26-earnings-transcript.pdf,manifest,not publisher-identified,not publisher-identified,no,yes,1,,other,release time published by the issuer
IBM|2025|Q2,IBM,IBM,2025,Q2,Information Technology,P2,Meriem,All,All,full,BUY,0.4,BUY,1,40,,,1,,,,YES,YES,IN,no,assumed - no rater record,,,,2025-07-23,,Phase 2/IBM/Q2 2025 Earnings Call Transcript.pdf; Phase 2/IBM/Q2 2025 - numbers.pdf,,whole bundle (Document = All),The Motley Fool,"free to read, copyright asserted",no,no,2,revenue up 8% you; profit is up and G profit margin + EPS asw. numbers look great and tone is optimistic,price_based,price signal — only this window shows an abnormal move
IBM|2025|Q4,IBM,IBM,2025,Q4,Information Technology,P2,Meriem,All,All,full,BUY,0.5,BUY,1,30,,,1,,,,YES,YES,IN,no,assumed - no rater record,,,,2026-01-28,,Phase 2/IBM/Q4 2025 Earnings Call Transcript.pdf; Phase 2/IBM/Q4 2025 - numbers.pdf,,whole bundle (Document = All),The Motley Fool,"free to read, copyright asserted",no,no,2,same as Q2; numbers look great; tone is optimistic and growth is seen and expected; good guidance so buy,price_based,price signal — only this window shows an abnormal move
IBM|2026|Q1,IBM,IBM,2026,Q1,Information Technology,P2,Meriem,All,All,full,HOLD,0.2,HOLD,1,42,,,1,,,,YES,YES,IN,no,assumed - no rater record,,,,2026-04-22,,Phase 2/IBM/Q1 2026 Earnings Call Transcript.pdf; Phase 2/IBM/Q1 2026 0 numbers.pdf,,whole bundle (Document = All),The Motley Fool,"free to read, copyright asserted",no,no,2,numbers are great but Middle East worries even though didnt affect Q1 as we saw higher growth in the ME than in decades so uncertainty but some confidence so hold,price_based,price signal — both moved; this one dominates
Target|2025|Q2,Target,TGT,2025,Q2,Consumer Staples,both,Anna,Transcript,All,transcript only,BUY,0.3,HOLD,0,35,,,1,,,,YES,YES,IN,no,assumed - no rater record,,,,2025-08-20,,Phase 2/Target/2025-Q2/TGT-2025-Q2-earnings-call-transcript-corporate-target-com.pdf,https://corporate.target.com/getmedia/c5751599-850d-4bb0-b599-d8ac55a91156/2025-august-20-tgt-transcript.pdf,manifest,Refinitiv / LSEG StreetEvents,licensed vendor,no,yes,1,,fact_based,release date + stated time
Target|2025|Q1,Target,TGT,2025,Q1,Consumer Staples,both,Anna,Transcript,All,transcript only,BUY,0.3,SELL,0,32,,,1,,,,YES,YES,IN,no,assumed - no rater record,,,,2025-05-21,,Phase 2/Target/2025-Q1/TGT-2025-Q1-earnings-call-transcript-corporate-target-com.pdf,https://corporate.target.com/getmedia/9c383747-166d-4310-b91f-cd77b7d06433/2025-May-21-TGT-Transcript.pdf%C2%A0%C2%A0,manifest,Refinitiv / LSEG StreetEvents,licensed vendor,no,yes,1,,fact_based,release date + stated time
Target|2025|Q3,Target,TGT,2025,Q3,Consumer Staples,both,Anna,Transcript,All,transcript only,HOLD,0.2,SELL,0,27,,,1,,,,YES,YES,IN,no,assumed - no rater record,,,,2025-11-19,,Phase 2/Target/2025-Q3/TGT-2025-Q3-earnings-call-transcript-corporate-target-com.pdf,https://corporate.target.com/getmedia/1b701222-ff3c-4f65-b4b7-d0de5511f9a4/TGT-Transcript-2025-11-19.pdf,manifest,Refinitiv / LSEG StreetEvents,licensed vendor,no,yes,1,,fact_based,release date + stated time
Target|2026|Q1,Target,TGT,2026,Q1,Consumer Staples,both,Anna,Transcript,All,transcript only,BUY,0.4,HOLD,0,29,,,1,,,,YES,YES,IN,no,assumed - no rater record,,,,2026-05-20,,Phase 2/Target/2026-Q1/TGT-2026-Q1-earnings-call-transcript-fool-com.html,https://www.fool.com/earnings/call-transcripts/2026/05/20/target-tgt-q1-2026-earnings-call-transcript/,manifest,The Motley Fool,"free to read, copyright asserted",no,yes,1,,fact_based,release date + stated time
Nike|2025|Q1,Nike,NKE,2025,Q1,Consumer Discretionary,P2,Meriem,All,All,full,SELL,-0.5,SELL,1,19,,,1,,,,YES,YES,IN,no,assumed - no rater record,,,,2024-10-01,,Phase 2/Nike/Q1 2025 Earnings Call Transcript.pdf; Phase 2/Nike/Q1 2025 - numbers.pdf,,whole bundle (Document = All),The Motley Fool,"free to read, copyright asserted",no,no,2,new CEO; said bouncing back takes time; revenue down 10% and diluted EPS down 26%; no outlook for next quarter or year,price_based,price signal — only this window shows an abnormal move
Nike|2025|Q2,Nike,NKE,2025,Q2,Consumer Discretionary,P2,Meriem,All,All,full,SELL,-0.3,SELL,1,25,,,1,,,,YES,YES,IN,no,assumed - no rater record,,,,2024-12-19,,Phase 2/Nike/Q2 2025 Earnings Call Transcript.pdf; Phase 2/Nike/Q2 2025 - numbers.pdf,,whole bundle (Document = All),The Motley Fool,"free to read, copyright asserted",no,no,2,still with new CEO so lots of changes being implemented and some chaos; revenue still down but slightly getting better hence the less aggressive sentiment score,other,"earnings calendar, seconded independently"
Nike|2025|Q3,Nike,NKE,2025,Q3,Consumer Discretionary,P2,Meriem,All,All,full,SELL,-0.5,SELL,1,25,,,1,,,,YES,YES,IN,no,assumed - no rater record,,,,2025-03-20,,Phase 2/Nike/Q3 2025 Earnings Call Transcript.pdf; Phase 2/Nike/Q3 2025 - numbers.pdf,,whole bundle (Document = All),The Motley Fool,"free to read, copyright asserted",no,no,2,numbers are not looking good at all; CEO said not satisfied with the results so very cautious and non optimistic tone,price_based,price signal — only this window shows an abnormal move
Lululemon|2025|Q3,Lululemon,LULU,2025,Q3,Consumer Discretionary,P2,Meriem,All,All,full,SELL,-0.4,SELL,1,20,,,1,,,,YES,YES,IN,no,assumed - no rater record,,,,2025-12-11,,Phase 2/Lululemon/Q3 2025 Earnings Call Transcript.pdf,,unique filename match,The Motley Fool,"free to read, copyright asserted",no,no,1, tariffs; numbers are down in Americas; CEO changing so expected uncertainty,price_based,price signal — both moved; this one dominates
Lululemon|2025|Q4,Lululemon,LULU,2025,Q4,Consumer Discretionary,P2,Meriem,All,All,full,SELL,-0.3,SELL,1,31,,,1,,,,YES,YES,IN,no,assumed - no rater record,,,,2026-03-17,,Phase 2/Lululemon/Q4 2025 Earnings Call Transcript.pdf,,unique filename match,The Motley Fool,"free to read, copyright asserted",no,no,1,numbers are still down and guidance for next year is that gross margin is expected to go down,other,"earnings calendar, seconded independently (section C)"
Lululemon|2026|Q1,Lululemon,LULU,2026,Q1,Consumer Discretionary,P2,Meriem,All,All,full,SELL,-0.3,SELL,1,24,,,1,,,,YES,YES,IN,no,assumed - no rater record,,,,2026-06-04,,Phase 2/Lululemon/Q1 2026 Earnings Transcript.pdf,,unique filename match,The Motley Fool,"free to read, copyright asserted",no,no,1,very cautious and non optimistic language; new CEO; anticipated decline,price_based,price signal — both moved; this one dominates
Airbnb|2026|Q1,Airbnb,ABNB,2026,Q1,Consumer Discretionary,P2,Anna,All,All,full,BUY,0.7,HOLD,0,34,,,1,,,,YES,YES,IN,no,assumed - no rater record,,,,2026-05-07,,Phase 2/Airbnb/2026-Q1/ABNB-2026-Q1-press-release-SEC-EX-99-1.htm,https://www.sec.gov/Archives/edgar/data/1559720/000119312526211816/d23351dex991.htm,manifest,not publisher-identified,not publisher-identified,no,yes,1,very optimistic language and substantial growth despite issues in the middle east potentially impacting travel,price_based,price signal — only this window shows an abnormal move
Lowe's|2025|Q1,Lowe's,LOW,2025,Q1,Consumer Discretionary,P2,Anna,All,All,full,HOLD,-0.1,SELL,0,25,,,1,,,,YES,YES,IN,no,assumed - no rater record,,,,2026-05-20,,Phase 2/Lowe's/low-usq-transcript-2026-05-20-1.pdf,,unique filename match,Refinitiv / LSEG StreetEvents,licensed vendor,no,no,1,"numbers were down, but it was expected based on seasonal shopping",other,release date + stated time in the document (document)
Walmart|2025|Q1,Walmart,WMT,2025,Q1,Consumer Staples,P2,Abdul,Transcript,All,transcript only,SELL,-0.3,SELL,1,30,,,1,,,,YES,YES,IN,no,assumed - no rater record,,,,2025-05-15,,Phase 2/Walmart/Q1 2025/q1-fy26-earnings-call-transcript.pdf,,unique filename match,FactSet CallStreet,licensed vendor,no,no,1,,price_based,price signal — only this window shows an abnormal move
Walmart|2025|Q2,Walmart,WMT,2025,Q2,Consumer Staples,P2,Abdul,Transcript,All,transcript only,BUY,0.4,HOLD,0,26,,,1,,,,YES,YES,IN,no,assumed - no rater record,,,,2025-08-21,,Phase 2/Walmart/Q2 2025/q2-fy26-earnings-call-transcript.pdf,,unique filename match,FactSet CallStreet,licensed vendor,no,no,1,,price_based,price signal — only this window shows an abnormal move
Walmart|2025|Q3,Walmart,WMT,2025,Q3,Consumer Staples,P2,Abdul,Transcript,All,transcript only,BUY,0.5,BUY,1,24,,,1,,,,YES,YES,IN,no,assumed - no rater record,,,,2025-11-20,,Phase 2/Walmart/Q3 2025/q3-fy26-earnings-call-transcript.pdf,,unique filename match,FactSet CallStreet,licensed vendor,no,no,1,,price_based,price signal — only this window shows an abnormal move
Walmart|2025|Q4,Walmart,WMT,2025,Q4,Consumer Staples,P2,Abdul,Transcript,All,transcript only,BUY,0.7,HOLD,0,21,,,1,,,,YES,YES,IN,no,assumed - no rater record,,,,2026-02-19,,Phase 2/Walmart/Q4 2025/q4-fy26-earnings-call-transcript.pdf,,unique filename match,FactSet CallStreet,licensed vendor,no,no,1,,price_based,price signal — only this window shows an abnormal move
Walmart|2026|Q1,Walmart,WMT,2026,Q1,Consumer Staples,P2,Abdul,Transcript,All,transcript only,SELL,-0.5,SELL,1,27,,,1,,,,YES,YES,IN,no,assumed - no rater record,,,,2026-05-21,,Phase 2/Walmart/Q1 2026/q1-fy27-earnings-call-transcript.pdf,,unique filename match,FactSet CallStreet,licensed vendor,no,no,1,,price_based,price signal — both moved; this one dominates
Citigroup|2025|Q1,Citigroup,C,2025,Q1,Financials,P2,Nigel,All,All,full,BUY,0.6,SELL,0,38,,,1,,,,YES,YES,IN,no,assumed - no rater record,,,,2025-04-15,,Phase 2/Citigroup/Q1/2025psqtr1rslt.pdf; Phase 2/Citigroup/Q1/2025prqtr1rslt.pdf; Phase 2/Citigroup/Q1/2025fsqtr1rslt.pdf,,whole bundle (Document = All),not publisher-identified,not publisher-identified,no,no,3,"Net income up on strength in the remaining divisions despite a sharp decline in ""All Others"", showing resilience; customer loyalty and demand holding though clients turning more cautious on financial decisions; strategy in place to stay resilient through conflict and volatility. Confident tone.",other,"earnings calendar, seconded by the issuer's habit"
Citigroup|2025|Q2,Citigroup,C,2025,Q2,Financials,P2,Nigel,All,All,full,BUY,0.4,HOLD,0,25,,,1,,,,YES,YES,IN,no,assumed - no rater record,,,,2025-07-15,,Phase 2/Citigroup/Q2/2025psqtr2rslt.pdf; Phase 2/Citigroup/Q2/2025prqtr2rslt.pdf; Phase 2/Citigroup/Q2/2025fsqtr2rslt.pdf,,whole bundle (Document = All),not publisher-identified,not publisher-identified,no,no,3,"Revenue up 8% and net income higher despite ""All Others"" declining, with strength across remaining divisions; best second-quarter Equities performance since 2020; results holding up across different environments; business simplified and streamlined; stress test showing scope for further capital return and evidence of derisking; higher tech investment including AI tools; buffers retained against volatility. Confident tone on outlook.",price_based,document date + price signal
Citigroup|2025|Q3,Citigroup,C,2025,Q3,Financials,P2,Nigel,All,All,full,BUY,0.8,BUY,1,21,,,1,,,,YES,YES,IN,no,assumed - no rater record,,,,2025-10-14,,Phase 2/Citigroup/Q3/2025psqtr3rslt.pdf; Phase 2/Citigroup/Q3/2025psqtr3-transcript.pdf; Phase 2/Citigroup/Q3/2025prqtr3rslt.pdf; Phase 2/Citigroup/Q3/2025fsqtr3rslt.pdf,,whole bundle (Document = All),not publisher-identified,not publisher-identified,no,no,4,"Record third-quarter revenue including the sale of a 25% equity stake in Grupo Financiero; Services posted its best quarter ever and Markets its best third quarter ever; record Net New Investment assets; returns improving quarter after quarter; transformation, simplification and digitisation delivering results; new Co-Heads of M&A and a strategic partnership with BlackRock; Banamex IPO planned. Greater tariff clarity easing volatility, confident tone.",other,"earnings calendar, seconded by the issuer's habit"
Citigroup|2025|Q4,Citigroup,C,2025,Q4,Financials,P2,Nigel,All,All,full,HOLD,0.2,BUY,0,18,,,1,,,,YES,YES,IN,no,assumed - no rater record,,,,2026-01-14,,Phase 2/Citigroup/Q4/2025psqtr4rslt.pdf; Phase 2/Citigroup/Q4/2025psqtr4-transcript.pdf; Phase 2/Citigroup/Q4/2025prqtr4rslt.pdf; Phase 2/Citigroup/Q4/2025fsqtr4rslt.pdf,,whole bundle (Document = All),not publisher-identified,not publisher-identified,no,no,4,"Revenue up though growth slower than prior quarters; EPS down; Markets revenue down but Banking revenue up sharply on a record year for the division; ""All Others"" revenue still down; largest return of capital to shareholders since the pandemic; transformation and digitisation progressing. Solid full year but Q4 improvement weaker than Q1-Q3, confident tone with growing market optimism.",other,price signal
Maersk|2025|Q1,Maersk,AMKBY,2025,Q1,Industrials,P2,Nigel,All,All,full,SELL,-0.4,SELL,1,24,,,1,,,,YES,YES,IN,no,assumed - no rater record,,,,2025-05-08,,Phase 2/Maersk/Q1/Q1 2025 AP Moeller - Maersk A:S Earnings Call Transcript.pdf; Phase 2/Maersk/Q1/Maersk Q1 2025 Investor Presentation.pdf; Phase 2/Maersk/Q1/Maersk Q1 2025 Interim Report.pdf,,whole bundle (Document = All),not publisher-identified,not publisher-identified,no,no,3,"Solid performance on operational improvements and cost measures; Ocean profits down with only marginal loaded volume growth; L&S revenue down but profit up and improved YoY; Terminals posted second-highest ever EBITDA; global container volume growth forecast cut on tariff and trade-war uncertainty; recession probability rising and US weakness expected to spill over; demand outlook highly uncertain in both directions. Guidance lowered, cautious tone.",other,repriced on the issuer's primary listing
Maersk|2025|Q2,Maersk,AMKBY,2025,Q2,Industrials,P2,Nigel,All,All,full,BUY,0.5,BUY,1,15,,,1,,,,YES,YES,IN,no,assumed - no rater record,,,,2025-08-07,,Phase 2/Maersk/Q2/Q2 2025 AP Moeller - Maersk A:S Earnings Call Transcript.pdf; Phase 2/Maersk/Q2/Maersk Q2 2025 Investor Presentation.pdf; Phase 2/Maersk/Q2/Maersk Q2 2025 Interim Report.pdf,,whole bundle (Document = All),not publisher-identified,not publisher-identified,no,no,3,"Solid performance with progress across all four divisions and record Terminals ROIC well above target; Gemini network fully phased in; global container volume growth forecast raised; container demand still rising against fears of tariff-driven collapse; buy-back initiated; tariff escalation and Middle East tensions still flagged as risks with modest sector growth expected. Guidance raised, confident tone.",other,repriced on the issuer's primary listing
Maersk|2025|Q3,Maersk,AMKBY,2025,Q3,Industrials,P2,Nigel,All,All,full,HOLD,0.2,BUY,0,18,,,1,,,,YES,YES,IN,no,assumed - no rater record,,,,2025-11-06,,Phase 2/Maersk/Q3/Q3 2025 AP Moeller - Maersk A:S Earnings Call Transcript.pdf; Phase 2/Maersk/Q3/Maersk Q3 2025 Investor Presentation.pdf; Phase 2/Maersk/Q3/Maersk Q3 2025 Interim Report.pdf,,whole bundle (Document = All),not publisher-identified,not publisher-identified,no,no,3,Revenue down YoY though all divisions improved over the year; average loaded freight rate down; Gemini delivering operational savings; global economy outperformed expectations with PMI still expansionary; container demand and logistics growth robust. Outlook positive but conservative.,other,repriced on the issuer's primary listing
Maersk|2025|Q4,Maersk,AMKBY,2025,Q4,Industrials,P2,Nigel,All,All,full,SELL,-0.5,SELL,1,38,,,1,,,,YES,YES,IN,no,assumed - no rater record,,,,2026-02-05,,Phase 2/Maersk/Q4/maersk_annual_report_2025_press_release.pdf; Phase 2/Maersk/Q4/apmm-ar-2025-70-final-no-tags.pdf; Phase 2/Maersk/Q4/Q4 2025 AP Moeller - Maersk A:S Earnings Call Transcript.pdf,,whole bundle (Document = All),not publisher-identified,not publisher-identified,no,no,3,Full-year revenue down on 2024 and container trade demand down; all annual targets missed except Terminals; resilience through a volatile year; outlook still heavily dependent on unresolved geopolitical and macro conditions. Cautious tone.,other,repriced on the issuer's primary listing
Goldman Sachs|2025|Q1,Goldman Sachs,GS,2025,Q1,Financials,P2,Dragos,All,All,full,BUY,0.45,SELL,0,32,,,1,,,,YES,YES,IN,no,assumed - no rater record,,,,2025-04-14,,Phase 2/Goldman Sachs/Q1 2025/GS-Q1-2025-presentation-SEC-EX99-2.htm; Phase 2/Goldman Sachs/Q1 2025/GS-Q1-2025-press-release-SEC-EX99-1.htm; Phase 2/Goldman Sachs/Q1 2025/GS-Q1-2025-earnings-call-transcript-InsiderMonkey.html,https://www.insidermonkey.com/blog/the-goldman-sachs-group-inc-nysegs-q1-2025-earnings-call-transcript-1508363/; https://www.sec.gov/Archives/edgar/data/886982/000119312525079625/d750054dex991.htm; https://www.sec.gov/Archives/edgar/data/886982/000119312525079625/d750054dex992.htm,manifest (whole bundle),Insider Monkey (Koala Guide LLC),"free to read, copyright asserted",no,yes,3,"Big EPS beat ($14.12 vs $11.58 yoy) on record Equities +27% and FICC financing; $40B buyback authorization; backlog up 4th straight qtr. Offsets: ~$1.63 EPS one-off tax benefit, advisory -8%, very cautious tariff/recession macro tone. Released into market braced for tariff damage - beat vs feared worse. [memory] I vaguely recall this print landing well amid April 2025 tariff chaos; decision based on docs.",price_based,price signal — only this window shows an abnormal move
Goldman Sachs|2025|Q2,Goldman Sachs,GS,2025,Q2,Financials,P2,Dragos,All,All,full,BUY,0.5,HOLD,0,25,,,1,,,,YES,YES,IN,no,assumed - no rater record,,,,2025-07-16,,Phase 2/Goldman Sachs/Q2 2025/GS-Q2-2025-presentation-SEC-EX99-2.htm; Phase 2/Goldman Sachs/Q2 2025/GS-Q2-2025-press-release-SEC-EX99-1.htm; Phase 2/Goldman Sachs/Q2 2025/GS-Q2-2025-earnings-call-transcript-MotleyFool.html,https://www.fool.com/earnings/call-transcripts/2025/07/16/goldman-sachs-gs-q2-2025-earnings-call-transcript/; https://www.sec.gov/Archives/edgar/data/886982/000119312525159560/d41877dex991.htm; https://www.sec.gov/Archives/edgar/data/886982/000119312525159560/d41877dex992.htm,manifest (whole bundle),The Motley Fool,"free to read, copyright asserted",no,yes,3,"Strong beat: EPS +27% yoy, revs +15%, advisory +26%, backlog up 5th straight qtr, 33% dividend hike to $4.00 (pre-announced via CCAR). Optimistic IB outlook, no big one-offs. Strength well telegraphed after Q1 records and market rally into print; ROE 12.8% softer. [memory] I recall GS trading near record highs into this July 2025 print.",other,"earnings calendar, seconded independently"
Goldman Sachs|2025|Q3,Goldman Sachs,GS,2025,Q3,Financials,P2,Dragos,All,All,full,BUY,0.55,BUY,1,34,,,1,,,,YES,YES,IN,no,assumed - no rater record,,,,2025-10-14,,Phase 2/Goldman Sachs/Q3 2025/GS-Q3-2025-presentation-SEC-EX99-2.htm; Phase 2/Goldman Sachs/Q3 2025/GS-Q3-2025-press-release-SEC-EX99-1.htm; Phase 2/Goldman Sachs/Q3 2025/GS-Q3-2025-earnings-call-transcript-InsiderMonkey.html,https://www.insidermonkey.com/blog/the-goldman-sachs-group-inc-nysegs-q3-2025-earnings-call-transcript-1628253/; https://www.sec.gov/Archives/edgar/data/886982/000119312525238058/d899312dex991.htm; https://www.sec.gov/Archives/edgar/data/886982/000119312525238058/d899312dex992.htm,manifest (whole bundle),Insider Monkey (Koala Guide LLC),"free to read, copyright asserted",no,yes,3,"Very strong: EPS +46% yoy, revs +20%, IB fees +42% on M&A boom, all segments up, sponsor pipeline +40%. But backlog flat qoq, buyback slowed to $2B (avg cost $718 shows huge run-up into print), CEO warned of investor exuberance/AI cycle. Strength well telegraphed after two blowout qtrs - high bar.",price_based,price signal — only this window shows an abnormal move
Goldman Sachs|2025|Q4,Goldman Sachs,GS,2025,Q4,Financials,P2,Dragos,All,All,full,BUY,0.45,BUY,1,21,,,1,,,,YES,YES,IN,no,assumed - no rater record,,,,2026-01-15,,Phase 2/Goldman Sachs/Q4 2025/GS-Q4-2025-presentation-SEC-EX99-2.htm; Phase 2/Goldman Sachs/Q4 2025/GS-Q4-2025-press-release-SEC-EX99-1.htm; Phase 2/Goldman Sachs/Q4 2025/GS-Q4-2025-earnings-call-transcript-MotleyFool.html,https://www.fool.com/earnings/call-transcripts/2026/01/15/goldman-sachs-gs-q4-2025-earnings-transcript/; https://www.sec.gov/Archives/edgar/data/886982/000088698226000008/a4q25gsearningsresults.htm; https://www.sec.gov/Archives/edgar/data/886982/000088698226000008/a4q25gsearningsresultspr.htm,manifest (whole bundle),The Motley Fool,"free to read, copyright asserted",no,yes,3,"EPS $14.01 +17% yoy, FY $51.32 +27%; GBM +22%, IB fees +25%, backlog up, dividend hiked to $4.50. Apple Card exit one-off net +$0.46 EPS (markdown offset by reserve release) muddies quality; revs -3% yoy optically. Reaffirmed mid-teens ROE, new 30% AWM margin target. Strong but expected after blowout year; one-off noise cuts both ways.",price_based,price signal — only this window shows an abnormal move
Goldman Sachs|2026|Q1,Goldman Sachs,GS,2026,Q1,Financials,P2,Dragos,All,All,full,BUY,0.4,SELL,0,24,,,1,,,,YES,YES,IN,no,assumed - no rater record,,,,2026-04-13,,Phase 2/Goldman Sachs/Q1 2026/GS-Q1-2026-presentation-SEC-EX99-2.htm; Phase 2/Goldman Sachs/Q1 2026/GS-Q1-2026-press-release-SEC-EX99-1.htm; Phase 2/Goldman Sachs/Q1 2026/GS-Q1-2026-earnings-call-transcript-MotleyFool.html,https://www.fool.com/earnings/call-transcripts/2026/04/13/goldman-sachs-gs-q1-2026-earnings-transcript/; https://www.sec.gov/Archives/edgar/data/886982/000088698226000096/a1q26gsearningsresults.htm; https://www.sec.gov/Archives/edgar/data/886982/000088698226000096/a1q26gsearningsresultspr.htm,manifest (whole bundle),The Motley Fool,"free to read, copyright asserted",no,yes,3,"Headline blowout: EPS $17.55 +24%, ROE 19.8%, record GBM/Equities/AUS, $5B buyback. But $2.91 EPS from one-off tax benefit (13.2% tax rate), FICC -10% yoy, IB backlog down slightly - first backlog decline in 6 qtrs. Q&A probed credit cycle/private credit losses. Strong but lower-quality beat into sky-high expectations.",price_based,price signal — only this window shows an abnormal move
Goldman Sachs|2026|Q2,Goldman Sachs,GS,2026,Q2,Financials,P2,Dragos,All,All,full,BUY,0.8,HOLD,0,21,,,1,,,,YES,YES,IN,no,assumed - no rater record,,,,2026-07-14,,Phase 2/Goldman Sachs/Q2 2026/GS-Q2-2026-presentation-SEC-EX99-2.htm; Phase 2/Goldman Sachs/Q2 2026/GS-Q2-2026-press-release-SEC-EX99-1.htm; Phase 2/Goldman Sachs/Q2 2026/GS-Q2-2026-earnings-call-transcript-AlphaStreet.html,https://news.alphastreet.com/goldman-sachs-group-inc-gs-q2-2026-earnings-call-transcript/; https://www.sec.gov/Archives/edgar/data/886982/000088698226000294/a2q26gsearningsresults.htm; https://www.sec.gov/Archives/edgar/data/886982/000088698226000294/a2q26gsearningsresultspr.htm,manifest (whole bundle),not publisher-identified,not publisher-identified,no,yes,3,"Unambiguous blowout: record revs $20.3B +39%, record EPS $20.98 +92% yoy, ROE 23.5%, Equities +72%, IB fees +55%, record advisory backlog, dividend to $5.00, provisions only $102M, raised alts fundraising target. Magnitude looks well beyond consensus even with high expectations. Risk: peak-cycle numbers, everything priced for perfection. Post-cutoff quarter, no memory possible.",price_based,price signal — only this window shows an abnormal move
Charles Schwab|2025|Q1,Charles Schwab,SCHW,2025,Q1,Financials,P2,Dragos,All,All,full,BUY,0.6,HOLD,0,25,,,1,,,,YES,YES,IN,no,assumed - no rater record,,,,2025-04-17,,Phase 2/Charles Schwab/Q1 2025/SCHW-Q1-2025-press-release-SEC-EX99-1.htm; Phase 2/Charles Schwab/Q1 2025/SCHW-Q1-2025-earnings-call-transcript-InsiderMonkey.html,https://www.insidermonkey.com/blog/the-charles-schwab-corporation-nyseschw-q1-2025-earnings-call-transcript-1511418/; https://www.sec.gov/Archives/edgar/data/316709/000031670925000019/a1q25exhibit991.htm,manifest (whole bundle),Insider Monkey (Koala Guide LLC),"free to read, copyright asserted",no,yes,2,"Record revenue +18%, adj EPS $1.04 +41%, NNA $137.7B +44%, div +8%, $1.5B buyback; tracking upper end of FY EPS scenario amid April tariff volatility with record trading. Risk: rate-cut path could trim 4Q NIM; macro fear tape means market braced for worse, beat should pop.",price_based,price signal — only this window shows an abnormal move
Charles Schwab|2025|Q2,Charles Schwab,SCHW,2025,Q2,Financials,P2,Dragos,All,All,full,BUY,0.7,HOLD,0,30,,,1,,,,YES,YES,IN,no,assumed - no rater record,,,,2025-07-18,,Phase 2/Charles Schwab/Q2 2025/SCHW-Q2-2025-press-release-SEC-EX99-1.htm; Phase 2/Charles Schwab/Q2 2025/SCHW-Q2-2025-earnings-call-transcript-InsiderMonkey.html,https://www.insidermonkey.com/blog/the-charles-schwab-corporation-nyseschw-q2-2025-earnings-call-transcript-1573625/; https://www.sec.gov/Archives/edgar/data/316709/000031670925000033/a2q25exhibit991.htm,manifest (whole bundle),Insider Monkey (Koala Guide LLC),"free to read, copyright asserted",no,yes,2,"Blowout: record rev +25%, adj EPS $1.14 +56%, margin >50%, NNA +31%; FY EPS scenario raised to $4.55-4.65 from $4.10-4.20, NIM guide up. Risk: trading-driven strength partly known; buyback modest at $350M.",price_based,price signal — only this window shows an abnormal move
Charles Schwab|2025|Q3,Charles Schwab,SCHW,2025,Q3,Financials,P2,Dragos,All,All,full,BUY,0.7,BUY,1,26,,,1,,,,YES,YES,IN,no,assumed - no rater record,,,,2025-10-16,,Phase 2/Charles Schwab/Q3 2025/SCHW-Q3-2025-press-release-SEC-EX99-1.htm; Phase 2/Charles Schwab/Q3 2025/SCHW-Q3-2025-earnings-call-transcript-InsiderMonkey.html,https://www.insidermonkey.com/blog/the-charles-schwab-corporation-nyseschw-q3-2025-earnings-call-transcript-1631368/; https://www.sec.gov/Archives/edgar/data/316709/000031670925000046/a3q25exhibit991.htm,manifest (whole bundle),Insider Monkey (Koala Guide LLC),"free to read, copyright asserted",no,yes,2,"Third straight record: rev +27%, adj EPS $1.31 +70%, NNA +44%, buyback up to $2.7B, NIM 2.86%; guided ~2%+ above upper end of July scenario. Risk: momentum now well known, so bar is high; rate cuts into 2026 an overhang.",other,"earnings calendar, seconded independently"
Charles Schwab|2025|Q4,Charles Schwab,SCHW,2025,Q4,Financials,P2,Dragos,All,All,full,BUY,0.5,BUY,1,29,,,1,,,,YES,YES,IN,no,assumed - no rater record,,,,2026-01-21,,Phase 2/Charles Schwab/Q4 2025/SCHW-Q4-2025-press-release-SEC-EX99-1.htm; Phase 2/Charles Schwab/Q4 2025/SCHW-Q4-2025-earnings-call-transcript-MotleyFool.html,https://www.fool.com/earnings/call-transcripts/2026/03/24/schwab-schw-q4-2025-earnings-call-transcript/; https://www.sec.gov/Archives/edgar/data/316709/000031670926000004/a4q25exhibit991.htm,manifest (whole bundle),The Motley Fool,"free to read, copyright asserted",no,yes,2,"Record Q4: adj EPS $1.39 +38%, NNA $163.9B, FY EPS $4.87 beat own raised scenario; but 2026 guide decelerates to rev +9.5-10.5%, EPS $5.70-5.80, expenses 5.5-6.5%. Fourth straight record is fully telegraphed; guide is solid not a raise-shock, so inside the gap bar.",other,"earnings calendar, seconded independently"
Charles Schwab|2026|Q1,Charles Schwab,SCHW,2026,Q1,Financials,P2,Dragos,All,All,full,BUY,0.5,HOLD,0,21,,,1,,,,YES,YES,IN,no,assumed - no rater record,,,,2026-04-16,,Phase 2/Charles Schwab/Q1 2026/SCHW-Q1-2026-press-release-SEC-EX99-1.htm; Phase 2/Charles Schwab/Q1 2026/SCHW-Q1-2026-earnings-call-transcript-InsiderMonkey.html,https://www.insidermonkey.com/blog/the-charles-schwab-corporation-nyseschw-q1-2026-earnings-call-transcript-1740197/; https://www.sec.gov/Archives/edgar/data/316709/000031670926000016/a1q26exhibit991.htm,manifest (whole bundle),Insider Monkey (Koala Guide LLC),"free to read, copyright asserted",no,yes,2,"Record adj EPS $1.43 +38%, NNA $158B ex-deconversion, div +19%, tracking above FY $5.70-5.80 scenario with no-cut curve a tailwind. Overhang: Q&A dominated by cash-sweep monetization fears (JPM product, agentic AI) and lower rev per trade; strong print into a braced market favors an up-gap.",price_based,price signal — both moved; this one dominates
Airbnb|2025|Q4,Airbnb,ABNB,2025,Q4,Consumer Discretionary,P2,Anna,Transcript,All,transcript only,BUY,0.3,BUY,1,25,,,1,,,,YES,YES,IN,no,assumed - no rater record,,,,2026-02-12,,Phase 2/Airbnb/Airbnb-Q4-25-Earnings-Call-Transcript.pdf,,unique filename match,FactSet CallStreet,licensed vendor,no,no,1,,price_based,price signal — only this window shows an abnormal move
Lowe's|2025|Q4,Lowe's,LOW,2025,Q4,Consumer Discretionary,P2,Anna,Transcript,All,transcript only,SELL,-0.3,SELL,1,23,,,1,,,,YES,YES,IN,no,assumed - no rater record,,,,2026-02-25,,Phase 2/Lowe's/low-usq-transcript_2026-02-25.pdf,,unique filename match,Refinitiv / LSEG StreetEvents,licensed vendor,no,no,1,,other,recorded price identified against every pulled series
Lowe's|2025|Q2,Lowe's,LOW,2025,Q2,Consumer Discretionary,P2,Anna,Transcript,All,transcript only,HOLD,0.2,HOLD,1,25,,,1,,,,YES,YES,IN,no,assumed - no rater record,,,,2025-08-20,,Phase 2/Lowe's/low-usq-transcript-2025-08-20.pdf,,unique filename match,Refinitiv / LSEG StreetEvents,licensed vendor,no,no,1,,fact_based,release date + stated time
Lowe's|2025|Q3,Lowe's,LOW,2025,Q3,Consumer Discretionary,P2,Anna,Transcript,All,transcript only,HOLD,0.1,SELL,0,30,,,1,,,,YES,YES,IN,no,assumed - no rater record,,,,2025-11-19,,Phase 2/Lowe's/low-usq-transcript-2025-11-19.pdf,,unique filename match,Refinitiv / LSEG StreetEvents,licensed vendor,no,no,1,,price_based,document date + price signal
Lowe's|2026|Q1,Lowe's,LOW,2026,Q1,Consumer Discretionary,P2,Anna,Transcript,All,transcript only,BUY,0.4,SELL,0,22,,,1,,,,YES,YES,IN,no,assumed - no rater record,,,,2025-05-21,,Phase 2/Lowe's/2026-Q1/LOW-2026-Q1-earnings-call-transcript-corporate-lowes-com.pdf,https://corporate.lowes.com/sites/lowes-corp/files/low-usq-transcript-2026-05-20-1.pdf,manifest,Refinitiv / LSEG StreetEvents,licensed vendor,no,yes,1,,other,price signal
CVS Health|2026|Q1,CVS Health,CVS,2026,Q1,Health Care,P2,Anna,Transcript,All,transcript only,BUY,0.5,HOLD,0,35,,,1,,,,YES,YES,IN,no,assumed - no rater record,,,,2026-05-06,,Phase 2/CVS Health/CVS-Health-Q1-2026-Earnings-Transcript.pdf,,unique filename match,FactSet CallStreet,licensed vendor,no,no,1,,other,recorded price identified against every pulled series
Uber|2025|Q1,Uber,UBER,2025,Q1,Industrials,P2,Abdul,Transcript,All,transcript only,SELL,-0.3,HOLD,0,30,,,1,,,,YES,YES,IN,no,assumed - no rater record,,,,2025-05-07,,Phase 2/Uber/uber-q1-25-earnings-call-transcript.pdf,,unique filename match,FactSet CallStreet,licensed vendor,no,no,1,,price_based,price signal — both moved; this one dominates
Uber|2025|Q2,Uber,UBER,2025,Q2,Industrials,P2,Abdul,Transcript,All,transcript only,BUY,0.4,HOLD,0,21,,,1,,,,YES,YES,IN,no,assumed - no rater record,,,,2025-08-06,,Phase 2/Uber/uber-q2-25-earnings-call-transcript.pdf,,unique filename match,FactSet CallStreet,licensed vendor,no,no,1,,price_based,price signal — only this window shows an abnormal move
Uber|2025|Q4,Uber,UBER,2025,Q4,Industrials,P2,Abdul,Transcript,All,transcript only,BUY,0.5,BUY,1,27,,,1,,,,YES,YES,IN,no,assumed - no rater record,,,,2026-02-04,,Phase 2/Uber/Uber-Q4-25-Earnings-Call-Transcript.pdf,,unique filename match,FactSet CallStreet,licensed vendor,no,no,1,,price_based,price signal — only this window shows an abnormal move
Uber|2026|Q1,Uber,UBER,2026,Q1,Industrials,P2,Abdul,Transcript,All,transcript only,BUY,0.3,HOLD,0,35,,,1,,,,YES,YES,IN,no,assumed - no rater record,,,,2026-05-06,,Phase 2/Uber/Uber-Q1-26-Earnings-Call-Transcript.pdf,,unique filename match,FactSet CallStreet,licensed vendor,no,no,1,,price_based,price signal — only this window shows an abnormal move
Coinbase|2026|Q1,Coinbase,COIN,2026,Q1,Financials,P2,David,All,All,full,BUY,0.35,SELL,0,63,,,1,,,,YES,YES,IN,no,assumed - no rater record,,,,2026-05-07,filled 11 Aug 2026 from the corpus manifest: the company-quarter holds exactly one document and the manifest carries its release date,Phase 2/Coin Base/2026-Q1/COIN-2026-Q1-press-release-SEC-EX-99-1.htm,https://www.sec.gov/Archives/edgar/data/1679788/000167978826000053/q126earningsdeck-finalse.htm,manifest,not publisher-identified,not publisher-identified,no,yes,1,,fact_based,release date + stated time in the document (rater worksheet)
Coinbase|2025|Q3,Coinbase,COIN,2025,Q3,Financials,P2,David,All,All,full,BUY,0.6,BUY,1,49,,,1,,,,YES,YES,IN,no,assumed - no rater record,,,,2025-10-30,filled 11 Aug 2026 from the corpus manifest: the company-quarter holds exactly one document and the manifest carries its release date,Phase 2/Coin Base/2025-Q3/COIN-2025-Q3-press-release-SEC-EX-99-1.htm,https://www.sec.gov/Archives/edgar/data/1679788/000167978825000207/q325shareholderletter.htm,manifest,not publisher-identified,not publisher-identified,no,yes,1,,fact_based,release date + stated time in the document (rater worksheet)
Coinbase|2025|Q4,Coinbase,COIN,2025,Q4,Financials,P2,David,All,All,full,HOLD,-0.1,HOLD,1,42,,,1,,,,YES,YES,IN,no,assumed - no rater record,,,,2026-02-12,filled 11 Aug 2026 from the corpus manifest: the company-quarter holds exactly one document and the manifest carries its release date,Phase 2/Coin Base/2025-Q4/COIN-2025-Q4-press-release-SEC-EX-99-1.htm,https://www.sec.gov/Archives/edgar/data/1679788/000167978826000011/q425shareholderletter.htm,manifest,not publisher-identified,not publisher-identified,no,yes,1,,fact_based,release date + stated time in the document (rater worksheet)
Eli Lilly|2026|Q1,Eli Lilly,LLY,2026,Q1,Health Care,P2,David,All,All,full,BUY,0.85,BUY,1,68,,,1,,,,YES,YES,IN,no,assumed - no rater record,,,,2026-04-30,filled 11 Aug 2026 from the corpus manifest: the company-quarter holds exactly one document and the manifest carries its release date,Phase 2/Eli Lilly/2026-Q1/LLY-2026-Q1-press-release-SEC-EX-99.htm,https://www.sec.gov/Archives/edgar/data/59478/000005947826000043/q126lillysalesandearningsp.htm,manifest,not publisher-identified,not publisher-identified,no,yes,1,,fact_based,release date + stated time in the document (rater worksheet)
Eli Lilly|2025|Q3,Eli Lilly,LLY,2025,Q3,Health Care,P2,David,All,All,full,SELL,-0.35,BUY,0,61,,,1,,,,YES,YES,IN,no,assumed - no rater record,,,,2025-10-30,filled 11 Aug 2026 from the corpus manifest: the company-quarter holds exactly one document and the manifest carries its release date,Phase 2/Eli Lilly/2025-Q3/LLY-2025-Q3-press-release-SEC-EX-99-1.htm,https://www.sec.gov/Archives/edgar/data/59478/000005947825000251/q325lillysalesandearningsp.htm,manifest,not publisher-identified,not publisher-identified,no,yes,1,,fact_based,release date + stated time in the document (rater worksheet)
Eli Lilly|2025|Q4,Eli Lilly,LLY,2025,Q4,Health Care,P2,David,All,All,full,BUY,0.8,BUY,1,57,,,1,,,,YES,YES,IN,no,assumed - no rater record,,,,2026-02-04,filled 11 Aug 2026 from the corpus manifest: the company-quarter holds exactly one document and the manifest carries its release date,Phase 2/Eli Lilly/2025-Q4/LLY-2025-Q4-press-release-SEC-EX-99-1.htm,https://www.sec.gov/Archives/edgar/data/59478/000005947826000008/q425lillysalesandearningsp.htm,manifest,not publisher-identified,not publisher-identified,no,yes,1,,fact_based,release date + stated time in the document (rater worksheet)
Meta|2026|Q1,Meta,META,2026,Q1,Communication Services,P2,David,All,All,full,BUY,0.7,SELL,0,46,,,1,,,,YES,YES,IN,no,assumed - no rater record,,,,2026-04-29,filled 11 Aug 2026 from the corpus manifest: the company-quarter holds exactly one document and the manifest carries its release date,Phase 2/META/2026-Q1/META-2026-Q1-press-release-SEC-EX-99-1.htm,https://www.sec.gov/Archives/edgar/data/1326801/000162828026028364/meta-03312026xexhibit991.htm,manifest,not publisher-identified,not publisher-identified,no,yes,1,,fact_based,release date + stated time in the document (rater worksheet)
Meta|2025|Q3,Meta,META,2025,Q3,Communication Services,P2,David,All,All,full,BUY,0.45,SELL,0,53,,,1,,,,YES,YES,IN,no,assumed - no rater record,,,,2025-10-29,filled 11 Aug 2026 from the corpus manifest: the company-quarter holds exactly one document and the manifest carries its release date,Phase 2/META/2025-Q3/META-2025-Q3-press-release-SEC-EX-99-1.htm,https://www.sec.gov/Archives/edgar/data/1326801/000162828025047114/meta-09302025xexhibit991.htm,manifest,not publisher-identified,not publisher-identified,no,yes,1,,fact_based,release date + stated time in the document (rater worksheet)
Meta|2025|Q4,Meta,META,2025,Q4,Communication Services,P2,David,All,All,full,BUY,0.5,BUY,1,65,,,1,,,,YES,YES,IN,no,assumed - no rater record,,,,2026-01-28,filled 11 Aug 2026 from the corpus manifest: the company-quarter holds exactly one document and the manifest carries its release date,Phase 2/META/2025-Q4/META-2025-Q4-press-release-SEC-EX-99-1.htm,https://www.sec.gov/Archives/edgar/data/1326801/000162828026003832/meta-12312025xexhibit991.htm,manifest,not publisher-identified,not publisher-identified,no,yes,1,,fact_based,release date + stated time in the document (rater worksheet)
Tesla|2026|Q1,Tesla,TSLA,2026,Q1,Consumer Discretionary,P2,David,All,All,full,BUY,0.35,SELL,0,41,,,1,,,,YES,YES,IN,no,assumed - no rater record,,,,2026-04-22,filled 11 Aug 2026 from the corpus manifest: the company-quarter holds exactly one document and the manifest carries its release date,Phase 2/Tesla/2026-Q1/TSLA-2026-Q1-press-release-SEC-EX-99-1.htm,https://www.sec.gov/Archives/edgar/data/1318605/000162828026026551/exhibit991.htm,manifest,not publisher-identified,not publisher-identified,no,yes,1,,fact_based,release date + stated time in the document (rater worksheet)
Tesla|2025|Q3,Tesla,TSLA,2025,Q3,Consumer Discretionary,P2,David,All,All,full,BUY,0.6,HOLD,0,60,,,1,,,,YES,YES,IN,no,assumed - no rater record,,,,2025-10-22,filled 11 Aug 2026 from the corpus manifest: the company-quarter holds exactly one document and the manifest carries its release date,Phase 2/Tesla/2025-Q3/TSLA-2025-Q3-press-release-SEC-EX-99-1.htm,https://www.sec.gov/Archives/edgar/data/1318605/000162828025045861/exhibit991.htm,manifest,not publisher-identified,not publisher-identified,no,yes,1,,fact_based,release date + stated time in the document (rater worksheet)
Tesla|2025|Q4,Tesla,TSLA,2025,Q4,Consumer Discretionary,P2,David,All,All,full,BUY,0.6,BUY,1,50,,,1,,,,YES,YES,IN,no,assumed - no rater record,,,,2026-01-28,filled 11 Aug 2026 from the corpus manifest: the company-quarter holds exactly one document and the manifest carries its release date,Phase 2/Tesla/2025-Q4/TSLA-2025-Q4-press-release-SEC-EX-99-1.htm,https://www.sec.gov/Archives/edgar/data/1318605/000162828026003837/exhibit991.htm,manifest,not publisher-identified,not publisher-identified,no,yes,1,,fact_based,release date + stated time in the document (rater worksheet)
Pfizer|2025|Q1,Pfizer,PFE,2025,Q1,Health Care,P2,Abdul,Transcript,All,transcript only,SELL,-0.3,SELL,1,55,,,1,,,,YES,YES,IN,no,assumed - no rater record,,,,2025-04-29,,Phase 2/Pfizer/PFE-USQ_Transcript_2025-04-29.pdf,,unique filename match,Refinitiv / LSEG StreetEvents,licensed vendor,no,no,1,,other,"earnings calendar, seconded independently"
Pfizer|2025|Q2,Pfizer,PFE,2025,Q2,Health Care,P2,Abdul,Transcript,All,transcript only,BUY,0.4,HOLD,0,45,,,1,,,,YES,YES,IN,no,assumed - no rater record,,,,2025-08-05,,Phase 2/Pfizer/PFE-USQ_Transcript_2025-08-05.pdf,,unique filename match,Refinitiv / LSEG StreetEvents,licensed vendor,no,no,1,,price_based,price signal — both moved; this one dominates
Pfizer|2025|Q4,Pfizer,PFE,2025,Q4,Health Care,P2,Abdul,Transcript,All,transcript only,SELL,-0.6,HOLD,0,49,,,1,,,,YES,YES,IN,no,assumed - no rater record,,,,2026-02-03,,Phase 2/Pfizer/PFE-USQ_Transcript_2026-02-03.pdf,,unique filename match,Refinitiv / LSEG StreetEvents,licensed vendor,no,no,1,,price_based,price signal — only this window shows an abnormal move
Pfizer|2026|Q1,Pfizer,PFE,2026,Q1,Health Care,P2,Abdul,Transcript,All,transcript only,BUY,0.7,HOLD,0,40,,,1,,,,YES,YES,IN,no,assumed - no rater record,,,,2026-05-05,,Phase 2/Pfizer/PFE-USQ_Transcript_2026-05-05.pdf,,unique filename match,Refinitiv / LSEG StreetEvents,licensed vendor,no,no,1,,other,"earnings calendar, seconded independently"
Microsoft|2025|Q1,Microsoft,MSFT,2025,Q1,Information Technology,P2,Abdul,Transcript,All,transcript only,HOLD,0.1,HOLD,1,70,,,1,,,,YES,YES,IN,no,assumed - no rater record,,,,2025-04-30,,Phase 2/Microsoft/2025-Q1/MSFT-2025-Q1-earnings-call-transcript-microsoft-com.html,https://www.microsoft.com/en-us/investor/events/fy-2025/earnings-fy-2025-q1,manifest,not publisher-identified,not publisher-identified,no,yes,1,,price_based,price signal — both moved; this one dominates
Microsoft|2025|Q2,Microsoft,MSFT,2025,Q2,Information Technology,P2,Abdul,Transcript,All,transcript only,SELL,-0.6,BUY,0,55,,,1,,,,YES,YES,IN,no,assumed - no rater record,,,,2025-07-30,,Phase 2/Microsoft/2025-Q2/MSFT-2025-Q2-earnings-call-transcript-fool-com.html,https://www.fool.com/earnings/call-transcripts/2025/01/29/microsoft-msft-q2-2025-earnings-call-transcript/,manifest,The Motley Fool,"free to read, copyright asserted",no,yes,1,,price_based,price signal — only this window shows an abnormal move
Microsoft|2026|Q1,Microsoft,MSFT,2026,Q1,Information Technology,P2,Abdul,Transcript,All,transcript only,SELL,-0.4,BUY,0,46,,,1,,,,YES,YES,IN,no,assumed - no rater record,,,,2026-04-29,,Phase 2/Microsoft/2026-Q1/MSFT-2026-Q1-earnings-call-transcript-microsoft-com.html,https://www.microsoft.com/en-us/investor/events/fy-2026/earnings-fy-2026-q1,manifest,not publisher-identified,not publisher-identified,no,yes,1,,price_based,price signal — only this window shows an abnormal move
Ford|2025|Q2,Ford,F,2025,Q2,Consumer Discretionary,P2,Abdul,Transcript,All,transcript only,HOLD,-0.1,SELL,0,58,,,1,,,,YES,YES,IN,no,assumed - no rater record,,,,2025-07-30,,Phase 2/Ford/Ford-Q2-2025-Earnings-Call-Transcript.pdf,,unique filename match,not publisher-identified,not publisher-identified,no,no,1,,price_based,price signal — only this window shows an abnormal move
Ford|2025|Q4,Ford,F,2025,Q4,Consumer Discretionary,P2,Abdul,Transcript,All,transcript only,HOLD,0.2,BUY,0,48,,,1,,,,YES,YES,IN,no,assumed - no rater record,,,,2026-02-10,,Phase 2/Ford/Ford-Q4-2025-Earnings-Call-Transcript.pdf,,unique filename match,not publisher-identified,not publisher-identified,no,no,1,,other,"earnings calendar, seconded independently"
Ford|2026|Q1,Ford,F,2026,Q1,Consumer Discretionary,P2,Abdul,Transcript,All,transcript only,SELL,-0.3,HOLD,0,50,,,1,,,,YES,YES,IN,no,assumed - no rater record,,,,2026-04-29,,Phase 2/Ford/Ford-Q1-2026-Earnings-Call-Transcript.pdf,,unique filename match,not publisher-identified,not publisher-identified,no,no,1,,price_based,price signal — only this window shows an abnormal move
Barclays|2025|Q2,Barclays,BCS,2025,Q2,Financials,P2,Abdul,Transcript,All,transcript only,BUY,0.4,HOLD,0,41,,,1,,,,YES,YES,IN,no,assumed - no rater record,,,,2025-07-29,,Phase 2/Barclays/2025-Q2/BCS-2025-Q2-earnings-call-transcript-home-barclays.pdf,https://home.barclays/content/dam/home-barclays/documents/investor-relations/ResultAnnouncements/H12025Results/Q225-Q&A-Transcript.pdf,manifest,not publisher-identified,not publisher-identified,no,yes,1,,other,repriced on the issuer's primary listing
Barclays|2025|Q3,Barclays,BCS,2025,Q3,Financials,P2,Abdul,Transcript,All,transcript only,BUY,0.3,BUY,1,45,,,1,,,,YES,YES,IN,no,assumed - no rater record,,,,2025-10-22,,Phase 2/Barclays/2025-Q3/BCS-2025-Q3-earnings-call-transcript-fool-com.html,https://www.fool.com/earnings/call-transcripts/2026/04/28/barclays-bcs-q3-2025-earnings-call-transcript/,manifest,The Motley Fool,"free to read, copyright asserted",no,yes,1,,other,repriced on the issuer's primary listing
Barclays|2026|Q1,Barclays,BCS,2026,Q1,Financials,P2,Abdul,Transcript,All,transcript only,HOLD,0.1,SELL,0,35,,,1,,,,YES,YES,IN,no,assumed - no rater record,,,,2026-04-28,,Phase 2/Barclays/2026-Q1/BCS-2026-Q1-earnings-call-transcript-home-barclays.pdf,https://home.barclays/content/dam/home-barclays/documents/investor-relations/ResultAnnouncements/Q12026Results/Q126%20Results%20QA%20transcript.pdf,manifest,not publisher-identified,not publisher-identified,no,yes,1,,other,repriced on the issuer's primary listing
United Airlines|2025|Q1,United Airlines,UAL,2025,Q1,Industrials,P2,Nigel,All,All,full,BUY,0.7,SELL,0,18,,,1,,,,YES,YES,IN,no,assumed - no rater record,,,,2025-04-16,,Phase 2/United Airlines/Q1/Q1 2025 United Airlines Holdings Inc Earnings Call Transcript.pdf; Phase 2/United Airlines/Q1/Q1 2025 Financial Results Final.pdf,,whole bundle (Document = All),not publisher-identified,not publisher-identified,no,no,2,"Best Q1 in five years despite macro pressure; growth across diversified revenue streams; largest ASM schedule in history and best on-time performance since 2021; premium and international the main profit sources and less exposed to macro; fleet renewal with older aircraft phasing out; off-peak capacity cuts to trim costs. Q2 demand and RASM assumptions cut conservatively, confident tone.",price_based,price signal — only this window shows an abnormal move
United Airlines|2025|Q2,United Airlines,UAL,2025,Q2,Industrials,P2,Nigel,All,All,full,BUY,0.4,HOLD,0,15,,,1,,,,YES,YES,IN,no,assumed - no rater record,,,,2025-07-17,,Phase 2/United Airlines/Q2/Q2 2025 United Airlines Holdings Inc Earnings Call Transcript.pdf; Phase 2/United Airlines/Q2/Q2 2025 Investor Update Final.pdf; Phase 2/United Airlines/Q2/Q2 2025 Earnings Release Final.pdf,,whole bundle (Document = All),not publisher-identified,not publisher-identified,no,no,3,"Earnings and pre-tax margin both up and EPS beat Wall Street; weak RASM but better margin outcome; demand stabilised though 5 points softer than expected; costs running better than planned; largest international expansion in its history and continued premium build-out; best departure and cancellation rates since Covid; highest Q2 satisfaction since 2021. Expects less uncertainty in H2 with booking acceleration, confident tone.",other,recorded price identified against every pulled series
United Airlines|2025|Q3,United Airlines,UAL,2025,Q3,Industrials,P2,Nigel,All,All,full,BUY,0.6,BUY,1,14,,,1,,,,YES,YES,IN,no,assumed - no rater record,,,,2025-10-16,,Phase 2/United Airlines/Q3/Q3 2025 United Airlines Holdings Inc Earnings Call Transcript.pdf,,unique filename match,not publisher-identified,not publisher-identified,no,no,1,Profit beat Wall Street and EPS up; record quarterly passenger numbers and improving reliability; brand-loyal base cushioning macro volatility; continued route expansion and customer investment. Guides Q4 to highest quarterly revenue in company history and confident on 2026 margin expansion.,other,recorded price identified against every pulled series
United Airlines|2025|Q4,United Airlines,UAL,2025,Q4,Industrials,P2,Nigel,All,All,full,BUY,0.7,BUY,1,15,,,1,,,,YES,YES,IN,no,assumed - no rater record,,,,2026-01-21,,Phase 2/United Airlines/Q4/UAL 2025 10K.pdf; Phase 2/United Airlines/Q4/Q4 2025 United Airlines Holdings Inc Earnings Call Transcript.pdf; Phase 2/United Airlines/Q4/4Q_FY25 Earnings Release Final.pdf,,whole bundle (Document = All),not publisher-identified,not publisher-identified,one of several,no,3,"Highest quarterly revenue and unit revenue in UAL history; record passenger numbers and lowest ever seat cancellation rate; grew faster than any US airline and record November NPS despite the government shutdown; international flying rebounded. Expects sequential improvement and fastest ever international capacity growth in Q1 2026, confident tone.",other,recorded price identified against every pulled series
Novo Nordisk|2025|Q1,Novo Nordisk,NVO,2025,Q1,Health Care,P2,Nigel,All,All,full,BUY,0.4,SELL,0,21,,,1,,,,YES,YES,IN,no,assumed - no rater record,,,,2025-05-07,,Phase 2/Novo Nordisk/Q1/ca250507-q1-2025-updated.pdf; Phase 2/Novo Nordisk/Q1/Q1-2025-investor-presentation.pdf; Phase 2/Novo Nordisk/Q1/Q1-2025-financial-workbook.xlsx; Phase 2/Novo Nordisk/Q1/Q1 2025 Novo Nordisk A:S Earnings Call Transcript.pdf,,whole bundle (Document = All),not publisher-identified,not publisher-identified,no,no,4,"Sales up 18-20% and operating profit up 22% in DKK; 2025 outlook still strong but cut on slower US branded GLP-1 penetration; Wegovy US sales up 39%; sole obesity GLP-1 on CVS national formulary; oral GLP-1 filed for US approval and CagriSema trials promising; slight insulin share loss but still US leader. Guidance lowered, confident tone.",other,repriced on the issuer's primary listing
Novo Nordisk|2025|Q2,Novo Nordisk,NVO,2025,Q2,Health Care,P2,Nigel,All,All,full,BUY,0.3,SELL,0,25,,,1,,,,YES,YES,IN,no,assumed - no rater record,,,,2025-08-06,,Phase 2/Novo Nordisk/Q2/Q2-2025-investor-presentation-updated.pdf; Phase 2/Novo Nordisk/Q2/Q2-2025-financial-workbook.xlsx; Phase 2/Novo Nordisk/Q2/Q2 2025 Novo Nordisk A:S Earnings Call Transcript.pdf,,whole bundle (Document = All),not publisher-identified,not publisher-identified,no,no,3,"Sales up 16% and operating profit up 25%; 2025 outlook lowered again; CagriSema submitted to EU; international obesity care sales up 117% and 71% GLP-1 share; China sales down though share gaining; US diabetes GLP-1 class growth still slowing; new management; conservative downside range provided. Guidance lowered, prepared tone.",other,repriced on the issuer's primary listing
Novo Nordisk|2025|Q3,Novo Nordisk,NVO,2025,Q3,Health Care,P2,Nigel,All,All,full,HOLD,0.1,SELL,0,22,,,1,,,,YES,YES,IN,no,assumed - no rater record,,,,2025-11-05,,Phase 2/Novo Nordisk/Q3/ca251105-q3-2025.pdf; Phase 2/Novo Nordisk/Q3/Q3-investor-presentation-2025.pdf; Phase 2/Novo Nordisk/Q3/Q3-2025-financial-workbook.xlsx; Phase 2/Novo Nordisk/Q3/Novo Nordisk (NVO) Q3 2025 Earnings Transcript | The Motley Fool.pdf,,whole bundle (Document = All),The Motley Fool,"free to read, copyright asserted",no,no,4,"Slower sales and profit growth; 2025 outlook cut again; operating profit held back by restructuring costs, 21% underlying; agreed to acquire Akero; diabetes value share down though still leader; intensifying competition and pricing pressure; international sales down; Wegovy still growing strongly; expects lower GLP-1 growth ahead. Guidance lowered, cautious tone.",other,repriced on the issuer's primary listing
Novo Nordisk|2025|Q4,Novo Nordisk,NVO,2025,Q4,Health Care,P2,Nigel,All,All,full,SELL,-0.4,SELL,1,26,,,1,,,,YES,YES,IN,no,assumed - no rater record,,,,2026-02-04,,Phase 2/Novo Nordisk/Q4/novo-nordisk-annual-report-2025.pdf; Phase 2/Novo Nordisk/Q4/ca260203-q4-2025.pdf; Phase 2/Novo Nordisk/Q4/Q4-2025-investor-presentation-4Feb.pdf; Phase 2/Novo Nordisk/Q4/Q4-2025-financial-workbook.xlsx; Phase 2/Novo Nordisk/Q4/Q4 2025 Novo Nordisk A:S Earnings Call Transcript.pdf,,whole bundle (Document = All),not publisher-identified,not publisher-identified,no,no,5,"Q4 sales down 8% and gross margin lower; operating profit down on transformation costs, 6% underlying; negative sales growth expected for 2026 partly on DKK FX; FDA approval of first oral GLP-1 pill; GLP-1 sales down in China and emerging markets and insulin down in US and internationally; international share losses; intensifying competition and reduced Medicaid obesity coverage. Guidance negative, cautious tone.",other,repriced on the issuer's primary listing
Lockheed Martin|2025|Q1,Lockheed Martin,LMT,2025,Q1,Industrials,P2,Nigel,All,All,full,BUY,0.3,SELL,0,18,,,1,,,,YES,YES,IN,no,assumed - no rater record,,,,2025-04-22,,Phase 2/Lockheed Martin/Q1/Q1 2025 Lockheed Martin Corp Earnings Call Transcript.pdf; Phase 2/Lockheed Martin/Q1/Q1 2025 Earnings Release Financial Tables.xlsx; Phase 2/Lockheed Martin/Q1/Q1 2025 Earnings Release Financial Tables.pdf; Phase 2/Lockheed Martin/Q1/1Q 2025 Earnings Release FINAL.pdf,,whole bundle (Document = All),not publisher-identified,not publisher-identified,no,no,4,"Sales up modestly; net earnings and EPS up; FCF down on higher costs and contract assets; Aeronautics, MFC and RMS strong; Space sales down but profit up; new contract wins; strong international demand; insulated from tariffs with recovery mechanisms. 2025 guidance reaffirmed, confident tone.",other,"earnings calendar, seconded by the issuer's habit"
Lockheed Martin|2025|Q2,Lockheed Martin,LMT,2025,Q2,Industrials,P2,Nigel,All,All,full,HOLD,-0.2,SELL,0,15,,,1,,,,YES,YES,IN,no,assumed - no rater record,,,,2025-07-22,,Phase 2/Lockheed Martin/Q2/Q2 2025 Lockheed Martin Corp Earnings Call Transcript.pdf; Phase 2/Lockheed Martin/Q2/Q2 2025 Earnings Release Financial Tables.xlsx; Phase 2/Lockheed Martin/Q2/Q2 2025 Earnings Release Financial Tables.pdf; Phase 2/Lockheed Martin/Q2/2Q 2025 Earnings Release FINAL.pdf,,whole bundle (Document = All),not publisher-identified,not publisher-identified,no,no,4,"Sales up but operating profit and diluted EPS sharply down on working capital; significant loss on classified Aeronautics programme with cost overruns and schedule revisions; Aeronautics, Space and MFC up; RMS sales down and profit sharply down; segment and consolidated profit outlook cut; new contracts and F-35 orders won. Guidance lowered.",other,price signal
Lockheed Martin|2025|Q3,Lockheed Martin,LMT,2025,Q3,Industrials,P2,Nigel,All,All,full,BUY,0.7,BUY,1,15,,,1,,,,YES,YES,IN,no,assumed - no rater record,,,,2025-10-21,,Phase 2/Lockheed Martin/Q3/Q3 2025 Lockheed Martin Corp Earnings Call Transcript.pdf; Phase 2/Lockheed Martin/Q3/LMT 3Q 2025 Earnings Release.pdf; Phase 2/Lockheed Martin/Q3/LMT 3Q 2025 Earnings Release Financial Tables.xlsx; Phase 2/Lockheed Martin/Q3/LMT 3Q 2025 Earnings Release Financial Tables.pdf; Phase 2/Lockheed Martin/Q3/LMT 3Q 2025 Earnings Release Charts.pdf,,whole bundle (Document = All),not publisher-identified,not publisher-identified,no,no,5,"Sales, EPS and FCF all up; record backlog on major contract wins; all four segments improved; unprecedented demand from US and allies driving capacity expansion; confidence in supply chain. 2025 outlook raised, confident tone.",other,price signal
Lockheed Martin|2025|Q4,Lockheed Martin,LMT,2025,Q4,Industrials,P2,Nigel,All,All,full,BUY,0.6,BUY,1,18,,,1,,,,YES,YES,IN,no,assumed - no rater record,,,,2026-01-29,,Phase 2/Lockheed Martin/Q4/Q4 2025 Lockheed Martin Corp Earnings Call Transcript.pdf; Phase 2/Lockheed Martin/Q4/LMT 4Q 2025 Earnings Press Release.pdf; Phase 2/Lockheed Martin/Q4/LMT 4Q 2025 Earnings Presentation Slides.pdf; Phase 2/Lockheed Martin/Q4/LMT 4Q 2025 Earnings Financial Table.xlsx; Phase 2/Lockheed Martin/Q4/LMT 4Q 2025 Earnings Financial Table.pdf,,whole bundle (Document = All),not publisher-identified,not publisher-identified,no,no,5,"Sales, net earnings and EPS up sharply in the quarter though full-year EPS down 4% on higher costs; sales up in all divisions but profit down in Space and RMS; unprecedented 2025 demand; expects to extend and expand Department of War contracts. Healthy outlook reaffirmed, confident tone.",fact_based,release date + stated time
LVMH|2025|Q2,LVMH,MC.PA,2025,Q2,Consumer Discretionary,P2,Nigel,All,All,full,SELL,-0.4,HOLD,0,20,,,1,,,,YES,YES,IN,no,assumed - no rater record,,,,2025-07-24,,Phase 2/LVMH/2025-Q2/MC.PA-2025-Q2-results-LVMH-IR.pdf,,manifest,not publisher-identified,not publisher-identified,no,yes,1,"Revenue, profit and EPS down across all business groups; net debt up; FCF up; FX drag; Wines & Spirits hit by US-China trade tensions; F&LG margins above average; Sephora slowing in North America and China. No guidance, confident tone.",other,release time published by the issuer
LVMH|2025|Q4,LVMH,MC.PA,2025,Q4,Consumer Discretionary,P2,Nigel,All,All,full,SELL,-0.4,HOLD,0,15,,,1,,,,YES,YES,IN,no,assumed - no rater record,,,,2026-01-27,,Phase 2/LVMH/2025-Q4/MC.PA-2025-Q4-results-LVMH-IR.pdf,,manifest,not publisher-identified,not publisher-identified,no,yes,1,"Revenue, profit and EPS down on FX; FCF up; debt down; trends improved across all groups; F&LG resilient on Japan tourism; Wines & Spirits slowing; Asia down 2 points; margin above average. No guidance.",price_based,price signal — only this window shows an abnormal move
CVS Health|2025|Q2,CVS Health,CVS,2025,Q2,Health Care,P2,Anna,Transcript,All,transcript only,BUY,0.3,HOLD,0,20,,,1,,,,YES,YES,IN,no,assumed - no rater record,,,,2025-07-31,,Phase 2/CVS Health/CVS-Health-Q2-2025-Earnings-Transcript.pdf,,unique filename match,FactSet CallStreet,licensed vendor,no,no,1,,other,price signal
CVS Health|2025|Q4,CVS Health,CVS,2025,Q4,Health Care,P2,Anna,Transcript,All,transcript only,BUY,0.5,HOLD,0,25,,,1,,,,YES,YES,IN,no,assumed - no rater record,,,,2026-02-10,,Phase 2/CVS Health/CVS-Health-Q4-2025-Transcript.pdf,,unique filename match,FactSet CallStreet,licensed vendor,no,no,1,,other,price signal
CVS Health|2025|Q3,CVS Health,CVS,2025,Q3,Health Care,P2,Anna,Transcript,All,transcript only,BUY,0.3,BUY,1,22,,,1,,,,YES,YES,IN,no,assumed - no rater record,,,,2025-10-29,,Phase 2/CVS Health/CVS-Q3-2025-Earnings-Transcript.pdf,,unique filename match,FactSet CallStreet,licensed vendor,no,no,1,,price_based,price signal — only this window shows an abnormal move
FedEx|2026|Q2,FedEx,FDX,2026,Q2,Industrials,P2,Anna,Transcript,All,transcript only,HOLD,0.2,HOLD,1,20,,,1,,,,YES,YES,IN,no,assumed - no rater record,,,,2025-12-18,,Phase 2/FedEx/Earnings-Transcript-Q2FY26.pdf,,unique filename match,not publisher-identified,not publisher-identified,no,no,1,,price_based,document date + price signal
FedEx|2026|Q3,FedEx,FDX,2026,Q3,Industrials,P2,Anna,Transcript,All,transcript only,BUY,0.3,BUY,1,22,,,1,,,,YES,YES,IN,no,assumed - no rater record,,,,2026-03-19,,Phase 2/FedEx/Earnings-Transcript-Q3FY26.pdf,,unique filename match,not publisher-identified,not publisher-identified,no,no,1,,price_based,price signal — only this window shows an abnormal move
FedEx|2026|Q4,FedEx,FDX,2026,Q4,Industrials,P2,Anna,Transcript,All,transcript only,BUY,0.4,HOLD,0,25,,,1,,,,YES,YES,IN,no,assumed - no rater record,,,,2026-06-23,,Phase 2/FedEx/Earnings-Transcript-Q4FY26.pdf,,unique filename match,not publisher-identified,not publisher-identified,no,no,1,,price_based,price signal — only this window shows an abnormal move
FedEx|2026|Q1,FedEx,FDX,2026,Q1,Industrials,P2,Anna,Transcript,All,transcript only,BUY,0.3,SELL,0,19,,,1,,,,YES,YES,IN,no,assumed - no rater record,,,,2025-09-18,,Phase 2/FedEx/FDX-Q1-FY26-Earnings-Call-Transcript.pdf,,unique filename match,not publisher-identified,not publisher-identified,no,no,1,,price_based,price signal — only this window shows an abnormal move
Hilton|2025|Q1,Hilton,HLT,2025,Q1,Consumer Discretionary,P2,Anna,Transcript,All,transcript only,SELL,-0.3,SELL,1,27,,,1,,,,YES,YES,IN,no,assumed - no rater record,,,,2025-04-29,,Phase 2/Hilton/hilton-1q-2025-earnings-call-transcript.pdf,,unique filename match,S&P Global Market Intelligence (Capital IQ),licensed vendor,no,no,1,,other,price signal
Hilton|2025|Q2,Hilton,HLT,2025,Q2,Consumer Discretionary,P2,Anna,Transcript,All,transcript only,HOLD,-0.2,HOLD,1,28,,,1,,,,YES,YES,IN,no,assumed - no rater record,,,,2025-07-23,,Phase 2/Hilton/hilton-2q-2025-earnings-call-july-23-2025.pdf,,unique filename match,S&P Global Market Intelligence (Capital IQ),licensed vendor,no,no,1,,other,price signal
Hilton|2024|Q3,Hilton,HLT,2024,Q3,Consumer Discretionary,P2,Anna,Transcript,All,transcript only,HOLD,-0.2,HOLD,1,24,,,1,,,,YES,YES,IN,no,assumed - no rater record,,,,2025-10-22,,Phase 2/Hilton/hilton-3q-2024-earnings-call-october-22-2025.pdf,,unique filename match,S&P Global Market Intelligence (Capital IQ),licensed vendor,no,no,1,,other,recorded price identified against every pulled series
Hilton|2026|Q1,Hilton,HLT,2026,Q1,Consumer Discretionary,P2,Anna,Transcript,All,transcript only,BUY,0.3,HOLD,0,25,,,1,,,,YES,YES,IN,no,assumed - no rater record,,,,2026-04-28,,Phase 2/Hilton/hilton-q1-2026-earnings-transcript.pdf,,unique filename match,S&P Global Market Intelligence (Capital IQ),licensed vendor,no,no,1,,other,recorded price identified against every pulled series
Hilton|2025|Q4,Hilton,HLT,2025,Q4,Consumer Discretionary,P2,Anna,Transcript,All,transcript only,BUY,0.5,BUY,1,23,,,1,,,,YES,YES,IN,no,assumed - no rater record,,,,2026-02-11,,Phase 2/Hilton/hilton-q4-2025-earnings-transcript-combined.pdf,,unique filename match,S&P Global Market Intelligence (Capital IQ),licensed vendor,no,no,1,,other,price signal
Marriott|2025|Q2,Marriott,MAR,2025,Q2,Consumer Discretionary,P2,Anna,Transcript,All,transcript only,HOLD,0.2,SELL,0,22,,,1,,,,YES,YES,IN,no,assumed - no rater record,,,,2025-08-05,,Phase 2/Marriott/MAR Q2 2025 TRANSCRIPT 8-5-25 FINAL.pdf,,unique filename match,not publisher-identified,not publisher-identified,no,no,1,,other,"earnings calendar, seconded by the issuer's habit"
Marriott|2025|Q3,Marriott,MAR,2025,Q3,Consumer Discretionary,P2,Anna,Transcript,All,transcript only,BUY,0.3,HOLD,0,26,,,1,,,,YES,YES,IN,no,assumed - no rater record,,,,2025-11-04,,Phase 2/Marriott/MAR Q3 Earnings TRANSCRIPT 11-4-25 FINAL.pdf,,unique filename match,not publisher-identified,not publisher-identified,no,no,1,,price_based,document date + price signal
Marriott|2025|Q4,Marriott,MAR,2025,Q4,Consumer Discretionary,P2,Anna,Transcript,All,transcript only,SELL,-0.4,BUY,0,27,,,1,,,,YES,YES,IN,no,assumed - no rater record,,,,2026-02-10,,Phase 2/Marriott/2025-Q4/MAR-2025-Q4-earnings-call-transcript-fool-com.html,https://www.fool.com/earnings/call-transcripts/2026/02/10/marriott-mar-q4-2025-earnings-call-transcript/,manifest,The Motley Fool,"free to read, copyright asserted",no,yes,1,,other,recorded price identified against every pulled series
Marriott|2026|Q1,Marriott,MAR,2026,Q1,Consumer Discretionary,P2,Anna,Transcript,All,transcript only,HOLD,0.2,HOLD,1,29,,,1,,,,YES,YES,IN,no,assumed - no rater record,,,,2026-05-06,,Phase 2/Marriott/Marriott Q1 Earnings Transcript 5-6-26 FINAL.pdf,,unique filename match,not publisher-identified,not publisher-identified,no,no,1,,price_based,document date + price signal
Target|2025|Q1,Target,TGT,2025,Q1,Consumer Staples,both,Abdul,Transcript,Financial Results,financials,SELL,-0.7,SELL,1,15,,,1,,,,YES,NO,IN,no,assumed - no rater record,,,,2025-05-21,,Phase 2/Target/2025-Q1/TGT-2025-Q1-earnings-call-transcript-corporate-target-com.pdf,https://corporate.target.com/getmedia/9c383747-166d-4310-b91f-cd77b7d06433/2025-May-21-TGT-Transcript.pdf%C2%A0%C2%A0,manifest,Refinitiv / LSEG StreetEvents,licensed vendor,no,yes,1,,fact_based,release date + stated time
Target|2025|Q2,Target,TGT,2025,Q2,Consumer Staples,both,Abdul,Transcript,Financial Results,financials,SELL,-0.3,HOLD,0,17,,,1,,,,YES,NO,IN,no,assumed - no rater record,,,,2025-08-20,,Phase 2/Target/2025-Q2/TGT-2025-Q2-earnings-call-transcript-corporate-target-com.pdf,https://corporate.target.com/getmedia/c5751599-850d-4bb0-b599-d8ac55a91156/2025-august-20-tgt-transcript.pdf,manifest,Refinitiv / LSEG StreetEvents,licensed vendor,no,yes,1,,fact_based,release date + stated time
Target|2025|Q3,Target,TGT,2025,Q3,Consumer Staples,both,Abdul,Transcript,Financial Results,financials,SELL,-0.6,SELL,1,13,,,1,,,,YES,NO,IN,no,assumed - no rater record,,,,2025-11-19,,Phase 2/Target/2025-Q3/TGT-2025-Q3-earnings-call-transcript-corporate-target-com.pdf,https://corporate.target.com/getmedia/1b701222-ff3c-4f65-b4b7-d0de5511f9a4/TGT-Transcript-2025-11-19.pdf,manifest,Refinitiv / LSEG StreetEvents,licensed vendor,no,yes,1,,fact_based,release date + stated time
Target|2026|Q1,Target,TGT,2026,Q1,Consumer Staples,both,Abdul,Transcript,Financial Results,financials,HOLD,-0.1,HOLD,1,19,,,1,,,,YES,NO,IN,no,assumed - no rater record,,,,2026-05-20,,Phase 2/Target/2026-Q1/TGT-2026-Q1-earnings-call-transcript-fool-com.html,https://www.fool.com/earnings/call-transcripts/2026/05/20/target-tgt-q1-2026-earnings-call-transcript/,manifest,The Motley Fool,"free to read, copyright asserted",no,yes,1,,fact_based,release date + stated time
PayPal|2025|Q1,PayPal,PYPL,2025,Q1,Financials,P3,Abdul,Transcript,Financial Results,financials,BUY,0.3,SELL,0,17,,,1,,,,YES,YES,IN,no,assumed - no rater record,,,,2025-04-29,,Phase 3/Readings/PayPal/PYPL-Holdings_Q1-2025-Earnings-Call-Transcript.pdf,,unique filename match,FactSet CallStreet,licensed vendor,no,no,1,,price_based,price signal — only this window shows an abnormal move
PayPal|2025|Q2,PayPal,PYPL,2025,Q2,Financials,P3,Abdul,Transcript,Outlook/Guidance,guidance,BUY,0.3,BUY,1,12,,,1,,,,YES,YES,IN,no,assumed - no rater record,,,,2025-07-29,,Phase 3/Readings/PayPal/CORRECTED-TRANSCRIPT_-PayPal-Holdings-Inc-PYPL-US-Q2-2025-Earnings-Call-29-July-2025-8_00-AM-ET.pdf,,unique filename match,FactSet CallStreet,licensed vendor,no,no,1,,price_based,price signal — only this window shows an abnormal move
PayPal|2025|Q3,PayPal,PYPL,2025,Q3,Financials,P3,Abdul,Transcript,Transcript Q&A,qanda,BUY,0.5,BUY,1,32,,,1,,,,YES,YES,IN,no,assumed - no rater record,,,,2025-10-28,,Phase 3/Readings/PayPal/CORRECTED-TRANSCRIPT_-PayPal-Holdings-Inc-PYPL-US-Q3-2025-Earnings-Call-28-October-2025-8_00-AM-ET.pdf,,unique filename match,FactSet CallStreet,licensed vendor,no,no,1,,price_based,price signal — only this window shows an abnormal move
PayPal|2026|Q1,PayPal,PYPL,2026,Q1,Financials,P3,Abdul,Presentation,All,presentation only,SELL,-0.5,SELL,1,28,,,1,,,,YES,YES,IN,no,assumed - no rater record,,,,2026-05-05,,Phase 3/Readings/PayPal/PYPL-1Q-26-Earnings-Presentation.pdf,,unique filename match,not publisher-identified,not publisher-identified,no,no,1,,price_based,price signal — only this window shows an abnormal move
Visa|2025|Q1,Visa,V,2025,Q1,Financials,P3,Abdul,Transcript,Outlook/Guidance,guidance,BUY,0.5,SELL,0,12,,,1,,,,YES,YES,IN,no,assumed - no rater record,,,,2025-04-29,,Phase 3/Readings/Visa/CORRECTED-TRANSCRIPT_-Visa-Inc-V-US-Q2-2025-Earnings-Call-29-April-2025-5_00-PM-ET.pdf,,unique filename match,FactSet CallStreet,licensed vendor,no,no,1,,other,price signal
Visa|2025|Q2,Visa,V,2025,Q2,Financials,P3,Abdul,Transcript,Outlook/Guidance,guidance,BUY,0.3,HOLD,0,10,,,1,,,,YES,YES,IN,no,assumed - no rater record,,,,2025-07-29,,Phase 3/Readings/Visa/CORRECTED-TRANSCRIPT_-Visa-Inc-V-US-Q3-2025-Earnings-Call-29-July-2025-5_00-PM-ET.pdf,,unique filename match,FactSet CallStreet,licensed vendor,no,no,1,,other,release time published by the issuer
Visa|2025|Q3,Visa,V,2025,Q3,Financials,P3,Abdul,Transcript,Outlook/Guidance,guidance,BUY,0.3,BUY,1,10,,,1,,,,YES,YES,IN,no,assumed - no rater record,,,,2025-10-28,,Phase 3/Readings/Visa/CORRECTED-TRANSCRIPT_-Visa-Inc-V-US-Q4-2025-Earnings-Call-28-October-2025-5_00-PM-ET.pdf,,unique filename match,FactSet CallStreet,licensed vendor,no,no,1,,other,release time published by the issuer
Visa|2026|Q1,Visa,V,2026,Q1,Financials,P3,Abdul,Transcript,Outlook/Guidance,guidance,BUY,0.8,HOLD,0,13,,,1,,,,YES,YES,IN,no,assumed - no rater record,,,,2026-04-28,,Phase 3/Readings/Visa/CORRECTED-TRANSCRIPT_-Visa-Inc-V-US-Q2-2026-Earnings-Call-28-April-2026-5_00-PM-ET-4.pdf,,unique filename match,FactSet CallStreet,licensed vendor,no,no,1,,price_based,price signal — both moved; this one dominates
Johnson & Johnson|2025|Q1,Johnson & Johnson,JNJ,2025,Q1,Health Care,P3,Abdul,Presentation,All,presentation only,BUY,0.3,HOLD,0,28,,,1,,,,YES,YES,IN,no,assumed - no rater record,,,,2025-04-15,,Phase 3/Readings/Jonson & Jonson/JNJ_N-Transcript-2025-04-15T12_30.pdf,,unique filename match,Refinitiv / LSEG StreetEvents,licensed vendor,no,no,1,,fact_based,release date + stated time
Johnson & Johnson|2025|Q2,Johnson & Johnson,JNJ,2025,Q2,Health Care,P3,Abdul,Presentation,All,presentation only,BUY,0.4,BUY,1,25,,,1,,,,YES,YES,IN,no,assumed - no rater record,,,,2025-07-16,,Phase 3/Readings/Jonson & Jonson/JNJ-USQ_Transcript_2025-07-16.pdf,,unique filename match,Refinitiv / LSEG StreetEvents,licensed vendor,no,no,1,,other,release date + stated time in the document (document)
Johnson & Johnson|2025|Q3,Johnson & Johnson,JNJ,2025,Q3,Health Care,P3,Abdul,Presentation,All,presentation only,BUY,0.6,BUY,1,22,,,1,,,,YES,YES,IN,no,assumed - no rater record,,,,2025-10-14,,Phase 3/Readings/Jonson & Jonson/JNJ-USQ_Transcript_2025-10-14.pdf,,unique filename match,Refinitiv / LSEG StreetEvents,licensed vendor,no,no,1,,other,release date + stated time in the document (document)
Johnson & Johnson|2026|Q1,Johnson & Johnson,JNJ,2026,Q1,Health Care,P3,Abdul,Presentation,All,presentation only,SELL,-0.3,,,24,,,1,,,,YES,YES,IN,no,assumed - no rater record,,,,2026-04-14,,Phase 3/Readings/Jonson & Jonson/JNJ-USQ_Transcript_2026-04-14.pdf,,unique filename match,Refinitiv / LSEG StreetEvents,licensed vendor,no,no,1,,other,release date + stated time in the document (document)
Expedia|2025|Q1,Expedia,EXPE,2025,Q1,Consumer Discretionary,P3,Abdul,Transcript,Transcript Q&A,qanda,SELL,-0.3,SELL,1,38,,,1,,,,YES,YES,IN,no,assumed - no rater record,,,,2025-05-08,,Phase 3/Readings/Expedia/EXPE-USQ_Transcript_2025-05-08.pdf,,unique filename match,Refinitiv / LSEG StreetEvents,licensed vendor,no,no,1,,price_based,document date + price signal
Expedia|2025|Q2,Expedia,EXPE,2025,Q2,Consumer Discretionary,P3,Abdul,Transcript,Transcript Q&A,qanda,HOLD,0.2,BUY,0,32,,,1,,,,YES,YES,IN,no,assumed - no rater record,,,,2025-08-07,,Phase 3/Readings/Expedia/EXPE-USQ_Transcript_2025-08-07.pdf,,unique filename match,Refinitiv / LSEG StreetEvents,licensed vendor,no,no,1,,price_based,price signal — only this window shows an abnormal move
Expedia|2025|Q4,Expedia,EXPE,2025,Q4,Consumer Discretionary,P3,Abdul,Transcript,Transcript Q&A,qanda,BUY,0.4,BUY,1,34,,,1,,,,YES,YES,IN,no,assumed - no rater record,,,,2026-02-12,,Phase 3/Readings/Expedia/EXPE-USQ_Transcript_2026-02-12.pdf,,unique filename match,Refinitiv / LSEG StreetEvents,licensed vendor,no,no,1,,price_based,price signal — both moved; this one dominates
Expedia|2026|Q1,Expedia,EXPE,2026,Q1,Consumer Discretionary,P3,Abdul,Transcript,Transcript Q&A,qanda,SELL,-0.4,HOLD,0,30,,,1,,,,YES,YES,IN,no,assumed - no rater record,,,,2026-05-07,,Phase 3/Readings/Expedia/EXPE-USQ_Transcript_2026-05-07.pdf,,unique filename match,Refinitiv / LSEG StreetEvents,licensed vendor,no,no,1,,price_based,price signal — only this window shows an abnormal move
Robinhood Markets|2025|Q1,Robinhood Markets,HOOD,2025,Q1,Financials,P3,Abdul,Press Release Document,All,press release document only,BUY,0.7,HOLD,0,21,,,1,,,,YES,YES,IN,no,assumed - no rater record,,,,2025-04-30,,Phase 3/Readings/Robinhood/Q1 2025 Robinhood Exhibit 99.1.pdf,,unique filename match,not publisher-identified,not publisher-identified,no,no,1,,other,release time published by the issuer (section C)
Robinhood Markets|2025|Q2,Robinhood Markets,HOOD,2025,Q2,Financials,P3,Abdul,Transcript,Outlook/Guidance,guidance,BUY,0.6,HOLD,0,15,,,1,,,,YES,YES,IN,no,assumed - no rater record,,,,2025-07-30,,"Phase 3/Readings/Robinhood/Robinhood Markets, Inc. Q2 2025 Earnings Call Transcript.pdf",,unique filename match,not publisher-identified,not publisher-identified,no,no,1,,price_based,price signal — only this window shows an abnormal move
Robinhood Markets|2025|Q3,Robinhood Markets,HOOD,2025,Q3,Financials,P3,Abdul,Transcript,Transcript Q&A,qanda,BUY,0.3,BUY,1,40,,,1,,,,YES,YES,IN,no,assumed - no rater record,,,,2025-11-05,,"Phase 3/Readings/Robinhood/Robinhood Markets, Inc. Q3 2025 Earnings Call Transcript.pdf",,unique filename match,not publisher-identified,not publisher-identified,no,no,1,,other,price signal
Robinhood Markets|2026|Q1,Robinhood Markets,HOOD,2026,Q1,Financials,P3,Abdul,Presentation,All,presentation only,SELL,-0.6,HOLD,0,25,,,1,,,,YES,YES,IN,no,assumed - no rater record,,,,2026-04-28,,Phase 3/Readings/Robinhood/Q1 2026 Earnings Presentation.pdf,,unique filename match,not publisher-identified,not publisher-identified,no,no,1,,price_based,price signal — both moved; this one dominates
Comcast Corporation|2025|Q1,Comcast Corporation,CMCSA,2025,Q1,Communication Services,P3,Abdul,Transcript,All,transcript only,HOLD,-0.1,SELL,0,38,,,1,,,,YES,YES,IN,no,assumed - no rater record,,,,2025-04-24,,Phase 3/Readings/Comcast/CMCSA-USQ_Transcript_2025-04-24.pdf,,unique filename match,Refinitiv / LSEG StreetEvents,licensed vendor,no,no,1,,other,release date + stated time in the document (document)
Comcast Corporation|2025|Q2,Comcast Corporation,CMCSA,2025,Q2,Communication Services,P3,Abdul,Transcript,All,transcript only,SELL,-0.3,HOLD,0,29,,,1,,,,YES,YES,IN,no,assumed - no rater record,,,,2025-07-31,,Phase 3/Readings/Comcast/CMCSA-USQ_Transcript_2025-07-31.pdf,,unique filename match,Refinitiv / LSEG StreetEvents,licensed vendor,no,no,1,,other,release date + stated time in the document (document)
Comcast Corporation|2025|Q4,Comcast Corporation,CMCSA,2025,Q4,Communication Services,P3,Abdul,Transcript,All,transcript only,BUY,0.3,SELL,0,33,,,1,,,,YES,YES,IN,no,assumed - no rater record,,,,2026-01-29,,Phase 3/Readings/Comcast/2025-Q4/CMCSA-2025-Q4-earnings-call-transcript-fool-com.html,https://www.fool.com/earnings/call-transcripts/2026/01/29/comcast-cmcsa-q4-2025-earnings-call-transcript/,manifest,The Motley Fool,"free to read, copyright asserted",no,yes,1,,other,"earnings calendar, seconded independently"
Comcast Corporation|2026|Q1,Comcast Corporation,CMCSA,2026,Q1,Communication Services,P3,Abdul,Transcript,All,transcript only,SELL,-0.5,HOLD,0,40,,,1,,,,YES,YES,IN,no,assumed - no rater record,,,,2026-04-23,,Phase 3/Readings/Comcast/CMCSA-USQ_Transcript_2026-04-23.pdf,,unique filename match,Refinitiv / LSEG StreetEvents,licensed vendor,no,no,1,,other,release date + stated time in the document (document)
Pinterest|2024|Q4,Pinterest,PINS,2024,Q4,Communication Services,P3,Meriem,Presentation,All,presentation only,BUY,0.5,HOLD,0,14,,,1,,,,YES,YES,IN,no,assumed - no rater record,,,,2025-02-06,,Phase 3/Readings/Pinterest/Q4 2024 presentation.pdf,,unique filename match,not publisher-identified,not publisher-identified,no,no,1,"Strong revenue, user growth, expanding margins, and robust EBITDA suggest continued business momentum despite limited information from the presentation.",price_based,price signal — only this window shows an abnormal move
Pinterest|2025|Q4,Pinterest,PINS,2025,Q4,Communication Services,P3,Meriem,Transcript,Financial Results,financials,HOLD,-0.1,SELL,0,25,,,1,,,,YES,YES,IN,no,assumed - no rater record,,,,2026-02-12,,Phase 3/Readings/Pinterest/PINS Q4 2025 Transcript .pdf,,unique filename match,The Motley Fool,"free to read, copyright asserted",no,no,1,"Solid operational growth and AI progress were offset by weaker-than-expected revenue performance, competitive pressures, and macroeconomic uncertainty.",price_based,price signal — only this window shows an abnormal move
Pinterest|2026|Q1,Pinterest,PINS,2026,Q1,Communication Services,P3,Meriem,Transcript,Transcript Q&A,qanda,BUY,0.3,SELL,0,35,,,1,,,,YES,YES,IN,no,assumed - no rater record,,,,2026-05-04,,Phase 3/Readings/Pinterest/PINS Q1 2026 Transcript .pdf,,unique filename match,The Motley Fool,"free to read, copyright asserted",no,no,1,Strong early-quarter performance and improving monetisation outweighed tariff risks and expectations of a softer following quarter.,price_based,price signal — only this window shows an abnormal move
Kraft Heinz|2024|Q4,Kraft Heinz,KHC,2024,Q4,Consumer Staples,P3,Meriem,Press Release Document,All,press release document only,SELL,-0.5,SELL,1,15,,,1,,,,YES,YES,IN,no,assumed - no rater record,,,,2025-02-12,,Phase 3/Readings/Kraft Heinz/KHC Q4 2024 Results.pdf,,unique filename match,not publisher-identified,not publisher-identified,no,no,1,"Declining sales, weaker operating income, disappointing results, and cautious 2025 guidance outweighed improvements in EPS and margins.",fact_based,release date + stated time
Kraft Heinz|2025|Q4,Kraft Heinz,KHC,2025,Q4,Consumer Staples,P3,Meriem,Transcript,Financial Results,financials,HOLD,-0.2,SELL,0,19,,,1,,,,YES,YES,IN,no,assumed - no rater record,,,,2026-02-11,,Phase 3/Readings/Kraft Heinz/KHC Q4 2025 Earnings Call Transcript.pdf,,unique filename match,The Motley Fool,"free to read, copyright asserted",no,no,1,"Although current performance remained weak, management's increased investment strategy and focus on higher-return initiatives support a neutral outlook.",fact_based,release date + stated time
Kraft Heinz|2026|Q1,Kraft Heinz,KHC,2026,Q1,Consumer Staples,P3,Meriem,Transcript,Transcript Q&A,qanda,HOLD,-0.2,SELL,0,30,,,1,,,,YES,YES,IN,no,assumed - no rater record,,,,2026-05-06,,Phase 3/Readings/Kraft Heinz/KHC Q1 2026 Earnings Transcript.pdf,,unique filename match,The Motley Fool,"free to read, copyright asserted",no,no,1,"Ongoing revenue pressure and inflation risks were balanced by continued investment in growth initiatives and marketing, suggesting limited near-term upside.",fact_based,release date + stated time
Linde|2025|Q2,Linde,LIN,2025,Q2,Materials,P3,Meriem,Presentation,All,presentation only,BUY,0.4,SELL,0,35,,,1,,,,YES,YES,IN,no,assumed - no rater record,,,,2025-08-01,,Phase 3/Readings/Linde/2025-Q2/LIN-2025-Q2-earnings-presentation-linde-com.pdf,https://assets.linde.com/-/media/global/corporate/corporate/documents/investors/quarterly-earnings/linde2q25teleconferenceslides.pdf,manifest,not publisher-identified,not publisher-identified,no,yes,1,"Strong earnings growth, improving profitability, and higher EBITDA indicate resilient financial performance despite modest volume weakness.",other,release time published by the issuer
Linde|2025|Q3,Linde,LIN,2025,Q3,Materials,P3,Meriem,Transcript,Financial Results,financials,HOLD,0.2,HOLD,1,24,,,1,,,,YES,YES,IN,no,assumed - no rater record,,,,2025-10-31,,Phase 3/Readings/Linde/LIN Q3 2025 transcript.pdf,,unique filename match,not publisher-identified,not publisher-identified,no,no,1,Continued earnings growth and cash generation were tempered by cautious management commentary and a challenging macroeconomic environment.,price_based,document date + price signal
Linde|2026|Q1,Linde,LIN,2026,Q1,Materials,P3,Meriem,Transcript,Transcript Q&A,qanda,HOLD,0.1,SELL,0,42,,,1,,,,YES,YES,IN,no,assumed - no rater record,,,,2026-05-01,,Phase 3/Readings/Linde/LIN Q1 2026 transcript.pdf,,unique filename match,not publisher-identified,not publisher-identified,no,no,1,Mixed regional performance and cautious management outlook were partially offset by expected growth in electronics and improving conditions in the Americas.,other,release time published by the issuer
Puma|2026|Q1,Puma,PUM.DE,2026,Q1,Consumer Discretionary,P3,Anna,Transcript,All,transcript only,SELL,-0.4,SELL,1,34,,,1,,,,YES,YES,IN,no,assumed - no rater record,,,,2026-04-30,,Phase 3/Readings/Puma/Puma Q1 2026.pdf,,unique filename match,not publisher-identified,not publisher-identified,no,no,1,,other,"earnings calendar, seconded by the issuer's habit"
Puma|2025|Q3,Puma,PUM.DE,2025,Q3,Consumer Discretionary,P3,Anna,Transcript,All,transcript only,SELL,-0.6,SELL,1,30,,,1,,,,YES,YES,IN,no,assumed - no rater record,,,,2025-10-30,,Phase 3/Readings/Puma/Puma q3 2025.pdf,,unique filename match,not publisher-identified,not publisher-identified,no,no,1,"used oct 29 for prior closing date bc earnings release occurred at 8am oct 30, so market had time to react on oct 30 to the news",other,"recorded window spanned two sessions, closed to one"
Puma|2025|Q1,Puma,PUM.DE,2025,Q1,Consumer Discretionary,P3,Anna,Transcript,All,transcript only,HOLD,0.1,SELL,0,32,,,1,,,,YES,YES,IN,no,assumed - no rater record,,,,2025-05-08,,Phase 3/Readings/Puma/puma-q1-2025-transcript_website.pdf,,unique filename match,not publisher-identified,not publisher-identified,no,no,1,"used may 7 for prior closing date bc earnings release occurred at 8am may 8, so market had time to react on may 8 to the news",other,"recorded window spanned two sessions, closed to one"
Puma|2025|Q4,Puma,PUM.DE,2025,Q4,Consumer Discretionary,P3,Anna,Transcript,All,transcript only,BUY,0.4,SELL,0,33,,,1,,,,YES,YES,IN,no,assumed - no rater record,,,,2026-02-26,,Phase 3/Readings/Puma/puma-q4-fy-2025-transcript_website.pdf,,unique filename match,not publisher-identified,not publisher-identified,no,no,1,used feb 25 for prior closing date bc earnings release occurred at 9am feb 26 so market had time to react on feb 26 to the news,other,"recorded window spanned two sessions, closed to one"
Colgate-Palmolive|2026|Q2,Colgate-Palmolive,CL,2026,Q2,Consumer Staples,P3,Anna,Press Release Document,All,press release document only,BUY,0.4,,,15,,,1,,,,NO,YES,IN,no,assumed - no rater record,,,,2026-07-31,,Phase 3/Readings/Colgate Palmolive/CP 2Q 2026 Press Release - Final.pdf,,unique filename match,not publisher-identified,not publisher-identified,no,no,1,,other,"recorded window spanned two sessions, closed to one"
Colgate-Palmolive|2026|Q1,Colgate-Palmolive,CL,2026,Q1,Consumer Staples,P3,Anna,Press Release Document,All,press release document only,HOLD,0.2,,,13,,,1,,,,NO,YES,IN,no,assumed - no rater record,,,,2026-05-01,,Phase 3/Readings/Colgate Palmolive/CP 1Q 2026 Press Release - Final.pdf,,unique filename match,not publisher-identified,not publisher-identified,no,no,1,,other,"recorded window spanned two sessions, closed to one"
Colgate-Palmolive|2025|Q4,Colgate-Palmolive,CL,2025,Q4,Consumer Staples,P3,Anna,Press Release Document,All,press release document only,HOLD,0.2,,,14,,,1,,,,NO,YES,IN,no,assumed - no rater record,,,,2026-01-30,,Phase 3/Readings/Colgate Palmolive/CP 4Q & FY 2025 Press Release - Final.pdf,,unique filename match,not publisher-identified,not publisher-identified,no,no,1,,other,"recorded window spanned two sessions, closed to one"
Colgate-Palmolive|2025|Q3,Colgate-Palmolive,CL,2025,Q3,Consumer Staples,P3,Anna,Press Release Document,All,press release document only,HOLD,0.1,,,13,,,1,,,,NO,YES,IN,no,assumed - no rater record,,,,2025-10-31,,Phase 3/Readings/Colgate Palmolive/CP 3Q 2025 Press Release - Final.pdf,,unique filename match,not publisher-identified,not publisher-identified,no,no,1,,other,"recorded window spanned two sessions, closed to one"
Lenovo|2026|Q4,Lenovo,LNVGY,2026,Q4,Information Technology,P3,Anna,Presentation,All,presentation only,BUY,0.7,HOLD,0,21,,,1,,,,YES,YES,IN,no,assumed - no rater record,,,,2026-05-22,,Phase 3/Readings/Lenovo/presentation_2526_q4.pdf,,unique filename match,not publisher-identified,not publisher-identified,no,no,1,,other,repriced on the issuer's primary listing
Lenovo|2026|Q3,Lenovo,LNVGY,2026,Q3,Information Technology,P3,Anna,Presentation,All,presentation only,BUY,0.7,BUY,1,22,,,1,,,,YES,YES,IN,no,assumed - no rater record,,,,2026-02-12,,Phase 3/Readings/Lenovo/presentation_2526_q3.pdf,,unique filename match,not publisher-identified,not publisher-identified,no,no,1,,other,the exchange's own publication timestamp
Lenovo|2026|Q2,Lenovo,LNVGY,2026,Q2,Information Technology,P3,Anna,Presentation,All,presentation only,BUY,0.6,HOLD,0,25,,,1,,,,YES,YES,IN,no,assumed - no rater record,,,,2025-11-20,,Phase 3/Readings/Lenovo/presentation_2526_q2.pdf,,unique filename match,not publisher-identified,not publisher-identified,no,no,1,,other,repriced on the issuer's primary listing
Lenovo|2026|Q1,Lenovo,LNVGY,2026,Q1,Information Technology,P3,Anna,Presentation,All,presentation only,BUY,0.6,HOLD,0,24,,,1,,,,YES,YES,IN,no,assumed - no rater record,,,,2025-08-14,,Phase 3/Readings/Lenovo/presentation_2526_q1.pdf,,unique filename match,not publisher-identified,not publisher-identified,no,no,1,,other,repriced on the issuer's primary listing
Spotify|2026|Q1,Spotify,SPOT,2026,Q1,Communication Services,P3,Anna,Presentation,All,presentation only,BUY,0.3,HOLD,0,22,,,1,,,,YES,YES,IN,no,assumed - no rater record,,,,2026-04-28,,Phase 3/Readings/Spotify/Q1-2026-Shareholder-Deck-FINAL-2.pdf,,unique filename match,not publisher-identified,not publisher-identified,no,no,1,,other,"recorded window spanned two sessions, closed to one"
Spotify|2025|Q4,Spotify,SPOT,2025,Q4,Communication Services,P3,Anna,Presentation,All,presentation only,BUY,0.6,BUY,1,23,,,1,,,,YES,YES,IN,no,assumed - no rater record,,,,2025-02-10,,Phase 3/Readings/Spotify/Q4-2025-Shareholder-Deck-FINAL.pdf,,unique filename match,not publisher-identified,not publisher-identified,no,no,1,,other,recorded price identified against every pulled series
Spotify|2025|Q3,Spotify,SPOT,2025,Q3,Communication Services,P3,Anna,Presentation,All,presentation only,BUY,0.5,BUY,1,22,,,1,,,,YES,YES,IN,no,assumed - no rater record,,,,2025-11-04,,Phase 3/Readings/Spotify/Q3-2025-Shareholder-Deck-FINAL.pdf,,unique filename match,not publisher-identified,not publisher-identified,no,no,1,,other,"recorded window spanned two sessions, closed to one"
Spotify|2025|Q2,Spotify,SPOT,2025,Q2,Communication Services,P3,Anna,Presentation,All,presentation only,BUY,0.4,HOLD,0,20,,,1,,,,YES,YES,IN,no,assumed - no rater record,,,,2025-07-29,,Phase 3/Readings/Spotify/Q2-2025-Shareholder-Deck-FINAL.pdf,,unique filename match,not publisher-identified,not publisher-identified,no,no,1,,other,"recorded window spanned two sessions, closed to one"
Chipotle|2025|Q4,Chipotle,CMG,2025,Q4,Consumer Discretionary,P3,Anna,Press Release Document,All,press release document only,HOLD,-0.2,HOLD,1,19,,,1,,,,YES,YES,IN,no,assumed - no rater record,,,,2026-02-03,,Phase 3/Readings/Chipotle/2026-02-03-CHIPOTLE-ANNOUNCES-FOURTH-QUARTER-AND-FULL-YEAR-2025-RESULTS-IR.pdf,,unique filename match,not publisher-identified,not publisher-identified,no,no,1,,price_based,price signal — only this window shows an abnormal move
Chipotle|2025|Q3,Chipotle,CMG,2025,Q3,Consumer Discretionary,P3,Anna,Press Release Document,All,press release document only,HOLD,-0.1,SELL,0,18,,,1,,,,YES,YES,IN,no,assumed - no rater record,,,,2025-10-29,,Phase 3/Readings/Chipotle/2025-Q3/CMG-2025-Q3-press-release-SEC-EX-99-1.htm,https://www.sec.gov/Archives/edgar/data/1058090/000105809025000086/cmg-20251029xex991.htm,manifest,not publisher-identified,not publisher-identified,no,yes,1,,price_based,price signal — both moved; this one dominates
Chipotle|2025|Q2,Chipotle,CMG,2025,Q2,Consumer Discretionary,P3,Anna,Press Release Document,All,press release document only,SELL,-0.4,SELL,1,10,,,1,,,,YES,YES,IN,no,assumed - no rater record,,,,2025-07-23,,Phase 3/Readings/Chipotle/2025-Q2/CMG-2025-Q2-press-release-SEC-EX-99-1.htm,https://www.sec.gov/Archives/edgar/data/1058090/000105809025000055/cmg-20250723xex991.htm,manifest,not publisher-identified,not publisher-identified,no,yes,1,,price_based,price signal — only this window shows an abnormal move
Chipotle|2025|Q1,Chipotle,CMG,2025,Q1,Consumer Discretionary,P3,Anna,Press Release Document,All,press release document only,HOLD,-0.2,SELL,0,12,,,1,,,,YES,YES,IN,no,assumed - no rater record,,,,2025-04-23,,Phase 3/Readings/Chipotle/2025-Q1/CMG-2025-Q1-press-release-SEC-EX-99-1.htm,https://www.sec.gov/Archives/edgar/data/1058090/000105809025000028/cmg-20250423xex991.htm,manifest,not publisher-identified,not publisher-identified,no,yes,1,,other,price signal
Heineken|2025|Q3,Heineken,HEINY,2025,Q3,Consumer Staples,P3,Anna,Presentation,All,presentation only,SELL,-0.3,,,10,,,1,,,,NO,YES,IN,no,assumed - no rater record,,,,2025-10-22,,Phase 3/Readings/Heineken/heineken-q3-2025-trading-update-presentation-vF.pdf,,unique filename match,not publisher-identified,not publisher-identified,no,no,1,,other,recorded price identified against every pulled series
Heineken|2024|Q3,Heineken,HEINY,2024,Q3,Consumer Staples,P3,Anna,Presentation,All,presentation only,BUY,0.5,,,10,,,1,,,,NO,YES,IN,no,assumed - no rater record,,,,2024-10-23,,Phase 3/Readings/Heineken/q3-2024-trading-update-presentation_FINAL.pdf,,unique filename match,not publisher-identified,not publisher-identified,no,no,1,,other,recorded price identified against every pulled series
Heineken|2024|Q2,Heineken,HEINY,2024,Q2,Consumer Staples,P3,Anna,Presentation,All,presentation only,BUY,0.5,,,11,,,1,,,,NO,YES,IN,no,assumed - no rater record,,,,2024-07-29,,Phase 3/Readings/Heineken/2024-Q2/HEINY-2024-Q2-earnings-presentation-HeinekenIR.pdf,"Heineken N.V. investor relations, supplied by the group (original filename hy-24-results-presentation.pdf)",manifest,not publisher-identified,not publisher-identified,no,yes,1,,other,recorded price identified against every pulled series
Heineken|2024|Q1,Heineken,HEINY,2024,Q1,Consumer Staples,P3,Anna,Presentation,All,presentation only,BUY,0.5,,,9,,,1,,,,NO,YES,IN,no,assumed - no rater record,,,,2024-04-24,,Phase 3/Readings/Heineken/heineken-nv-1Q24-trading-update-presentation.pdf,,unique filename match,not publisher-identified,not publisher-identified,no,no,1,,other,recorded price identified against every pulled series
Datadog|2026|Q1,Datadog,DDOG,2026,Q1,Information Technology,P3,Anna,Press Release Document,All,press release document only,BUY,0.6,,,10,,,1,,,,NO,YES,IN,no,assumed - no rater record,,,,2026-05-07,,Phase 3/Readings/Datadog/2026-Q1/DDOG-2026-Q1-press-release-SEC-EX-99-1.htm,https://www.sec.gov/Archives/edgar/data/1561550/000162828026031677/ex-991x20260331x8k.htm,manifest,not publisher-identified,not publisher-identified,no,yes,1,,other,"recorded window spanned two sessions, closed to one"
Datadog|2025|Q3,Datadog,DDOG,2025,Q3,Information Technology,P3,Anna,Press Release Document,All,press release document only,BUY,0.4,,,9,,,1,,,,NO,YES,IN,no,assumed - no rater record,,,,2025-11-06,,Phase 3/Readings/Datadog/2025-Q3/DDOG-2025-Q3-press-release-SEC-EX-99-1.htm,https://www.sec.gov/Archives/edgar/data/1561550/000156155025000310/ex-991x20250930x8k.htm,manifest,not publisher-identified,not publisher-identified,no,yes,1,,other,"recorded window spanned two sessions, closed to one"
Datadog|2025|Q4,Datadog,DDOG,2025,Q4,Information Technology,P3,Anna,Transcript,All,transcript only,BUY,0.4,,,28,,,1,,,,NO,YES,IN,no,assumed - no rater record,,,,2026-02-10,,"Phase 3/Readings/Datadog/Datadog, Inc., Q4 2025 Earnings Call, Feb 10, 2026.pdf",,unique filename match,S&P Global Market Intelligence (Capital IQ),licensed vendor,no,no,1,,other,"recorded window spanned two sessions, closed to one"
Datadog|2025|Q2,Datadog,DDOG,2025,Q2,Information Technology,P3,Anna,Press Release Document,All,press release document only,BUY,0.4,,,5,,,1,,,,NO,YES,IN,no,assumed - no rater record,,,,2025-08-07,,Phase 3/Readings/Datadog/2025-Q2/DDOG-2025-Q2-press-release-SEC-EX-99-1.htm,https://www.sec.gov/Archives/edgar/data/1561550/000156155025000216/ex-991x20250630x8k.htm,manifest,not publisher-identified,not publisher-identified,no,yes,1,,other,"recorded window spanned two sessions, closed to one"
eBay|2025|Q1,eBay,EBAY,2025,Q1,Consumer Discretionary,P3,Anna,Presentation,All,presentation only,BUY,0.3,,,12,,,1,,,,NO,YES,IN,no,assumed - no rater record,,,,2025-04-30,,Phase 3/Readings/eBay/2025_Q1_eBay_Earnings_Deck_FINAL.pdf,,unique filename match,not publisher-identified,not publisher-identified,no,no,1,,price_based,price signal — only this window shows an abnormal move
eBay|2026|Q1,eBay,EBAY,2026,Q1,Consumer Discretionary,P3,Anna,Press Release Document,All,press release document only,BUY,0.7,,,10,,,1,,,,NO,YES,IN,no,assumed - no rater record,,,,2026-04-29,,Phase 3/Readings/eBay/eBay-Q1-2026-earnings-press-release.pdf,,unique filename match,not publisher-identified,not publisher-identified,no,no,1,,price_based,"price signal, re-derived — only this window shows an abnormal move"
eBay|2025|Q3,eBay,EBAY,2025,Q3,Consumer Discretionary,P3,Anna,Press Release Document,All,press release document only,BUY,0.3,,,10,,,1,,,,NO,YES,IN,no,assumed - no rater record,,,,2025-10-29,,Phase 3/Readings/eBay/eBay-Q3-2025-Earnings-Press-Release-Final.pdf,,unique filename match,not publisher-identified,not publisher-identified,no,no,1,,other,"price signal, re-derived — both moved; this one dominates"
eBay|2025|Q2,eBay,EBAY,2025,Q2,Consumer Discretionary,P3,Anna,Presentation,All,presentation only,HOLD,0.2,,,11,,,1,,,,NO,YES,IN,no,assumed - no rater record,,,,2025-07-30,,Phase 3/Readings/eBay/2025_Q2_eBay_Earnings_Presentation_Final.pdf,,unique filename match,not publisher-identified,not publisher-identified,no,no,1,,price_based,"price signal, re-derived — only this window shows an abnormal move"
Pinterest|2026|Q1,Pinterest,PINS,2026,Q1,Communication Services,P3,Anna,Transcript,All,transcript only,BUY,0.4,SELL,0,25,,,1,,,,YES,NO,IN,no,assumed - no rater record,,,,2026-05-04,,Phase 3/Readings/Pinterest/PINS Q1 2026 Transcript .pdf,,unique filename match,The Motley Fool,"free to read, copyright asserted",no,no,1,,price_based,price signal — only this window shows an abnormal move
Pinterest|2025|Q4,Pinterest,PINS,2025,Q4,Communication Services,P3,Anna,Transcript,All,transcript only,HOLD,0.2,SELL,0,22,,,1,,,,YES,NO,IN,no,assumed - no rater record,,,,2026-02-12,,Phase 3/Readings/Pinterest/PINS Q4 2025 Transcript .pdf,,unique filename match,The Motley Fool,"free to read, copyright asserted",no,no,1,,price_based,price signal — only this window shows an abnormal move
Pinterest|2024|Q4,Pinterest,PINS,2024,Q4,Communication Services,P3,Anna,Presentation,All,presentation only,BUY,0.5,HOLD,0,13,,,1,,,,YES,NO,IN,no,assumed - no rater record,,,,2025-02-06,,Phase 3/Readings/Pinterest/Q4 2024 presentation.pdf,,unique filename match,not publisher-identified,not publisher-identified,no,no,1,,price_based,price signal — only this window shows an abnormal move
Hermes|2025|Q1,Hermes,RMSP.XC,2025,Q1,Consumer Discretionary,P3,Nigel,Press Release Document,Financial Results,financials,BUY,0.4,,,3,,,1,,,,NO,YES,IN,no,assumed - no rater record,,,,2025-04-17,,Phase 3/Readings/Hermes/Q1/hermes_20250417_q1revenue_en.pdf,,unique filename match,not publisher-identified,not publisher-identified,no,no,1,Revenues were up 7-9% with all regions seeing growth.,price_based,price signal — only this window shows an abnormal move
Hermes|2025|Q2,Hermes,RMSP.XC,2025,Q2,Consumer Discretionary,P3,Nigel,All,Outlook/Guidance,guidance,HOLD,0.2,,,2,,,1,,,,NO,YES,IN,no,assumed - no rater record,,,,2025-07-30,,"Phase 3/Readings/Hermes/Q2/hermes_20250730_rfs_en.pdf; Phase 3/Readings/Hermes/Q2/hermes_20250730_pr_firsthalfresults_va.pdf; Phase 3/Readings/Hermes/Q2/hermes-2025-first-half-results-presentation-en.pdf; Phase 3/Readings/Hermes/Q2/Transcript : Hermès International Société en commandite par actions, H1 2025 Earnings Call, Jul 30, .pdf",,whole bundle (Document = All),MarketScreener (Surperformance SAS),licensed vendor,no,no,4,Confidence in growth despite uncertainties which will be expected,price_based,price signal — only this window shows an abnormal move
Hermes|2025|Q3,Hermes,RMSP.XC,2025,Q3,Consumer Discretionary,P3,Nigel,Transcript,Transcript Q&A,qanda,BUY,0.7,,,10,,,1,,,,NO,YES,IN,no,assumed - no rater record,,,,2025-10-22,,"Phase 3/Readings/Hermes/Q3/Transcript : Hermès International Société en commandite par actions, Q3 2025 Sales: Trading Statemen.pdf",,unique filename match,MarketScreener (Surperformance SAS),licensed vendor,no,no,1,Solid performance overall with impact from uncertatinties stabilising,price_based,price signal — only this window shows an abnormal move
Hermes|2025|Q4,Hermes,RMSP.XC,2025,Q4,Consumer Discretionary,P3,Nigel,All,All,full,BUY,0.7,,,21,1,1,1,21,,,NO,YES,IN,no,assumed - rater record carries no blindness field,,,Nigel's Notes Phase 3.docx,2026-02-12,,"Phase 3/Readings/Hermes/Q4/hermes_20260401_2025activityreport-en.pdf; Phase 3/Readings/Hermes/Q4/hermes_20260212_pr_2025fullyearresults_va.pdf; Phase 3/Readings/Hermes/Q4/Transcript : Hermès International Société en commandite par actions, 2025 Earnings Call, Feb 12, 202.pdf; Phase 3/Readings/Hermes/Q4/260320_hermes_urd2025_en.pdf; Phase 3/Readings/Hermes/Q4/20250212_hermes-2025fullyearresultspresentation_en.pdf",,whole bundle (Document = All),MarketScreener (Surperformance SAS),licensed vendor,no,no,5,Strong growth and positive outlook for future year despite potential uncertainties. Confident tone throughout from management during transcript and Q&A sessions,price_based,"price signal, re-derived — only this window shows an abnormal move"
Delta Air Lines|2025|Q1,Delta Air Lines,DAL,2025,Q1,Industrials,P3,Nigel,Press Release Document,Financial Results,financials,HOLD,0.2,SELL,0,3,1,1,1,3,,,YES,YES,IN,no,assumed - rater record carries no blindness field,,,Nigel's Notes Phase 3.docx,2025-04-09,,Phase 3/Readings/Delta/2025-Q1/DAL-2025-Q1-press-release-SEC-EX-99-1.htm,https://www.sec.gov/Archives/edgar/data/27904/000168316825002353/delta_ex9901.htm,manifest,not publisher-identified,not publisher-identified,no,yes,1,"Growth is there but not too impressive, can't judge much by how much was said on performance alone",other,"price signal, re-derived — both moved; this one dominates"
Delta Air Lines|2025|Q2,Delta Air Lines,DAL,2025,Q2,Industrials,P3,Nigel,Press Release Document,Outlook/Guidance,guidance,SELL,-0.3,HOLD,0,10,1,1,1,10,,,YES,YES,IN,no,assumed - rater record carries no blindness field,,,Nigel's Notes Phase 3.docx,2025-07-10,,Phase 3/Readings/Delta/Q2/Delta-Air-Lines-Announces-Second-Quarter-2025.pdf,,unique filename match,not publisher-identified,not publisher-identified,no,no,1,Figures showing slow growth and does not match confident tone of outlook,price_based,"price signal, re-derived — only this window shows an abnormal move"
Delta Air Lines|2025|Q3,Delta Air Lines,DAL,2025,Q3,Industrials,P3,Nigel,Transcript,Transcript Q&A,qanda,SELL,-0.4,BUY,0,15,1,1,1,15,,,YES,YES,IN,no,assumed - rater record carries no blindness field,,,Nigel's Notes Phase 3.docx,2025-10-09,,Phase 3/Readings/Delta/Q3/CORRECTED-TRANSCRIPT-Delta-Air-Lines-Inc-DAL-US-Q3-2025-Earnings-Call.pdf,,unique filename match,FactSet CallStreet,licensed vendor,no,no,1,"Dissapointing Q3 performance overall, new strategy planned",price_based,"price signal, re-derived — only this window shows an abnormal move"
Delta Air Lines|2025|Q4,Delta Air Lines,DAL,2025,Q4,Industrials,P3,Nigel,All,All,full,BUY,0.5,BUY,1,25,1,1,1,25,,,YES,YES,IN,no,assumed - rater record carries no blindness field,,,Nigel's Notes Phase 3.docx,2026-01-13,,Phase 3/Readings/Delta/Q4/Delta-Air-Lines-Announces-Fourth-Quarter-2025.pdf; Phase 3/Readings/Delta/Q4/DAL-12-31-2025-10K-2-10-26-Filed.pdf; Phase 3/Readings/Delta/Q4/CORRECTED-TRANSCRIPT-Delta-Air-Lines-Inc-DAL-US-Q4-2025-Earnings-Call.pdf,,whole bundle (Document = All),FactSet CallStreet,licensed vendor,one of several,no,3,"Record performance, confident tone for outlook ahead, strategy on premium focus seems to be working in their favour",price_based,"price signal, re-derived — only this window shows an abnormal move"
Workday|2025|Q1,Workday,WDAY,2025,Q1,Information Technology,P3,Nigel,Press Release Document,Outlook/Guidance,guidance,BUY,0.8,HOLD,0,3,1,1,1,3,,,YES,YES,IN,no,assumed - rater record carries no blindness field,,,Nigel's Notes Phase 3.docx,2024-05-23,,Phase 3/Readings/Workday/Q1/Workday-Announces-Fiscal-2025-First-Quarter-Financial-Results-05-23-2024-2024.pdf,,unique filename match,not publisher-identified,not publisher-identified,no,no,1,Workday fiscal year ends in Jan so all releases for FY2025 is released in 2024,not_repriced,
Workday|2025|Q2,Workday,WDAY,2025,Q2,Information Technology,P3,Nigel,Press Release Document,Financial Results,financials,BUY,0.8,BUY,1,6,1,1,1,6,,,YES,YES,IN,no,assumed - rater record carries no blindness field,,,Nigel's Notes Phase 3.docx,2024-08-22,,Phase 3/Readings/Workday/Q2/Workday-Announces-Fiscal-2025-Second-Quarter-Financial-Results-08-22-2024-2024.pdf,,unique filename match,not publisher-identified,not publisher-identified,no,no,1,,not_repriced,
Workday|2025|Q3,Workday,WDAY,2025,Q3,Information Technology,P3,Nigel,Transcript,Transcript Q&A,qanda,BUY,0.9,HOLD,0,14,1,1,1,14,,,YES,YES,IN,no,assumed - rater record carries no blindness field,,,Nigel's Notes Phase 3.docx,2024-11-26,,"Phase 3/Readings/Workday/Q3/Transcript : Workday, Inc., Q3 2025 Earnings Call, Nov 26, 2024 | MarketScreener UK.pdf",,unique filename match,MarketScreener (Surperformance SAS),licensed vendor,no,no,1,,not_repriced,
Workday|2025|Q4,Workday,WDAY,2025,Q4,Information Technology,P3,Nigel,All,All,full,BUY,0.8,HOLD,0,21,1,1,1,21,,,YES,YES,IN,no,assumed - rater record carries no blindness field,,,Nigel's Notes Phase 3.docx,2025-02-25,,"Phase 3/Readings/Workday/Q4/workday-fiscal-2025-fourth-quarter-prepared-remarks.pdf; Phase 3/Readings/Workday/Q4/workday-fiscal-2025-fourth-quarter-investor-presentation.pdf; Phase 3/Readings/Workday/Q4/Workday-Announces-Fiscal-2025-Fourth-Quarter-and-Full-Year-Financial-Results-02-25-2025-2025.pdf; Phase 3/Readings/Workday/Q4/Transcript : Workday, Inc., Q4 2025 Earnings Call, Feb 25, 2025 | MarketScreener UK.pdf",,whole bundle (Document = All),MarketScreener (Surperformance SAS),licensed vendor,no,no,4,,not_repriced,
Booking Holdings|2025|Q1,Booking Holdings,BKNG,2025,Q1,Consumer Discretionary,both,Nigel,Press Release Document,Outlook/Guidance,guidance,BUY,0.3,,,4,1,1,1,4,,,YES,YES,IN,no,assumed - rater record carries no blindness field,,,Nigel's Notes Phase 3.docx,2025-04-29,,Phase 3/Readings/Booking Holdings/Q1/CORRECTED-TRANSCRIPT_-Booking-Holdings-Inc-BKNG-US-Q1-2025-Earnings-Call-29-April-2025-4_30-PM-ET.pdf,,unique filename match,FactSet CallStreet,licensed vendor,no,no,1,,price_based,"price signal, re-derived — only this window shows an abnormal move"
Booking Holdings|2025|Q2,Booking Holdings,BKNG,2025,Q2,Consumer Discretionary,both,Nigel,Press Release Document,Financial Results,financials,BUY,0.8,HOLD,0,5,1,1,1,5,,,YES,YES,IN,no,assumed - rater record carries no blindness field,,,Nigel's Notes Phase 3.docx,2025-07-29,,Phase 3/Readings/Booking Holdings/Q2/Booking-Holdings-Inc-BKNG-US-Q2-2025-Earnings-Call-29-July-2025-4_30-PM-ET.pdf,,unique filename match,FactSet CallStreet,licensed vendor,no,no,1,,fact_based,release date + stated time in the document (rater worksheet)
Booking Holdings|2025|Q3,Booking Holdings,BKNG,2025,Q3,Consumer Discretionary,both,Nigel,Transcript,Transcript Q&A,qanda,BUY,0.6,BUY,1,15,1,1,1,15,,,YES,YES,IN,no,assumed - rater record carries no blindness field,,,Nigel's Notes Phase 3.docx,2025-10-28,,Phase 3/Readings/Booking Holdings/Q3/CORRECTED-TRANSCRIPT_-Booking-Holdings-Inc-BKNG-US-Q3-2025-Earnings-Call-28-October-2025-4_30-PM-ET.pdf,,unique filename match,FactSet CallStreet,licensed vendor,no,no,1,,fact_based,release date + stated time in the document (rater worksheet)
Booking Holdings|2025|Q4,Booking Holdings,BKNG,2025,Q4,Consumer Discretionary,both,Nigel,All,All,full,BUY,0.7,HOLD,0,24,1,1,1,24,,,YES,YES,IN,no,assumed - rater record carries no blindness field,,,Nigel's Notes Phase 3.docx,2026-02-18,,Phase 3/Readings/Booking Holdings/Q4/CORRECTED-TRANSCRIPT_-Booking-Holdings-Inc-BKNG-US-Q4-2025-Earnings-Call-18-February-2026-4_30-PM-ET.pdf,,unique filename match,FactSet CallStreet,licensed vendor,no,no,1,,fact_based,release date + stated time in the document (rater worksheet)
Allianz|2025|Q1,Allianz,ALV.DE,2025,Q1,Financials,P3,Nigel,Transcript,Transcript Q&A,qanda,BUY,0.3,HOLD,0,12,,,1,,,,YES,YES,IN,no,assumed - no rater record,,,,2025-05-15,,"Phase 3/Readings/Allianz/Q1/en-allianz-financial-supplement-1q-2025.pdf; Phase 3/Readings/Allianz/Q1/en-allianz-analyst-presentation-1q-2025.pdf; Phase 3/Readings/Allianz/Q1/allianz-1q-2025-earnings-release.pdf; Phase 3/Readings/Allianz/Q1/Transcript : Allianz SE, Q1 2025 Earnings Call, May 15, 2025 | MarketScreener UK.pdf; Phase 3/Readings/Allianz/Q1/Allianz-keyfigures-1q-2025.pdf; Phase 3/Readings/Allianz/Q1/2025-1q-analyst-estimates.pdf",,whole bundle (Document = All),MarketScreener (Surperformance SAS),licensed vendor,no,no,6,,not_repriced,
Allianz|2025|Q2,Allianz,ALV.DE,2025,Q2,Financials,P3,Nigel,All,All,full,BUY,0.7,,,25,,,1,,,,YES,YES,IN,no,assumed - no rater record,,,,2025-08-07,,"Phase 3/Readings/Allianz/Q2/Transcript : Allianz SE, Q2 2025 Earnings Call, Aug 07, 2025 | MarketScreener UK.pdf; Phase 3/Readings/Allianz/Q2/2q-2025-keyfigures-allianz.pdf; Phase 3/Readings/Allianz/Q2/2q-2025-interim-report-allianz.pdf; Phase 3/Readings/Allianz/Q2/2q-2025-financial-supplement-allianz.pdf; Phase 3/Readings/Allianz/Q2/2q-2025-en-alternative-performance-measures-allianz.pdf; Phase 3/Readings/Allianz/Q2/2q-2025-earnings-release-allianz.pdf; Phase 3/Readings/Allianz/Q2/2q-2025-analyst-presentation-allianz.pdf; Phase 3/Readings/Allianz/Q2/2025-2q-analyst-estimates-allianz.pdf",,whole bundle (Document = All),MarketScreener (Surperformance SAS),licensed vendor,no,no,8,,not_repriced,
Allianz|2025|Q3,Allianz,ALV.DE,2025,Q3,Financials,P3,Nigel,Press Release Document,Outlook/Guidance,guidance,BUY,0.4,,,4,,,1,,,,YES,YES,IN,no,assumed - no rater record,,,,2025-11-14,,"Phase 3/Readings/Allianz/Q3/Transcript : Allianz SE, Q3 2025 Earnings Call, Nov 14, 2025 | MarketScreener UK.pdf; Phase 3/Readings/Allianz/Q3/3q-2025-keyfigures-allianz.pdf; Phase 3/Readings/Allianz/Q3/3q-2025-financial-supplement-allianz.pdf; Phase 3/Readings/Allianz/Q3/3q-2025-earnings-release-allianz.pdf; Phase 3/Readings/Allianz/Q3/3q-2025-analyst-presentation-allianz.pdf; Phase 3/Readings/Allianz/Q3/2025-3q-analyst-estimates-allianz.pdf",,whole bundle (Document = All),MarketScreener (Surperformance SAS),licensed vendor,no,no,6,,not_repriced,
Allianz|2025|Q4,Allianz,ALV.DE,2025,Q4,Financials,P3,Nigel,Press Release Document,Financial Results,financials,BUY,0.8,,,15,,,1,,,,YES,YES,IN,no,assumed - no rater record,,,,2026-02-26,,"Phase 3/Readings/Allianz/Q4/fy-2025-keyfigures-allianz.pdf; Phase 3/Readings/Allianz/Q4/fy-2025-financial-supplement-allianz.pdf; Phase 3/Readings/Allianz/Q4/fy-2025-analyst-presentation-allianz.pdf; Phase 3/Readings/Allianz/Q4/en-alternative-performance-measures-2025.pdf; Phase 3/Readings/Allianz/Q4/en-allianz-se-annual-report-2025.pdf; Phase 3/Readings/Allianz/Q4/en-allianz-group-annual-report-2025.pdf; Phase 3/Readings/Allianz/Q4/Transcript : Allianz SE, 2025 Earnings Call, Feb 26, 2026 | MarketScreener UK.pdf; Phase 3/Readings/Allianz/Q4/4q-2025-earnings-release-allianz.pdf; Phase 3/Readings/Allianz/Q4/2025-4q-analyst-estimates.pdf",,whole bundle (Document = All),MarketScreener (Surperformance SAS),licensed vendor,no,no,9,,not_repriced,
Dell|2025|Q1,Dell,DELL,2025,Q1,Information Technology,P3,Nigel,Transcript,Transcript Q&A,qanda,SELL,-0.4,SELL,1,15,,,1,,,,YES,YES,IN,no,assumed - no rater record,,,,2024-05-30,,Phase 3/Readings/Dell/Q1/Q1 FY25 Performance Review (2).pdf; Phase 3/Readings/Dell/Q1/Q1 FY25 Financial Tables.pdf; Phase 3/Readings/Dell/Q1/Q1 FY25 Financial Results Press Release.pdf; Phase 3/Readings/Dell/Q1/DELL Q1FY25 Earnings Transcript.pdf,,whole bundle (Document = All),not publisher-identified,not publisher-identified,no,no,4,,not_repriced,
Dell|2025|Q2,Dell,DELL,2025,Q2,Information Technology,P3,Nigel,All,All,full,BUY,0.6,,,24,,,1,,,,YES,YES,IN,no,assumed - no rater record,,,,2024-08-29,,Phase 3/Readings/Dell/Q2/Q2 FY25 Performance Review (2).pdf; Phase 3/Readings/Dell/Q2/Q2 FY25 Financial Tables.pdf; Phase 3/Readings/Dell/Q2/Q2 FY25 Financial Results Press Release.pdf; Phase 3/Readings/Dell/Q2/DELL Q2FY25 Earnings Transcript (1).pdf,,whole bundle (Document = All),not publisher-identified,not publisher-identified,no,no,4,,not_repriced,
Dell|2025|Q3,Dell,DELL,2025,Q3,Information Technology,P3,Nigel,Press Release Document,Outlook/Guidance,guidance,BUY,0.7,BUY,1,4,,,1,,,,YES,YES,IN,no,assumed - no rater record,,,,2024-11-26,,Phase 3/Readings/Dell/Q3/Q3 FY25 Performance Review.pdf; Phase 3/Readings/Dell/Q3/Q3 FY25 Financial Tables.pdf; Phase 3/Readings/Dell/Q3/Q3 FY25 Financial Results Press Release.pdf; Phase 3/Readings/Dell/Q3/DELL Q3FY25 Earnings Transcript.pdf,,whole bundle (Document = All),not publisher-identified,not publisher-identified,no,no,4,,not_repriced,
Dell|2025|Q4,Dell,DELL,2025,Q4,Information Technology,P3,Nigel,Press Release Document,Financial Results,financials,BUY,0.5,BUY,1,12,,,1,,,,YES,YES,IN,no,assumed - no rater record,,,,2025-02-27,,Phase 3/Readings/Dell/Q4/Q4 FY25 Financial Tables.pdf; Phase 3/Readings/Dell/Q4/Q4 FY25 Financial Results Press Release.pdf; Phase 3/Readings/Dell/Q4/DELL Q4FY25 Earnings Transcript.pdf,,whole bundle (Document = All),not publisher-identified,not publisher-identified,no,no,3,,not_repriced,
Standard Chartered|2025|Q1,Standard Chartered,STAN.L,2025,Q1,Financials,P3,Nigel,Press Release Document,Outlook/Guidance,guidance,HOLD,0.1,SELL,0,4,,,1,,,,YES,YES,IN,no,assumed - no rater record,,,,2025-05-02,,Phase 3/Readings/Standard Chartered/Q1/standard-chartered-plc-q1-2025-transcript.pdf; Phase 3/Readings/Standard Chartered/Q1/standard-chartered-plc-q1-2025-results.pdf; Phase 3/Readings/Standard Chartered/Q1/standard-chartered-plc-q1-2025-presentation.pdf; Phase 3/Readings/Standard Chartered/Q1/standard-chartered-plc-q1-2025-pillar-3-disclosure.pdf,,whole bundle (Document = All),not publisher-identified,not publisher-identified,no,no,4,,not_repriced,
Standard Chartered|2025|Q2,Standard Chartered,STAN.L,2025,Q2,Financials,P3,Nigel,Press Release Document,Financial Results,financials,BUY,0.5,HOLD,0,9,,,1,,,,YES,YES,IN,no,assumed - no rater record,,,,2025-07-31,,Phase 3/Readings/Standard Chartered/Q2/standard-chartered-plc-post-q2-2025-meeting-with-analysts.pdf; Phase 3/Readings/Standard Chartered/Q2/standard-chartered-plc-hy-2025-results-transcript.pdf; Phase 3/Readings/Standard Chartered/Q2/standard-chartered-plc-hy-2025-report.pdf; Phase 3/Readings/Standard Chartered/Q2/standard-chartered-plc-hy-2025-presentation.pdf; Phase 3/Readings/Standard Chartered/Q2/standard-chartered-plc-hy-2025-pillar-3-disclosures.pdf; Phase 3/Readings/Standard Chartered/Q2/standard-chartered-plc-hy-2025-main-features.pdf,,whole bundle (Document = All),not publisher-identified,not publisher-identified,no,no,6,,not_repriced,
Standard Chartered|2025|Q3,Standard Chartered,STAN.L,2025,Q3,Financials,P3,Nigel,All,All,full,BUY,0.7,BUY,1,24,,,1,,,,YES,YES,IN,no,assumed - no rater record,,,,2025-10-30,,Phase 3/Readings/Standard Chartered/Q3/standard-chartered-plc-q3-2025-results.pdf; Phase 3/Readings/Standard Chartered/Q3/standard-chartered-plc-q3-2025-results-transcript.pdf; Phase 3/Readings/Standard Chartered/Q3/standard-chartered-plc-q3-2025-presentation.pdf; Phase 3/Readings/Standard Chartered/Q3/standard-chartered-plc-q3-2025-pillar3-disclosures.pdf,,whole bundle (Document = All),not publisher-identified,not publisher-identified,no,no,4,,not_repriced,
Standard Chartered|2025|Q4,Standard Chartered,STAN.L,2025,Q4,Financials,P3,Nigel,Transcript,Transcript Q&A,qanda,HOLD,-0.2,HOLD,1,15,,,1,,,,YES,YES,IN,no,assumed - no rater record,,,,2026-02-26,,Phase 3/Readings/Standard Chartered/Q4/standard-chartered-plc-post-q4-2025-meeting-with-analysts.pdf; Phase 3/Readings/Standard Chartered/Q4/standard-chartered-plc-full-year-2025-results-transcript.pdf; Phase 3/Readings/Standard Chartered/Q4/standard-chartered-plc-full-year-2025-press-release.pdf; Phase 3/Readings/Standard Chartered/Q4/standard-chartered-plc-full-year-2025-presentation.pdf; Phase 3/Readings/Standard Chartered/Q4/standard-chartered-plc-full-year-2025-pillar3-disclosure.pdf; Phase 3/Readings/Standard Chartered/Q4/standard-chartered-plc-full-year-2025-main-features.pdf; Phase 3/Readings/Standard Chartered/Q4/standard-chartered-plc-full-year-2025-gsib-disclosure.pdf; Phase 3/Readings/Standard Chartered/Q4/standard-chartered-plc-2025-annual-report.pdf,,whole bundle (Document = All),not publisher-identified,not publisher-identified,no,no,8,,not_repriced,
Palantir|2025|Q1,Palantir,PLTR,2025,Q1,Information Technology,P3,Nigel,Press Release Document,Outlook/Guidance,guidance,BUY,0.5,HOLD,0,3,,,1,,,,YES,YES,IN,no,assumed - no rater record,,,,2025-05-05,,"Phase 3/Readings/Palantir/Q1/Transcript : Palantir Technologies Inc., Q1 2025 Earnings Call, May 05, 2025 | MarketScreener UK.pdf; Phase 3/Readings/Palantir/Q1/Q1 2025 | Letter to the Shareholders.pdf; Phase 3/Readings/Palantir/Q1/Palantir - Q1 2025 Investor Presentation.pdf",,whole bundle (Document = All),MarketScreener (Surperformance SAS),licensed vendor,no,no,3,,not_repriced,
Palantir|2025|Q2,Palantir,PLTR,2025,Q2,Information Technology,P3,Nigel,Press Release Document,Financial Results,financials,BUY,0.9,BUY,1,10,,,1,,,,YES,YES,IN,no,assumed - no rater record,,,,2025-08-04,,"Phase 3/Readings/Palantir/Q2/Transcript : Palantir Technologies Inc., Q2 2025 Earnings Call, Aug 04, 2025 | MarketScreener UK.pdf; Phase 3/Readings/Palantir/Q2/Q2 2025 | Letter to Shareholders.pdf; Phase 3/Readings/Palantir/Q2/Palantir Q2 2025 Business Update.pdf",,whole bundle (Document = All),MarketScreener (Surperformance SAS),licensed vendor,no,no,3,,not_repriced,
Palantir|2025|Q3,Palantir,PLTR,2025,Q3,Information Technology,P3,Nigel,All,All,full,BUY,0.9,BUY,1,21,,,1,,,,YES,YES,IN,no,assumed - no rater record,,,,2025-11-03,,"Phase 3/Readings/Palantir/Q3/Transcript : Palantir Technologies Inc., Q3 2025 Earnings Call, Nov 03, 2025 | MarketScreener UK.pdf; Phase 3/Readings/Palantir/Q3/Q3 2025 | Letter to Shareholders.pdf; Phase 3/Readings/Palantir/Q3/Palantir - Q3 2025 Investor Presentation.pdf",,whole bundle (Document = All),MarketScreener (Surperformance SAS),licensed vendor,no,no,3,,not_repriced,
Palantir|2025|Q4,Palantir,PLTR,2025,Q4,Information Technology,P3,Nigel,Transcript,Transcript Q&A,qanda,BUY,0.5,BUY,1,15,,,1,,,,YES,YES,IN,no,assumed - no rater record,,,,2026-02-02,,"Phase 3/Readings/Palantir/Q4/Transcript : Palantir Technologies Inc., Q4 2025 Earnings Call, Feb 02, 2026 | MarketScreener UK.pdf; Phase 3/Readings/Palantir/Q4/Q4 2025 | Letter to Shareholders.pdf; Phase 3/Readings/Palantir/Q4/Palantir - Q4 2025 Investor Presentation.pdf; Phase 3/Readings/Palantir/Q4/2025 FY PLTR 10-K.pdf",,whole bundle (Document = All),MarketScreener (Surperformance SAS),licensed vendor,one of several,no,4,,not_repriced,
MetLife|2025|Q1,MetLife,MET,2025,Q1,Financials,P2,Dragos,All,All,full,BUY,0.3,,,25,,,1,,,,YES,YES,IN,no,assumed - no rater record,,,,2025-04-30,,Phase 2/MetLife/Q1 2025/MET-Q1-2025-press-release-SEC-EX99-1.htm; Phase 2/MetLife/Q1 2025/MET-Q1-2025-exhibit-SEC-EX99-2.htm; Phase 2/MetLife/Q1 2025/MET-Q1-2025-earnings-call-transcript-InsiderMonkey.html,https://www.insidermonkey.com/blog/metlife-inc-nysemet-q1-2025-earnings-call-transcript-1523164/; https://www.sec.gov/Archives/edgar/data/1099219/000109921925000133/ex991earningsreleasetables.htm; https://www.sec.gov/Archives/edgar/data/1099219/000109921925000133/ex992qfsq125.htm,manifest (whole bundle),Insider Monkey (Koala Guide LLC),"free to read, copyright asserted",no,yes,3,,fact_based,release date + stated time
MetLife|2025|Q2,MetLife,MET,2025,Q2,Financials,P2,Dragos,All,All,full,HOLD,-0.2,SELL,0,23,,,1,,,,YES,YES,IN,no,assumed - no rater record,,,,2025-08-06,,Phase 2/MetLife/Q2 2025/MET-Q2-2025-press-release-SEC-EX99-1.htm; Phase 2/MetLife/Q2 2025/MET-Q2-2025-exhibit-SEC-EX99-2.htm; Phase 2/MetLife/Q2 2025/MET-Q2-2025-earnings-call-transcript-InsiderMonkey.html,https://www.insidermonkey.com/blog/metlife-inc-nysemet-q2-2025-earnings-call-transcript-1587127/; https://www.sec.gov/Archives/edgar/data/1099219/000109921925000191/ex991earningsreleasetables.htm; https://www.sec.gov/Archives/edgar/data/1099219/000109921925000191/ex992qfsq225.htm,manifest (whole bundle),Insider Monkey (Koala Guide LLC),"free to read, copyright asserted",no,yes,3,,other,release date + stated time in the document (document)
MetLife|2025|Q3,MetLife,MET,2025,Q3,Financials,P2,Dragos,All,All,full,BUY,0.5,BUY,1,20,,,1,,,,YES,YES,IN,no,assumed - no rater record,,,,2025-11-05,,Phase 2/MetLife/Q3 2025/MET-Q3-2025-press-release-SEC-EX99-1.htm; Phase 2/MetLife/Q3 2025/MET-Q3-2025-exhibit-SEC-EX99-2.htm; Phase 2/MetLife/Q3 2025/MET-Q3-2025-earnings-call-transcript-news-alphastreet-com.html,https://news.alphastreet.com/metlife-inc-met-q3-2025-earnings-call-transcript/; https://www.sec.gov/Archives/edgar/data/1099219/000109921925000227/ex991earningsreleasetables.htm; https://www.sec.gov/Archives/edgar/data/1099219/000109921925000227/ex992qfsq325.htm,manifest (whole bundle),not publisher-identified,not publisher-identified,no,yes,3,,other,release date + stated time in the document (document)
MetLife|2025|Q4,MetLife,MET,2025,Q4,Financials,P2,Dragos,All,All,full,BUY,0.5,BUY,1,19,,,1,,,,YES,YES,IN,no,assumed - no rater record,,,,2026-02-04,,Phase 2/MetLife/Q4 2025/MET-Q4-2025-press-release-SEC-EX99-1.htm; Phase 2/MetLife/Q4 2025/MET-Q4-2025-exhibit-SEC-EX99-2.htm; Phase 2/MetLife/Q4 2025/MET-Q4-2025-earnings-call-transcript-InsiderMonkey.html,https://www.insidermonkey.com/blog/metlife-inc-nysemet-q4-2025-earnings-call-transcript-1690172/; https://www.sec.gov/Archives/edgar/data/1099219/000109921926000008/ex991earningsreleasetables.htm; https://www.sec.gov/Archives/edgar/data/1099219/000109921926000008/ex992qfsq425.htm,manifest (whole bundle),Insider Monkey (Koala Guide LLC),"free to read, copyright asserted",no,yes,3,,other,release date + stated time in the document (document)
MetLife|2026|Q1,MetLife,MET,2026,Q1,Financials,P2,Dragos,All,All,full,BUY,0.5,HOLD,0,25,,,1,,,,YES,YES,IN,no,assumed - no rater record,,,,2026-05-06,,Phase 2/MetLife/Q1 2026/MET-Q1-2026-press-release-SEC-EX99-1.htm; Phase 2/MetLife/Q1 2026/MET-Q1-2026-exhibit-SEC-EX99-2.htm; Phase 2/MetLife/Q1 2026/MET-Q1-2026-earnings-call-transcript-InsiderMonkey.html,https://www.insidermonkey.com/blog/metlife-inc-nysemet-q1-2026-earnings-call-transcript-1756889/; https://www.sec.gov/Archives/edgar/data/1099219/000109921926000032/ex991earningsreleasetables.htm; https://www.sec.gov/Archives/edgar/data/1099219/000109921926000032/ex992qfsq126.htm,manifest (whole bundle),Insider Monkey (Koala Guide LLC),"free to read, copyright asserted",no,yes,3,,fact_based,release date + stated time
MetLife|2023|Q1,MetLife,MET,2023,Q1,Financials,P2,Dragos,All,All,full,SELL,-0.4,,,31,,,1,,,,YES,YES,IN,no,assumed - no rater record,,,,2023-05-03,,Phase 2/MetLife/Q1 2023/MET-Q1-2023-press-release-SEC-EX99-1.htm; Phase 2/MetLife/Q1 2023/MET-Q1-2023-exhibit-SEC-EX99-2.htm; Phase 2/MetLife/Q1 2023/MET-Q1-2023-earnings-call-transcript-news-alphastreet-com.html,https://news.alphastreet.com/metlife-inc-met-q1-2023-earnings-call-transcript/; https://www.sec.gov/Archives/edgar/data/1099219/000109921923000156/ex991earningsreleasetables.htm; https://www.sec.gov/Archives/edgar/data/1099219/000109921923000156/ex992qfsq123doc-ldti.htm,manifest (whole bundle),not publisher-identified,not publisher-identified,no,yes,3,,other,release date + stated time in the document (document)
MetLife|2023|Q2,MetLife,MET,2023,Q2,Financials,P2,Dragos,All,All,full,HOLD,0.1,,,32,,,1,,,,YES,YES,IN,no,assumed - no rater record,,,,2023-08-02,,Phase 2/MetLife/Q2 2023/MET-Q2-2023-press-release-SEC-EX99-1.htm; Phase 2/MetLife/Q2 2023/MET-Q2-2023-exhibit-SEC-EX99-2.htm; Phase 2/MetLife/Q2 2023/MET-Q2-2023-earnings-call-transcript-InsiderMonkey.html,https://www.insidermonkey.com/blog/metlife-inc-nysemet-q2-2023-earnings-call-transcript-1176871/; https://www.sec.gov/Archives/edgar/data/1099219/000109921923000207/ex991earningsreleasetables.htm; https://www.sec.gov/Archives/edgar/data/1099219/000109921923000207/ex992qfsq223doc.htm,manifest (whole bundle),Insider Monkey (Koala Guide LLC),"free to read, copyright asserted",no,yes,3,,other,release date + stated time in the document (document)
MetLife|2023|Q3,MetLife,MET,2023,Q3,Financials,P2,Dragos,All,All,full,BUY,0.4,,,21,,,1,,,,YES,YES,IN,no,assumed - no rater record,,,,2023-11-01,,Phase 2/MetLife/Q3 2023/MET-Q3-2023-press-release-SEC-EX99-1.htm; Phase 2/MetLife/Q3 2023/MET-Q3-2023-exhibit-SEC-EX99-2.htm; Phase 2/MetLife/Q3 2023/MET-Q3-2023-earnings-call-transcript-InsiderMonkey.html,https://www.insidermonkey.com/blog/metlife-inc-nysemet-q3-2023-earnings-call-transcript-1216220/; https://www.sec.gov/Archives/edgar/data/1099219/000109921923000266/ex991earningsreleasetables.htm; https://www.sec.gov/Archives/edgar/data/1099219/000109921923000266/ex992qfsq323doc.htm,manifest (whole bundle),Insider Monkey (Koala Guide LLC),"free to read, copyright asserted",no,yes,3,,other,release date + stated time in the document (document)
MetLife|2023|Q4,MetLife,MET,2023,Q4,Financials,P2,Dragos,All,All,full,BUY,0.3,,,39,,,1,,,,YES,YES,IN,no,assumed - no rater record,,,,2024-01-31,,Phase 2/MetLife/Q4 2023/MET-Q4-2023-press-release-SEC-EX99-1.htm; Phase 2/MetLife/Q4 2023/MET-Q4-2023-exhibit-SEC-EX99-2.htm; Phase 2/MetLife/Q4 2023/MET-Q4-2023-earnings-call-transcript-InsiderMonkey.html,https://www.insidermonkey.com/blog/metlife-inc-nysemet-q4-2023-earnings-call-transcript-1252835/; https://www.sec.gov/Archives/edgar/data/1099219/000109921924000028/ex991earningsreleasetables.htm; https://www.sec.gov/Archives/edgar/data/1099219/000109921924000028/ex992qfsq423doc.htm,manifest (whole bundle),Insider Monkey (Koala Guide LLC),"free to read, copyright asserted",no,yes,3,,other,release date + stated time in the document (document)
MetLife|2024|Q1,MetLife,MET,2024,Q1,Financials,P2,Dragos,All,All,full,HOLD,0.1,,,24,,,1,,,,YES,YES,IN,no,assumed - no rater record,,,,2024-05-01,,Phase 2/MetLife/Q1 2024/MET-Q1-2024-press-release-SEC-EX99-1.htm; Phase 2/MetLife/Q1 2024/MET-Q1-2024-exhibit-SEC-EX99-2.htm; Phase 2/MetLife/Q1 2024/MET-Q1-2024-earnings-call-transcript-InsiderMonkey.html,https://www.insidermonkey.com/blog/metlife-inc-nysemet-q1-2024-earnings-call-transcript-1296279/; https://www.sec.gov/Archives/edgar/data/1099219/000109921924000139/ex991earningsreleasetables.htm; https://www.sec.gov/Archives/edgar/data/1099219/000109921924000139/ex992qfsq124.htm,manifest (whole bundle),Insider Monkey (Koala Guide LLC),"free to read, copyright asserted",no,yes,3,,other,release date + stated time in the document (document)
MetLife|2024|Q2,MetLife,MET,2024,Q2,Financials,P2,Dragos,All,All,full,BUY,0.5,HOLD,0,20,,,1,,,,YES,YES,IN,no,assumed - no rater record,,,,2024-07-31,,Phase 2/MetLife/Q2 2024/MET-Q2-2024-press-release-SEC-EX99-1.htm; Phase 2/MetLife/Q2 2024/MET-Q2-2024-exhibit-SEC-EX99-2.htm; Phase 2/MetLife/Q2 2024/MET-Q2-2024-earnings-call-transcript-stockanalysis-com.html,https://stockanalysis.com/stocks/met/transcripts/190195-q2-2024/; https://www.sec.gov/Archives/edgar/data/1099219/000109921924000196/ex991earningsreleasetables.htm; https://www.sec.gov/Archives/edgar/data/1099219/000109921924000196/ex992qfsq224.htm,manifest (whole bundle),not publisher-identified,not publisher-identified,no,yes,3,,other,release date + stated time in the document (document)
MetLife|2024|Q3,MetLife,MET,2024,Q3,Financials,P2,Dragos,All,All,full,HOLD,-0.2,SELL,0,23,,,1,,,,YES,YES,IN,no,assumed - no rater record,,,,2024-10-30,,Phase 2/MetLife/Q3 2024/MET-Q3-2024-press-release-SEC-EX99-1.htm; Phase 2/MetLife/Q3 2024/MET-Q3-2024-exhibit-SEC-EX99-2.htm; Phase 2/MetLife/Q3 2024/MET-Q3-2024-earnings-call-transcript-InsiderMonkey.html,https://www.insidermonkey.com/blog/metlife-inc-nysemet-q3-2024-earnings-call-transcript-1383939/; https://www.sec.gov/Archives/edgar/data/1099219/000109921924000255/ex991earningsreleasetables.htm; https://www.sec.gov/Archives/edgar/data/1099219/000109921924000255/ex992qfsq324.htm,manifest (whole bundle),Insider Monkey (Koala Guide LLC),"free to read, copyright asserted",no,yes,3,,other,release date + stated time in the document (document)
MetLife|2024|Q4,MetLife,MET,2024,Q4,Financials,P2,Dragos,All,All,full,HOLD,0.1,,,22,,,1,,,,YES,YES,IN,no,assumed - no rater record,,,,2025-02-05,,Phase 2/MetLife/Q4 2024/MET-Q4-2024-press-release-SEC-EX99-1.htm; Phase 2/MetLife/Q4 2024/MET-Q4-2024-exhibit-SEC-EX99-2.htm; Phase 2/MetLife/Q4 2024/MET-Q4-2024-earnings-call-transcript-InsiderMonkey.html,https://www.insidermonkey.com/blog/metlife-inc-nysemet-q4-2024-earnings-call-transcript-1445993/; https://www.sec.gov/Archives/edgar/data/1099219/000109921925000039/ex991earningsreleasetables.htm; https://www.sec.gov/Archives/edgar/data/1099219/000109921925000039/ex992qfsq424.htm,manifest (whole bundle),Insider Monkey (Koala Guide LLC),"free to read, copyright asserted",no,yes,3,,other,release date + stated time in the document (document)
General Mills|2026|Q2,General Mills,GIS,2026,Q2,Consumer Staples,P3,Meriem,Transcript,Transcript Q&A,qanda,BUY,0.3,HOLD,0,45,,,1,,,,YES,YES,IN,no,assumed - no rater record,,,,2025-12-17,,Phase 3/Readings/General Mills/GIS Q2 2026 Earnings Transcript.pdf,,unique filename match,The Motley Fool,"free to read, copyright asserted",no,no,1,"Despite a volatile environment, improving volumes, stronger North American performance, and management's confident outlook suggest the business is gaining momentum.",fact_based,release date + stated time
General Mills|2026|Q3,General Mills,GIS,2026,Q3,Consumer Staples,P3,Meriem,Press Release Document,All,press release document only,SELL,-0.5,SELL,1,15,,,1,,,,YES,YES,IN,no,assumed - no rater record,,,,2026-03-18,,Phase 3/Readings/General Mills/General Millss 2026 Q3.pdf,,unique filename match,not publisher-identified,not publisher-identified,no,no,1,"Sharp declines in sales, operating profit, and EPS indicate significant operational weakness that outweighs the company's long-term investment strategy.",fact_based,release date + stated time
General Mills|2026|Q4,General Mills,GIS,2026,Q4,Consumer Staples,P3,Meriem,Transcript,Financial Results,financials,HOLD,-0.1,SELL,0,13,,,1,,,,YES,YES,IN,no,assumed - no rater record,,,,2026-07-01,,Phase 3/Readings/General Mills/GIS Q4 2026 Earnings Call Transcript.pdf,,unique filename match,The Motley Fool,"free to read, copyright asserted",no,no,1,"Early signs of recovery and improved profitability are encouraging, but ongoing operating losses and expected inflation pressures warrant a cautious hold.",fact_based,release date + stated time
Siemens|2025|Q4,Siemens,SIE.DE,2025,Q4,Industrials,P3,Meriem,Press Release Document,All,press release document only,SELL,-0.5,BUY,0,25,,,1,,,,YES,YES,IN,no,assumed - no rater record,,,,2025-11-13,,Phase 3/Readings/Siemens/Siemens Q4 2025 earnings release.pdf,,unique filename match,not publisher-identified,not publisher-identified,no,no,1,"Missed earnings expectations, weaker profitability, and continued currency headwinds point to deteriorating near-term performance despite a stabilising economic outlook.",fact_based,release date + stated time
Siemens|2026|Q1,Siemens,SIE.DE,2026,Q1,Industrials,P3,Meriem,Press Release Document,All,press release document only,HOLD,0.2,BUY,0,28,,,1,,,,YES,YES,IN,no,assumed - no rater record,,,,2026-02-12,,Phase 3/Readings/Siemens/Siemens Q1 2026 earnings release.pdf,,unique filename match,not publisher-identified,not publisher-identified,no,no,1,"Revenue and operating margins improved across most businesses, but the sharp decline in EPS and continued currency impacts temper the positive results.",fact_based,release date + stated time
Siemens|2026|Q2,Siemens,SIE.DE,2026,Q2,Industrials,P3,Meriem,Press Release Document,All,press release document only,HOLD,0.1,HOLD,1,23,,,1,,,,YES,YES,IN,no,assumed - no rater record,,,,2026-05-13,,Phase 3/Readings/Siemens/Siemens Q2 2026 earnings release.pdf,,unique filename match,not publisher-identified,not publisher-identified,no,no,1,"Financial performance remained relatively stable despite modest declines in revenue and EPS, while unchanged guidance provides little catalyst for either a buy or sell decision.",fact_based,release date + stated time
Costco|2026|Q1,Costco,COST,2026,Q1,Consumer Staples,both,Meriem,All,All,full,BUY,0.4,,,40,,,1,,,,NO,YES,IN,no,assumed - no rater record,,,,2025-12-11,,Phase 3/Readings/Costco/Q1 26/Costco Wholesale Q1 26 - Costco Wholesale Corporation Reports First Quarter Fiscal Year 2026 O.pdf; Phase 3/Readings/Costco/Q1 26/Costco (COST) Q1 2026 Earnings Call Transcript.pdf,,whole bundle (Document = All),The Motley Fool,"free to read, copyright asserted",no,no,2,"Strong sales, earnings and membership growth outweighed modest renewal rate declines and tariff-related uncertainty, supporting a BUY.",fact_based,release date + stated time in the document (rater worksheet)
Costco|2026|Q2,Costco,COST,2026,Q2,Consumer Staples,both,Meriem,All,All,full,BUY,0.3,,,46,,,1,,,,NO,YES,IN,no,assumed - no rater record,,,,2026-03-05,,Phase 2/Costco/2026-Q2/COST-2026-Q2-press-release-SEC-EX-99-1.htm,https://www.sec.gov/Archives/edgar/data/909832/000090983226000025/costex9918-k3526.htm,manifest,not publisher-identified,not publisher-identified,no,yes,1,"Continued revenue growth, warehouse expansion and positive long-term plans offset sourcing and geopolitical risks, leading to a BUY.",fact_based,release date + stated time in the document (rater worksheet)
Costco|2026|Q3,Costco,COST,2026,Q3,Consumer Staples,both,Meriem,All,All,full,BUY,0.5,,,50,,,1,,,,NO,YES,IN,no,assumed - no rater record,,,,2026-05-28,,Phase 3/Readings/Costco/Q3 26/Costco (COST) Q3 2026 Earnings Transcript.pdf,,unique filename match,The Motley Fool,"free to read, copyright asserted",no,no,1,"Strong sales, earnings and digital engagement more than compensated for margin pressure and slower membership growth, supporting a confident BUY.",other,"earnings calendar, seconded independently"
Shopify|2025|Q3,Shopify,SHOP,2025,Q3,Information Technology,P3,Meriem,All,All,full,BUY,0.4,,,45,,,1,,,,NO,YES,IN,no,assumed - no rater record,,,,2025-11-04,,Phase 3/Readings/Shopify/Q3 25/Website-Financials-Q3-2025.pdf; Phase 3/Readings/Shopify/Q3 25/Q3-2025-Press-Release.pdf; Phase 3/Readings/Shopify/Q3 25/Q3 2025 Press Release.pdf,,whole bundle (Document = All),not publisher-identified,not publisher-identified,no,no,3,"Solid financial results and major customer wins offset lower gross margins and a more moderate growth outlook, supporting a BUY.",fact_based,release date + stated time
Shopify|2025|Q4,Shopify,SHOP,2025,Q4,Information Technology,P3,Meriem,All,All,full,BUY,0.5,,,43,,,1,,,,NO,YES,IN,no,assumed - no rater record,,,,2026-02-11,,Phase 3/Readings/Shopify/Q4 25/Website-Financials-Q4-2025.pdf; Phase 3/Readings/Shopify/Q4 25/Shopify (SHOP) Q4 2025 Earnings Call Transcript.pdf,,whole bundle (Document = All),The Motley Fool,"free to read, copyright asserted",no,no,2,"Excellent financial performance, international expansion, and optimistic guidance outweighed a slight decline in free cash flow margin, leading to a BUY.",fact_based,release date + stated time
Shopify|2026|Q1,Shopify,SHOP,2026,Q1,Information Technology,P3,Meriem,All,All,full,BUY,0.5,,,50,,,1,,,,NO,YES,IN,no,assumed - no rater record,,,,2026-05-05,,Phase 3/Readings/Shopify/Q1 26/Shopify (SHOP) Q1 2026 Earnings Transcript.pdf,,unique filename match,The Motley Fool,"free to read, copyright asserted",no,no,1,"Strong revenue growth, expanding cash generation, and accelerating AI adoption supported a confident outlook and justified a BUY decision",fact_based,release date + stated time
Sony|2025|Q2,Sony,SONY,2025,Q2,Consumer Discretionary,P3,Meriem,All,All,full,HOLD,0.1,,,37,,,1,,,,NO,YES,IN,no,assumed - no rater record,,,,2025-11-11,,Phase 3/Readings/Sony/2025-Q2/SONY-2025-Q2-results-SEC-6-K.htm,https://www.sec.gov/Archives/edgar/data/313838/000110465925109537/tm2530473d2_6k.htm,manifest,not publisher-identified,not publisher-identified,no,yes,1,"Improving sales were balanced by weaker forecasts, supply chain risks and tariff uncertainty, resulting in a cautious HOLD.",other,repriced on the issuer's primary listing
Sony|2025|Q3,Sony,SONY,2025,Q3,Consumer Discretionary,P3,Meriem,All,All,full,HOLD,0.2,,,30,,,1,,,,NO,YES,IN,no,assumed - no rater record,,,,2026-02-05,,Phase 3/Readings/Sony/2025-Q3/SONY-2025-Q3-results-SEC-6-K.htm,https://www.sec.gov/Archives/edgar/data/313838/000110465926010560/tm264796d5_6k.htm,manifest,not publisher-identified,not publisher-identified,no,yes,1,"Good overall financial performance and strategic partnerships were offset by mixed segment performance and industry concerns, supporting a HOLD.",other,repriced on the issuer's primary listing
Sony|2026|Q1,Sony,SONY,2026,Q1,Consumer Discretionary,P3,Meriem,All,All,full,BUY,0.3,,,44,,,1,,,,NO,YES,IN,no,assumed - no rater record,,,,2026-07-31,,Phase 3/Readings/Sony/2026-Q1/SONY-2026-Q1-results-SEC-6-K.htm,https://www.sec.gov/Archives/edgar/data/313838/000110465926088922/tm2621477d2_6k.htm,manifest,not publisher-identified,not publisher-identified,no,yes,1,"Strong earnings growth and improved profitability, together with limited expected impact from the earthquake, justified a moderate BUY.",other,repriced on the issuer's primary listing
Nestle|2024|Q3,Nestle,NSRGY,2024,Q3,Consumer Staples,P3,Meriem,All,All,full,BUY,0.3,,,40,,,1,,,,NO,YES,IN,no,assumed - no rater record,,,,2024-10-17,,Phase 3/Readings/Nestlé/Q3 24/Nestlé Q3 FY2024 Earnings Call Transcript.pdf; Phase 3/Readings/Nestlé/Q3 24/2024-Q3.pdf,,whole bundle (Document = All),not publisher-identified,not publisher-identified,no,no,2,"Steady organic growth and strong coffee performance were tempered by weaker consumer demand, lower guidance and market share concerns, resulting in a HOLD.",fact_based,release date + stated time
Nestle|2026|Q1,Nestle,NSRGY,2026,Q1,Consumer Staples,P3,Meriem,All,All,full,HOLD,0.2,,,38,,,1,,,,NO,YES,IN,no,assumed - no rater record,,,,2026-04-23,,Phase 3/Readings/Nestlé/Q1 26/Q1-2026-en.pdf; Phase 3/Readings/Nestlé/Q1 26/NESR Q1 2026 Earnings Call Transcript.pdf,,whole bundle (Document = All),The Motley Fool,"free to read, copyright asserted",no,no,2,"Solid organic growth and a resilient full-year outlook outweighed foreign exchange, recall and geopolitical headwinds, supporting a BUY.",fact_based,release date + stated time
Alphabet|2026|Q1,Alphabet,GOOGL,2026,Q1,Communication Services,P2,David,Transcript,Outlook/Guidance,guidance,SELL,-0.4,HOLD,0,34,,,1,,,,YES,YES,IN,no,assumed - no rater record,,,,2026-04-29,,Phase 2/Alphabet/2026-Q1/GOOGL-2026-Q1-earnings-call-transcript-fool-com.html,https://www.fool.com/earnings/call-transcripts/2026/04/29/alphabet-googl-q1-2026-earnings-call-transcript/,manifest,The Motley Fool,"free to read, copyright asserted",no,yes,1,,fact_based,release date + stated time in the document (rater worksheet)
Alphabet|2025|Q3,Alphabet,GOOGL,2025,Q3,Communication Services,P2,David,Transcript,Transcript Q&A,qanda,SELL,-0.35,BUY,0,43,,,1,,,,YES,YES,IN,no,assumed - no rater record,,,,2025-10-29,,Phase 2/Alphabet/2025-Q3/GOOGL-2025-Q3-earnings-call-transcript-fool-com.html,https://www.fool.com/earnings/call-transcripts/2025/10/30/alphabet-goog-q3-2025-earnings-call-transcript/,manifest,The Motley Fool,"free to read, copyright asserted",no,yes,1,,fact_based,release date + stated time in the document (rater worksheet)
Alphabet|2025|Q4,Alphabet,GOOGL,2025,Q4,Communication Services,P2,David,Press Release Document,Financial Results,financials,BUY,0.75,BUY,1,36,,,1,,,,YES,YES,IN,no,assumed - no rater record,,,,2026-02-04,,Phase 2/Alphabet/2025-Q4/GOOGL-2025-Q4-press-release-SEC-EX-99-1.htm,https://www.sec.gov/Archives/edgar/data/1652044/000165204426000012/googexhibit991q42025.htm,manifest,not publisher-identified,not publisher-identified,no,yes,1,,price_based,price signal — only this window shows an abnormal move
Booking Holdings|2025|Q2,Booking Holdings,BKNG,2025,Q2,Consumer Discretionary,both,David,Press Release Document,Financial Results,financials,BUY,0.3,HOLD,0,31,,,1,,,,YES,NO,IN,no,assumed - no rater record,,,,2025-07-29,,Phase 3/Readings/Booking Holdings/Q2/Booking-Holdings-Inc-BKNG-US-Q2-2025-Earnings-Call-29-July-2025-4_30-PM-ET.pdf,,unique filename match,FactSet CallStreet,licensed vendor,no,no,1,,fact_based,release date + stated time in the document (rater worksheet)
Booking Holdings|2025|Q3,Booking Holdings,BKNG,2025,Q3,Consumer Discretionary,both,David,Transcript,Outlook/Guidance,guidance,HOLD,0.2,BUY,0,33,,,1,,,,YES,NO,IN,no,assumed - no rater record,,,,2025-10-28,,Phase 3/Readings/Booking Holdings/Q3/CORRECTED-TRANSCRIPT_-Booking-Holdings-Inc-BKNG-US-Q3-2025-Earnings-Call-28-October-2025-4_30-PM-ET.pdf,,unique filename match,FactSet CallStreet,licensed vendor,no,no,1,,fact_based,release date + stated time in the document (rater worksheet)
Booking Holdings|2025|Q4,Booking Holdings,BKNG,2025,Q4,Consumer Discretionary,both,David,Transcript,Transcript Q&A,qanda,SELL,-0.35,HOLD,0,45,,,1,,,,YES,NO,IN,no,assumed - no rater record,,,,2026-02-18,,Phase 3/Readings/Booking Holdings/Q4/CORRECTED-TRANSCRIPT_-Booking-Holdings-Inc-BKNG-US-Q4-2025-Earnings-Call-18-February-2026-4_30-PM-ET.pdf,,unique filename match,FactSet CallStreet,licensed vendor,no,no,1,,fact_based,release date + stated time in the document (rater worksheet)
Broadcom|2026|Q1,Broadcom,AVGO,2026,Q1,Information Technology,P2,David,Transcript,Transcript Q&A,qanda,HOLD,-0.2,BUY,0,47,,,1,,,,YES,YES,IN,no,assumed - no rater record,,,,2026-03-04,,Phase 2/Broadcom/2026-Q1/AVGO-2026-Q1-earnings-call-transcript-fool-com.html,https://www.fool.com/earnings/call-transcripts/2026/03/04/broadcom-avgo-q1-2026-earnings-call-transcript/,manifest,The Motley Fool,"free to read, copyright asserted",no,yes,1,,fact_based,release date + stated time in the document (rater worksheet)
Broadcom|2025|Q3,Broadcom,AVGO,2025,Q3,Information Technology,P2,David,Press Release Document,Financial Results,financials,SELL,-0.25,BUY,0,32,,,1,,,,YES,YES,IN,no,assumed - no rater record,,,,2025-09-04,,Phase 2/Broadcom/2025-Q3/AVGO-2025-Q3-press-release-SEC-EX-99-1.htm,https://www.sec.gov/Archives/edgar/data/1730168/000173016825000094/avgo-08032025x8kxex99.htm,manifest,not publisher-identified,not publisher-identified,no,yes,1,,price_based,price signal — only this window shows an abnormal move
Broadcom|2025|Q4,Broadcom,AVGO,2025,Q4,Information Technology,P2,David,Transcript,Outlook/Guidance,guidance,BUY,0.8,BUY,1,35,,,1,,,,YES,YES,IN,no,assumed - no rater record,,,,2025-12-11,,Phase 2/Broadcom/2025-Q4/AVGO-2025-Q4-earnings-call-transcript-fool-com.html,https://www.fool.com/earnings/call-transcripts/2025/12/12/broadcom-avgo-q4-2025-earnings-call-transcript/,manifest,The Motley Fool,"free to read, copyright asserted",no,yes,1,,fact_based,release date + stated time in the document (rater worksheet)
Costco|2026|Q1,Costco,COST,2026,Q1,Consumer Staples,both,David,Transcript,Transcript Q&A,qanda,HOLD,0.05,,,41,,,1,,,,NO,NO,IN,no,assumed - no rater record,,,,2025-12-11,,Phase 3/Readings/Costco/Q1 26/Costco (COST) Q1 2026 Earnings Call Transcript.pdf,,unique filename match,The Motley Fool,"free to read, copyright asserted",no,no,1,,fact_based,release date + stated time in the document (rater worksheet)
Costco|2026|Q2,Costco,COST,2026,Q2,Consumer Staples,both,David,Press Release Document,Financial Results,financials,BUY,0.25,,,33,,,1,,,,NO,NO,IN,no,assumed - no rater record,,,,2026-03-05,,Phase 2/Costco/2026-Q2/COST-2026-Q2-press-release-SEC-EX-99-1.htm,https://www.sec.gov/Archives/edgar/data/909832/000090983226000025/costex9918-k3526.htm,manifest,not publisher-identified,not publisher-identified,no,yes,1,,fact_based,release date + stated time in the document (rater worksheet)
Costco|2025|Q4,Costco,COST,2025,Q4,Consumer Staples,both,David,Transcript,Outlook/Guidance,guidance,HOLD,0.1,,,30,,,1,,,,NO,YES,IN,no,assumed - no rater record,,,,2025-09-25,,Phase 2/Costco/2025-Q4/COST-2025-Q4-earnings-call-transcript-news-alphastreet-com.html,https://news.alphastreet.com/costco-wholesale-corporation-cost-q4-2025-earnings-call-transcript/,manifest,not publisher-identified,not publisher-identified,no,yes,1,,fact_based,release date + stated time in the document (rater worksheet)
Oracle|2026|Q1,Oracle,ORCL,2026,Q1,Information Technology,P2,David,Transcript,Transcript Q&A,qanda,SELL,-0.25,BUY,0,44,,,1,,,,YES,YES,IN,no,assumed - no rater record,,,,2025-09-09,,Phase 2/Oracle/2026-Q1/ORCL-2026-Q1-earnings-call-transcript-news-alphastreet-com.html,https://news.alphastreet.com/oracle-corporation-orcl-q1-2026-earnings-call-transcript/,manifest,not publisher-identified,not publisher-identified,no,yes,1,,fact_based,release date + stated time in the document (rater worksheet)
Oracle|2026|Q2,Oracle,ORCL,2026,Q2,Information Technology,P2,David,Press Release Document,Financial Results,financials,BUY,0.7,BUY,1,38,,,1,,,,YES,YES,IN,no,assumed - no rater record,,,,2025-12-10,,Phase 2/Oracle/2026-Q2/ORCL-2026-Q2-press-release-SEC-EX-99-1.htm,https://www.sec.gov/Archives/edgar/data/1341439/000119312525314207/orcl-ex99_1.htm,manifest,not publisher-identified,not publisher-identified,no,yes,1,,price_based,price signal — only this window shows an abnormal move
Oracle|2026|Q3,Oracle,ORCL,2026,Q3,Information Technology,P2,David,Transcript,Outlook/Guidance,guidance,SELL,-0.45,BUY,0,37,,,1,,,,YES,YES,IN,no,assumed - no rater record,,,,2026-03-10,,Phase 2/Oracle/2026-Q3/ORCL-2026-Q3-earnings-call-transcript-fool-com.html,https://www.fool.com/earnings/call-transcripts/2026/03/10/oracle-orcl-q3-2026-earnings-call-transcript/,manifest,The Motley Fool,"free to read, copyright asserted",no,yes,1,,fact_based,release date + stated time in the document (rater worksheet)
Starbucks|2026|Q1,Starbucks,SBUX,2026,Q1,Consumer Discretionary,P2,David,Press Release Document,Financial Results,financials,SELL,-0.45,HOLD,0,35,,,1,,,,YES,YES,IN,no,assumed - no rater record,,,,2026-01-28,,Phase 2/Starbucks/2026-Q1/SBUX-2026-Q1-press-release-SEC-EX-99-1.htm,https://www.sec.gov/Archives/edgar/data/829224/000082922426000010/sbux-12282025xearningsrele.htm,manifest,not publisher-identified,not publisher-identified,no,yes,1,,price_based,price signal — both moved; this one dominates
Starbucks|2025|Q3,Starbucks,SBUX,2025,Q3,Consumer Discretionary,P2,David,Transcript,Outlook/Guidance,guidance,SELL,-0.3,HOLD,0,39,,,1,,,,YES,YES,IN,no,assumed - no rater record,,,,2025-07-29,,Phase 2/Starbucks/2025-Q3/SBUX-2025-Q3-earnings-call-transcript-fool-com.html,https://www.fool.com/earnings/call-transcripts/2025/08/05/starbucks-sbux-q3-2025-earnings-call-transcript/,manifest,The Motley Fool,"free to read, copyright asserted",no,yes,1,,fact_based,release date + stated time in the document (rater worksheet)
Starbucks|2025|Q4,Starbucks,SBUX,2025,Q4,Consumer Discretionary,P2,David,Transcript,Transcript Q&A,qanda,BUY,0.45,BUY,1,42,,,1,,,,YES,YES,IN,no,assumed - no rater record,,,,2025-10-29,,Phase 2/Starbucks/2025-Q4/SBUX-2025-Q4-earnings-call-transcript-fool-com.html,https://www.fool.com/earnings/call-transcripts/2025/10/29/starbucks-sbux-q4-2025-earnings-call-transcript/,manifest,The Motley Fool,"free to read, copyright asserted",no,yes,1,,fact_based,release date + stated time in the document (rater worksheet)
Caterpillar|2025|Q2,Caterpillar,CAT,2025,Q2,Industrials,both,David,Financial Statement,Financial Results,financials,HOLD,-0.15,HOLD,1,32,,,1,,,,YES,YES,IN,no,assumed - no rater record,,,,2025-08-05,,Phase 2/Caterpillar/2025-Q2/CAT-2025-Q2-quarterly-financial-statements-SEC-10-Q.htm,https://www.sec.gov/Archives/edgar/data/18230/000001823025000040/cat-20250630.htm,manifest,not publisher-identified,not publisher-identified,sole source,yes,1,,fact_based,release date + stated time in the document (rater worksheet)
Caterpillar|2025|Q3,Caterpillar,CAT,2025,Q3,Industrials,both,David,Transcript,Outlook/Guidance,guidance,BUY,0.6,BUY,1,30,,,1,,,,YES,YES,IN,no,assumed - no rater record,,,,2025-10-29,,Phase 2/Caterpillar/2025-Q3/CAT-2025-Q3-earnings-call-transcript-caterpillar-q4cdn.pdf,https://s25.q4cdn.com/358376879/files/doc_financials/2025/q3/3Q-2025-Caterpillar-Inc-Earnings-Call-Transcript_-10-29-2025.pdf,manifest,not publisher-identified,not publisher-identified,no,yes,1,,price_based,price signal — only this window shows an abnormal move
Caterpillar|2025|Q4,Caterpillar,CAT,2025,Q4,Industrials,both,David,Transcript,Transcript Q&A,qanda,HOLD,0.2,BUY,0,30,,,1,,,,YES,YES,IN,no,assumed - no rater record,,,,2026-01-29,,Phase 2/Caterpillar/2025-Q4/CAT-2025-Q4-earnings-call-transcript-fool-com.html,https://www.fool.com/earnings/call-transcripts/2026/01/29/caterpillar-cat-q4-2025-earnings-call-transcript/,manifest,The Motley Fool,"free to read, copyright asserted",no,yes,1,,other,"earnings calendar, seconded independently"
Micron|2026|Q1,Micron,MU,2026,Q1,Information Technology,P2,David,Transcript,Transcript Q&A,qanda,HOLD,-0.2,BUY,0,26,,,1,,,,YES,YES,IN,no,assumed - no rater record,,,,2025-12-17,,Phase 2/Micron/2026-Q1/MU-2026-Q1-earnings-call-transcript-news-alphastreet-com.html,https://news.alphastreet.com/micron-technology-inc-mu-q1-2026-earnings-call-transcript/,manifest,not publisher-identified,not publisher-identified,no,yes,1,,fact_based,release date + stated time in the document (rater worksheet)
Micron|2026|Q2,Micron,MU,2026,Q2,Information Technology,P2,David,Financial Statement,Financial Results,financials,BUY,0.85,BUY,1,24,,,1,,,,YES,YES,IN,no,assumed - no rater record,,,,2026-03-18,,Phase 2/Micron/2026-Q2/MU-2026-Q2-quarterly-financial-statements-SEC-10-Q.htm,https://www.sec.gov/Archives/edgar/data/723125/000072312526000006/mu-20260226.htm,manifest,not publisher-identified,not publisher-identified,sole source,yes,1,,fact_based,release date + stated time in the document (rater worksheet)
Micron|2025|Q4,Micron,MU,2025,Q4,Information Technology,P2,David,Transcript,Outlook/Guidance,guidance,BUY,0.55,BUY,1,29,,,1,,,,YES,YES,IN,no,assumed - no rater record,,,,2025-09-23,,Phase 2/Micron/2025-Q4/MU-2025-Q4-earnings-call-transcript-news-alphastreet-com.html,https://news.alphastreet.com/micron-technology-inc-mu-q4-2025-earnings-call-transcript/,manifest,not publisher-identified,not publisher-identified,no,yes,1,,fact_based,release date + stated time in the document (rater worksheet)
Salesforce|2026|Q2,Salesforce,CRM,2026,Q2,Information Technology,P2,David,Financial Statement,Financial Results,financials,BUY,0.45,BUY,1,21,,,1,,,,YES,YES,IN,no,assumed - no rater record,,,,2025-09-03,,Phase 2/SalesForce/2026-Q2/CRM-2026-Q2-quarterly-financial-statements-SEC-10-Q.htm,https://www.sec.gov/Archives/edgar/data/1108524/000110852425000088/crm-20250731.htm,manifest,not publisher-identified,not publisher-identified,sole source,yes,1,,fact_based,release date + stated time in the document (rater worksheet)
Salesforce|2026|Q3,Salesforce,CRM,2026,Q3,Information Technology,P2,David,Transcript,Outlook/Guidance,guidance,SELL,-0.3,BUY,0,30,,,1,,,,YES,YES,IN,no,assumed - no rater record,,,,2025-12-03,,Phase 2/SalesForce/2026-Q3/CRM-2026-Q3-earnings-call-transcript-salesforce-q4cdn.pdf,https://s205.q4cdn.com/626266368/files/doc_financials/2026/q3/Transcript-Salesforce-Inc-Q3-FY26-Earnings-Conference-Call-12-3-25.pdf,manifest,not publisher-identified,not publisher-identified,no,yes,1,,fact_based,release date + stated time in the document (rater worksheet)
Salesforce|2026|Q4,Salesforce,CRM,2026,Q4,Information Technology,P2,David,Transcript,Transcript Q&A,qanda,SELL,-0.25,HOLD,0,32,,,1,,,,YES,YES,IN,no,assumed - no rater record,,,,2026-02-25,,Phase 2/SalesForce/2026-Q4/CRM-2026-Q4-earnings-call-transcript-news-alphastreet-com.html,https://news.alphastreet.com/salesforce-inc-crm-q4-2026-earnings-call-transcript/,manifest,not publisher-identified,not publisher-identified,no,yes,1,,fact_based,release date + stated time in the document (rater worksheet)
UnitedHealth|2025|Q2,UnitedHealth,UNH,2025,Q2,Health Care,both,David,Transcript,Transcript Q&A,qanda,BUY,0.3,SELL,0,27,,,1,,,,YES,YES,IN,no,assumed - no rater record,,,,2025-07-29,,Phase 2/Unitedhealth/2025-Q2/UNH-2025-Q2-earnings-call-transcript-unitedhealthgroup-com.pdf,https://www.unitedhealthgroup.com/content/dam/UHG/PDF/investors/2025/UNH-Q2-2025-Remarks.pdf,manifest,not publisher-identified,not publisher-identified,no,yes,1,,price_based,price signal — both moved; this one dominates
UnitedHealth|2025|Q3,UnitedHealth,UNH,2025,Q3,Health Care,both,David,Financial Statement,Financial Results,financials,SELL,-0.55,BUY,0,24,,,1,,,,YES,YES,IN,no,assumed - no rater record,,,,2025-10-28,,Phase 2/Unitedhealth/2025-Q3/UNH-2025-Q3-quarterly-financial-statements-SEC-10-Q.htm,https://www.sec.gov/Archives/edgar/data/731766/000073176625000305/unh-20250930.htm,manifest,not publisher-identified,not publisher-identified,sole source,yes,1,,fact_based,release date + stated time in the document (rater worksheet)
UnitedHealth|2025|Q4,UnitedHealth,UNH,2025,Q4,Health Care,both,David,Transcript,Outlook/Guidance,guidance,BUY,0.5,SELL,0,29,,,1,,,,YES,YES,IN,no,assumed - no rater record,,,,2026-01-27,,Phase 2/Unitedhealth/2025-Q4/UNH-2025-Q4-earnings-call-transcript-unitedhealthgroup-com.pdf,https://www.unitedhealthgroup.com/content/dam/UHG/PDF/investors/2025/unh-q4-2025-remarks.pdf,manifest,not publisher-identified,not publisher-identified,no,yes,1,,price_based,price signal — only this window shows an abnormal move
Freeport-McMoRan|2025|Q2,Freeport-McMoRan,FCX,2025,Q2,Materials,P3,Dragos,Transcript,All,transcript only,BUY,0.5,,,40,2,2,1,15,25,0.3,NO,YES,IN,no,attested - rater record,,,Dragos - Phase 3 scoring_rows.csv,2025-07-23,,Phase 3/Readings/Freeport-McMoRan/2025-Q2/FCX-2025-Q2-earnings-call-transcript-fool-com.html,https://www.fool.com/earnings/call-transcripts/2025/07/23/freeport-fcx-q2-2025-earnings-call-transcript/,manifest,The Motley Fool,"free to read, copyright asserted",no,yes,1,"guidance +0.3 in 15 min, then full document +0.5 in 25 min (+0.2). Full document adds the hard numbers behind the section - COMEX prices up more than 40% year to date; Achieving our targeted run rate to 300 million pounds per annum will benefit; second half of the year are nearly 10% higher than the first half. Against that: resulted in an approximate 15% reduction in expected 2025. 7 forward claims flagged hypothetical (El Abra) and discounted, but the concrete numbers carry it.",price_based,price signal — only this window shows an abnormal move
Union Pacific|2025|Q2,Union Pacific,UNP,2025,Q2,Industrials,P3,Dragos,Transcript,All,transcript only,BUY,0.6,,,41,2,2,1,18,23,0.7,NO,YES,IN,no,attested - rater record,,,Dragos - Phase 3 scoring_rows.csv,2025-07-24,,Phase 3/Readings/Union Pacific/2025-Q2/UNP-2025-Q2-earnings-call-transcript-fool-com.html,https://www.fool.com/earnings/call-transcripts/2026/01/26/union-pacific-unp-q2-2025-earnings-transcript/,manifest,The Motley Fool,"free to read, copyright asserted",no,yes,1,"guidance +0.7 in 18 min, then full document +0.6 in 23 min (-0.1). Full document adds the hard numbers behind the section - second quarter cash from operations totaled $4.5 billion, up more than $500 million; adjusted second quarter operating ratio was 58.1%, improving 230 basis points; manifest service performance improved year- over-year to 99% and 97%, respectively. Against that: Fuel expense declined 8% on an 11% decrease. 6 forward claims flagged hypothetical and discounted, but the concrete numbers carry it.",price_based,price signal — both moved; this one dominates
UnitedHealth|2025|Q2,UnitedHealth,UNH,2025,Q2,Health Care,both,Dragos,Transcript,All,transcript only,SELL,-0.3,SELL,1,36,2,2,1,16,20,-0.4,YES,NO,IN,no,attested - rater record,,,Dragos - Phase 3 scoring_rows.csv,2025-07-29,,Phase 2/Unitedhealth/2025-Q2/UNH-2025-Q2-earnings-call-transcript-unitedhealthgroup-com.pdf,https://www.unitedhealthgroup.com/content/dam/UHG/PDF/investors/2025/UNH-Q2-2025-Remarks.pdf,manifest,not publisher-identified,not publisher-identified,no,yes,1,"guidance -0.4 in 16 min, then full document -0.3 in 20 min (+0.1). Full document negative on balance - Adjusted earnings per share of $4.08 was below the same period; end of the second quarter was $32.1 billion; actions from our plan is roughly a $150 million headwind. Against that: expect revenue growth of $18 billion or thirteen percent. 5 hypothetical claims discounted; they do not offset the concrete negatives.",price_based,price signal — both moved; this one dominates
Caterpillar|2025|Q2,Caterpillar,CAT,2025,Q2,Industrials,both,Dragos,Transcript,All,transcript only,HOLD,0,HOLD,1,33,2,2,1,14,19,0.2,YES,NO,IN,no,attested - rater record,,,Dragos - Phase 3 scoring_rows.csv,2025-08-05,,Phase 2/Caterpillar/2025-Q2/CAT-2025-Q2-earnings-call-transcript-news-alphastreet-com.html,https://news.alphastreet.com/caterpillar-inc-cat-q2-2025-earnings-call-transcript/,manifest,not publisher-identified,not publisher-identified,no,yes,1,"guidance +0.2 in 14 min, then full document +0.0 in 19 min (-0.2). Full document broadly neutral - Segment profit increased by 9% to $248 million; Energy & Transportation sales of $7.8 billion, increased by 7%; profit for Energy & Transportation increased by 4%. Against that: Sales and revenues were $16.6 billion, a 1% decrease. 6 forward claims flagged hypothetical and discounted, but the concrete numbers carry it.",fact_based,release date + stated time in the document (rater worksheet)
Home Depot|2025|Q2,Home Depot,HD,2025,Q2,Consumer Discretionary,P3,Dragos,Transcript,All,transcript only,BUY,0.3,,,30,2,2,1,12,18,-0.1,NO,YES,IN,no,attested - rater record,,,Dragos - Phase 3 scoring_rows.csv,2025-08-19,,Phase 3/Readings/Home Depot/2025-Q2/HD-2025-Q2-earnings-call-transcript-ir-homedepot-com.pdf,https://ir.homedepot.com/~/media/Files/H/HomeDepot-IR/reports-and-presentations/quarterly-earnings/2025/hd-2q25-transcript-vf.pdf,manifest,not publisher-identified,not publisher-identified,no,yes,1,"guidance -0.1 in 12 min, then full document +0.3 in 18 min (+0.4). Full document adds the hard numbers behind the section - second quarter, total sales were $45.3 billion, an increase of $2.1 billion; we're just under 1% in the first half; Sales for the second quarter were $45.3 billion, up 4.9% from the same. Against that: months, return on invested capital was 27.2%, down from 31.9%. 6 forward claims flagged hypothetical and discounted, but the concrete numbers carry it.",price_based,price signal — only this window shows an abnormal move
Adobe|2025|Q3,Adobe,ADBE,2025,Q3,Information Technology,P3,Dragos,Transcript,All,transcript only,BUY,0.9,,,34,2,2,1,13,21,0.6,NO,YES,IN,no,attested - rater record,,,Dragos - Phase 3 scoring_rows.csv,2025-09-11,,Phase 3/Readings/Adobe/2025-Q3/ADBE-2025-Q3-earnings-call-transcript-news-alphastreet-com.html,https://news.alphastreet.com/adobe-inc-adbe-q3-2025-earnings-call-transcript/,manifest,not publisher-identified,not publisher-identified,no,yes,1,"qanda +0.6 in 13 min, then full document +0.9 in 21 min (+0.3). Full document adds the hard numbers behind the section - diluted earnings per share in Q3 was $4.18 and non-GAAP diluted earnings per; exiting quarter remaining performance obligations were $20.44 billion, growing 13% year-over-year or 12%; Adobe achieved revenue of $5.99 billion. Against that: shows management has actually surgically cut $100 million in waste to focus. 8 forward claims flagged hypothetical and discounted, but the concrete numbers carry it.",price_based,price signal — both moved; this one dominates
Union Pacific|2025|Q3,Union Pacific,UNP,2025,Q3,Industrials,P3,Dragos,Transcript,All,transcript only,HOLD,0.2,,,29,2,2,1,14,15,0.1,NO,YES,IN,no,attested - rater record,,,Dragos - Phase 3 scoring_rows.csv,2025-10-23,,Phase 3/Readings/Union Pacific/2025-Q3/UNP-2025-Q3-earnings-call-transcript-fool-com.html,https://www.fool.com/earnings/call-transcripts/2026/01/26/union-pacific-unp-q3-2025-earnings-transcript/,manifest,The Motley Fool,"free to read, copyright asserted",no,yes,1,"qanda +0.1 in 14 min, then full document +0.2 in 15 min (+0.1). Full document adds the hard numbers behind the section - Third quarter cash from operations totaled $7.1 billion, up 6% or $381 million; Revenue was up [ 3% ] for the quarter; Fuel expense grew 1%. Against that: third quarter earnings per share of $3.01, excluding $41 million. 1 forward claim flagged hypothetical and discounted, but the concrete numbers carry it.",price_based,price signal — only this window shows an abnormal move
UnitedHealth|2025|Q3,UnitedHealth,UNH,2025,Q3,Health Care,both,Dragos,Transcript,All,transcript only,HOLD,0,BUY,0,29,2,2,1,11,18,-0.2,YES,NO,IN,no,attested - rater record,,,Dragos - Phase 3 scoring_rows.csv,2025-10-28,,Phase 2/Unitedhealth/2025-Q3/UNH-2025-Q3-earnings-call-transcript-news-alphastreet-com.html,https://news.alphastreet.com/unitedhealth-group-incorporated-unh-q3-2025-earnings-call-transcript/,manifest,not publisher-identified,not publisher-identified,no,yes,1,"qanda -0.2 in 11 min, then full document +0.0 in 18 min (+0.2). Full document broadly neutral - Trends are approximately 11%; delivered revenues of over $113 billion; These include average rate increases of over 25%. 8 forward claims flagged hypothetical and discounted, but the concrete numbers carry it.",fact_based,release date + stated time in the document (rater worksheet)
Caterpillar|2025|Q3,Caterpillar,CAT,2025,Q3,Industrials,both,Dragos,Transcript,All,transcript only,BUY,0.5,BUY,1,27,2,2,1,10,17,0.5,YES,NO,IN,no,attested - rater record,,,Dragos - Phase 3 scoring_rows.csv,2025-10-29,,Phase 2/Caterpillar/2025-Q3/CAT-2025-Q3-earnings-call-transcript-caterpillar-q4cdn.pdf,https://s25.q4cdn.com/358376879/files/doc_financials/2025/q3/3Q-2025-Caterpillar-Inc-Earnings-Call-Transcript_-10-29-2025.pdf,manifest,not publisher-identified,not publisher-identified,no,yes,1,"qanda +0.5 in 10 min, then full document +0.5 in 17 min (no change). Full document adds the hard numbers behind the section - Sales increased by 7% in the third quarter; Sales and revenues were $17.6 billion, a 10% increase; Resource Industries sales increased by 2% in the third quarter. Against that: third quarter actually decreased by 3% to $3.1 billion compared. 8 forward claims flagged hypothetical and discounted, but the concrete numbers carry it.",price_based,price signal — only this window shows an abnormal move
Home Depot|2025|Q3,Home Depot,HD,2025,Q3,Consumer Discretionary,P3,Dragos,Transcript,All,transcript only,HOLD,0.2,,,24,2,2,1,10,14,0.3,NO,YES,IN,no,attested - rater record,,,Dragos - Phase 3 scoring_rows.csv,2025-11-18,,Phase 3/Readings/Home Depot/2025-Q3/HD-2025-Q3-earnings-call-transcript-ir-homedepot-com.pdf,https://ir.homedepot.com/~/media/Files/H/HomeDepot-IR/2025/the-home-depot-inc-hd-us-q3-2025-earnings-call-v1.pdf,manifest,FactSet CallStreet,licensed vendor,no,yes,1,"qanda +0.3 in 10 min, then full document +0.2 in 14 min (-0.1). Full document adds the hard numbers behind the section - third quarter, total sales were $41.4 billion, an increase of $1.1 billion; Sales for the third quarter were $41.4 billion, up 2.8% from the same; percent of sales increased approximately 55 basis points to 20.5% compared. Against that: total company comps were positive 0.2%, with comps of positive. 2 forward claims flagged hypothetical and discounted, but the concrete numbers carry it.",price_based,price signal — both moved; this one dominates
Adobe|2025|Q4,Adobe,ADBE,2025,Q4,Information Technology,P3,Dragos,Transcript,All,transcript only,BUY,0.9,,,15,1,1,1,15,,,NO,YES,IN,no,attested - rater record,,,Dragos - Phase 3 scoring_rows.csv,2025-12-10,,Phase 3/Readings/Adobe/2025-Q4/ADBE-2025-Q4-earnings-call-transcript-fool-com.html,https://www.fool.com/earnings/call-transcripts/2025/12/10/adobe-adbe-q4-2025-earnings-call-transcript/,manifest,The Motley Fool,"free to read, copyright asserted",no,yes,1,"Full document strong across the board - RPO of $22.52 billion exiting the year, growing 13%; GAAP EPS in Q4 was $4.45 and non-GAAP EPS was $5.5; GAAP EPS for the year was $16.7 and non-GAAP EPS was $20.94. Against that: Cash flows from operations of $10.03 billion and ending cash. 7 forward claims flagged hypothetical and discounted, but the concrete numbers carry it.",other,release time published by the issuer
Freeport-McMoRan|2025|Q4,Freeport-McMoRan,FCX,2025,Q4,Materials,P3,Dragos,Transcript,All,transcript only,BUY,0.6,,,16,1,1,1,16,,,NO,YES,IN,no,attested - rater record,,,Dragos - Phase 3 scoring_rows.csv,2026-01-22,,Phase 3/Readings/Freeport-McMoRan/2025-Q4/FCX-2025-Q4-earnings-call-transcript-fool-com.html,https://www.fool.com/earnings/call-transcripts/2026/01/22/freeport-mcmoran-fcx-q4-2025-earnings-transcript/,manifest,The Motley Fool,"free to read, copyright asserted",no,yes,1,"Full document strong across the board - benefit from improving gold prices with each $100 per ounce change in price; focus really is getting the 85% up and running; we're 97% of what we need. Against that: Capital expenditures for 2025 totaled $3.9 billion, half a billion dollars. 8 forward claims flagged hypothetical (leach scaling) and discounted, but the concrete numbers carry it.",other,"earnings calendar, seconded independently"
UnitedHealth|2025|Q4,UnitedHealth,UNH,2025,Q4,Health Care,both,Dragos,Transcript,All,transcript only,BUY,0.5,SELL,0,12,1,1,1,12,,,YES,NO,IN,no,attested - rater record,,,Dragos - Phase 3 scoring_rows.csv,2026-01-27,,Phase 2/Unitedhealth/2025-Q4/UNH-2025-Q4-earnings-call-transcript-unitedhealthgroup-com.pdf,https://www.unitedhealthgroup.com/content/dam/UHG/PDF/investors/2025/unh-q4-2025-remarks.pdf,manifest,not publisher-identified,not publisher-identified,no,yes,1,"Full document strong across the board - delivered revenues of nearly $448 billion; adjusted earnings per share of greater than $17.75 for growth of at least; expect earning growth of greater than 4%. Against that: anticipate operating cost reductions of nearly $1 billion in 2026 many AI. 5 forward claims flagged hypothetical and discounted, but the concrete numbers carry it.",price_based,price signal — only this window shows an abnormal move
Union Pacific|2025|Q4,Union Pacific,UNP,2025,Q4,Industrials,P3,Dragos,Transcript,All,transcript only,BUY,0.5,,,12,1,1,1,12,,,NO,YES,IN,no,attested - rater record,,,Dragos - Phase 3 scoring_rows.csv,2026-01-27,,Phase 3/Readings/Union Pacific/2025-Q4/UNP-2025-Q4-earnings-call-transcript-fool-com.html,https://www.fool.com/earnings/call-transcripts/2026/01/27/union-pacific-unp-q4-2025-earnings-transcript/,manifest,The Motley Fool,"free to read, copyright asserted",no,yes,1,"Full document strong across the board - full year reported net income of $7.1 billion, up 6% and earnings per; Driven by a 3% increase in fuel prices; Premium revenue for the quarter declined 6% on a 10% increase. Against that: Where operating revenue of $6.1 billion decreased 1%. 5 forward claims flagged hypothetical and discounted, but the concrete numbers carry it.",price_based,price signal — only this window shows an abnormal move
Caterpillar|2025|Q4,Caterpillar,CAT,2025,Q4,Industrials,both,Dragos,Transcript,All,transcript only,BUY,0.5,BUY,1,11,1,1,1,11,,,YES,NO,IN,no,attested - rater record,,,Dragos - Phase 3 scoring_rows.csv,2026-01-29,,Phase 2/Caterpillar/2025-Q4/CAT-2025-Q4-earnings-call-transcript-fool-com.html,https://www.fool.com/earnings/call-transcripts/2026/01/29/caterpillar-cat-q4-2025-earnings-call-transcript/,manifest,The Motley Fool,"free to read, copyright asserted",no,yes,1,"Full document strong across the board - backlog grew to a record level of $51 billion, an increase of $21 billion; better than we had anticipated at $5.16, excluding restructuring costs of 52¢; finished the year with our backlog at $51 billion, you know, at 70% higher. Against that: machine dealer inventory decreased by about $500 million in the quarter compared. 8 forward claims flagged hypothetical and discounted, but the concrete numbers carry it.",other,"earnings calendar, seconded independently"
Home Depot|2025|Q4,Home Depot,HD,2025,Q4,Consumer Discretionary,P3,Dragos,Transcript,All,transcript only,HOLD,0.2,,,10,1,1,1,10,,,NO,YES,IN,no,attested - rater record,,,Dragos - Phase 3 scoring_rows.csv,2026-02-24,,Phase 3/Readings/Home Depot/2025-Q4/HD-2025-Q4-earnings-call-transcript-ir-homedepot-com.pdf,https://ir.homedepot.com/~/media/Files/H/HomeDepot-IR/reports-and-presentations/quarterly-earnings/hd-4q25-transcript.pdf,manifest,not publisher-identified,not publisher-identified,no,yes,1,"Full document positive on balance - expect total sales growth of approximately 2.5% to 4.5%, comparable sales growth; year, our sales totaled $164.7 billion, an increase of $5.2 billion; Directors increased our quarterly dividend by 1.3% to $2.33 per share. Against that: total company comps were positive 0.4% with comps of negative. 7 forward claims flagged hypothetical and discounted, but the concrete numbers carry it.",price_based,price signal — both moved; this one dominates
Adobe|2026|Q1,Adobe,ADBE,2026,Q1,Information Technology,P3,Dragos,Transcript,All,transcript only,BUY,0.9,,,27,2,2,1,15,12,0.9,NO,YES,IN,no,attested - rater record,,,Dragos - Phase 3 scoring_rows.csv,2026-03-12,,Phase 3/Readings/Adobe/2026-Q1/ADBE-2026-Q1-earnings-call-transcript-fool-com.html,https://www.fool.com/earnings/call-transcripts/2026/03/12/adobe-adbe-q1-2026-earnings-call-transcript/,manifest,The Motley Fool,"free to read, copyright asserted",no,yes,1,"financials +0.9 in 15 min, then full document +0.9 in 12 min (no change). Full document adds the hard numbers behind the section - Total customer group subscription revenue of $6.17 billion, growing 13% year-over-year or 12%; Q1, Adobe achieved revenue of $6.40 billion, growing 12% year-over-year as reported; Creative & Marketing Professionals subscription revenue was $4.39 billion, increasing 12% year-over-year or 11%. 1 forward claim flagged hypothetical and discounted, but the concrete numbers carry it.",price_based,price signal — only this window shows an abnormal move
UnitedHealth|2026|Q1,UnitedHealth,UNH,2026,Q1,Health Care,both,Dragos,Transcript,All,transcript only,BUY,0.3,,,29,2,2,1,15,14,0.2,YES,YES,IN,no,attested - rater record,,,Dragos - Phase 3 scoring_rows.csv,2026-04-21,,Phase 2/Unitedhealth/2026-Q1/UNH-2026-Q1-earnings-call-transcript-unitedhealthgroup-com.pdf,https://www.unitedhealthgroup.com/content/dam/UHG/PDF/investors/2026/unh-q1-2026-remarks.pdf,manifest,not publisher-identified,not publisher-identified,no,yes,1,"financials +0.2 in 15 min, then full document +0.3 in 14 min (+0.1). Full document adds the hard numbers behind the section - vibrant pharmacy network for more than 80% of the claims; costs, a reported medical care ratio of 83.9% compares to 84.8% in 2025; impact includes, among other things, a $525 million gain on the sale. 1 forward claim flagged hypothetical and discounted, but the concrete numbers carry it.",price_based,price signal — only this window shows an abnormal move
Freeport-McMoRan|2026|Q1,Freeport-McMoRan,FCX,2026,Q1,Materials,P3,Dragos,Transcript,All,transcript only,BUY,0.8,,,21,2,2,1,10,11,0.8,NO,YES,IN,no,attested - rater record,,,Dragos - Phase 3 scoring_rows.csv,2026-04-23,,Phase 3/Readings/Freeport-McMoRan/2026-Q1/FCX-2026-Q1-earnings-call-transcript-fool-com.html,https://www.fool.com/earnings/call-transcripts/2026/04/23/freeport-fcx-q1-2026-earnings-transcript/,manifest,The Motley Fool,"free to read, copyright asserted",no,yes,1,"financials +0.8 in 10 min, then full document +0.8 in 11 min (no change). Full document adds the hard numbers behind the section - cost recovery at Grasberg went up to $1.3 billion from $900 million previously; half volumes are expected to be approximately 30% higher for copper and approximately; prices in March equates to an approximate $500 million cost increase on an annualized. 3 forward claims flagged hypothetical and discounted, but the concrete numbers carry it.",price_based,price signal — only this window shows an abnormal move
Union Pacific|2026|Q1,Union Pacific,UNP,2026,Q1,Industrials,P3,Dragos,Transcript,All,transcript only,BUY,0.5,,,30,2,2,1,12,18,0.5,NO,YES,IN,no,attested - rater record,,,Dragos - Phase 3 scoring_rows.csv,2026-04-23,,Phase 3/Readings/Union Pacific/2026-Q1/UNP-2026-Q1-earnings-call-transcript-fool-com.html,https://www.fool.com/earnings/call-transcripts/2026/04/23/union-pacific-unp-q1-2026-earnings-transcript/,manifest,The Motley Fool,"free to read, copyright asserted",no,yes,1,"financials +0.5 in 12 min, then full document +0.5 in 18 min (no change). Full document adds the hard numbers behind the section - seeing new projects grow in excess of 15%, adding maybe 1% to 2%; Slide 7, first-quarter cash from operations totaled $2.4 billion, up 10%; key drivers as total operating expense increased 3% to $3.8 billion. Against that: Slide 6, where operating revenue of $6.2 billion increased 3%. 2 forward claims flagged hypothetical and discounted, but the concrete numbers carry it.",price_based,price signal — only this window shows an abnormal move
Caterpillar|2026|Q1,Caterpillar,CAT,2026,Q1,Industrials,both,Dragos,Transcript,All,transcript only,BUY,0.6,,,30,2,2,1,16,14,0.6,YES,YES,IN,no,attested - rater record,,,Dragos - Phase 3 scoring_rows.csv,2026-04-30,,Phase 2/Caterpillar/2026-Q1/CAT-2026-Q1-earnings-call-transcript-fool-com.html,https://www.fool.com/earnings/call-transcripts/2026/04/30/caterpillar-cat-q1-2026-earnings-transcript/,manifest,The Motley Fool,"free to read, copyright asserted",no,yes,1,"inancials +0.6 in 16 min, then full document +0.6 in 14 min (no change). Full document adds the hard numbers behind the section - Power and Energy, sales of $7.0 billion increased by 22%; Construction Industries sales increased by 30% in the first quarter; profit for Power and Energy increased by 13%. Against that: higher than we had anticipated at $5.54, excluding restructuring costs. 2 forward claims flagged hypothetical and discounted, but the concrete numbers carry it.",price_based,price signal — only this window shows an abnormal move
Home Depot|2026|Q1,Home Depot,HD,2026,Q1,Consumer Discretionary,P3,Dragos,Transcript,All,transcript only,BUY,0.4,,,25,2,2,1,13,12,0.4,NO,YES,IN,no,attested - rater record,,,Dragos - Phase 3 scoring_rows.csv,2026-05-19,,Phase 3/Readings/Home Depot/2026-Q1/HD-2026-Q1-earnings-call-transcript-ir-homedepot-com.pdf,https://ir.homedepot.com/~/media/Files/H/HomeDepot-IR/2026/hd-1q26-transcript.pdf,manifest,not publisher-identified,not publisher-identified,no,yes,1,"financials +0.4 in 13 min, then full document +0.4 in 12 min (no change). Full document adds the hard numbers behind the section - transactions in sales by ticket size, $0 to $20, $20 to $50; Sales for the first quarter were $41.8 billion, an increase of 4.8%; distribution represents an addressable market of approximately $100 billion, and increases our total addressable. Against that: total company comps were positive 0.6% with comps of positive. 1 forward claim flagged hypothetical and discounted, but the concrete numbers carry it.",price_based,price signal — only this window shows an abnormal move
Adobe|2026|Q2,Adobe,ADBE,2026,Q2,Information Technology,P3,Dragos,Transcript,All,transcript only,BUY,0.9,,,33,2,2,1,15,18,0.8,NO,YES,IN,no,attested - rater record,,,Dragos - Phase 3 scoring_rows.csv,2026-06-11,,Phase 3/Readings/Adobe/2026-Q2/ADBE-2026-Q2-earnings-call-transcript-fool-com.html,https://www.fool.com/earnings/call-transcripts/2026/06/11/adobe-adbe-q2-2026-earnings-transcript/,manifest,The Motley Fool,"free to read, copyright asserted",no,yes,1,"guidance +0.8 in 15 min, then full document +0.9 in 18 min (+0.1). Full document adds the hard numbers behind the section - Q2, Adobe achieved record revenue of $6.62 billion growing 13% year-over-year as reported; earnings per share for the quarter was $4.25 representing 8% year over year; Total customer group subscription revenue of $6.39 billion growing 14% year over year. Against that: operations in the quarter were $2.17 billion and ending cash. 3 forward claims flagged hypothetical and discounted, but the concrete numbers carry it.",price_based,price signal — both moved; this one dominates
PepsiCo|2023|Q1,PepsiCo,PEP,2023,Q1,Consumer Staples,P2,Dragos,All,All,full,HOLD,0.2,BUY,0,22,,,1,,,,YES,YES,IN,no,assumed - no rater record,,,,2023-04-25,,Phase 2/PepsiCo/Q1 2023/PEP-Q1-2023-press-release-SEC-EX99-1.htm; Phase 2/PepsiCo/Q1 2023/PEP-Q1-2023-earnings-call-transcript-InsiderMonkey.html,https://www.insidermonkey.com/blog/pepsico-inc-nasdaqpep-q1-2023-earnings-call-transcript-1143519/; https://www.sec.gov/Archives/edgar/data/77476/000007747623000025/q120238-kxexhibit991.htm,manifest (whole bundle),Insider Monkey (Koala Guide LLC),"free to read, copyright asserted",no,yes,2,"Full document set mildly positive - 2023 organic revenue to increase 8 percent (previously 6 percent) and core; the Company now expects to deliver 8 percent organic revenue growth (previously 6; Net revenue growth 10.2%. Against that: Foreign exchange impact on net revenue (2.5)%. 2 forward claims flagged hypothetical and discounted, but the concrete numbers carry it.",fact_based,release date + stated time
PepsiCo|2023|Q2,PepsiCo,PEP,2023,Q2,Consumer Staples,P2,Dragos,All,All,full,HOLD,0.2,BUY,0,21,,,1,,,,YES,YES,IN,no,assumed - no rater record,,,,2023-07-13,,Phase 2/PepsiCo/Q2 2023/PEP-Q2-2023-press-release-SEC-EX99-1.htm; Phase 2/PepsiCo/Q2 2023/PEP-Q2-2023-earnings-call-transcript-InsiderMonkey.html,https://www.insidermonkey.com/blog/pepsico-inc-nasdaqpep-q2-2023-earnings-call-transcript-1168148/; https://www.sec.gov/Archives/edgar/data/77476/000007747623000048/q220238-kxexhibit991.htm,manifest (whole bundle),Insider Monkey (Koala Guide LLC),"free to read, copyright asserted",no,yes,2,"Full document set mildly positive - full-year organic revenue to increase 10 percent (previously 8 percent) and our core; the Company now expects to deliver 10 percent organic revenue growth (previously 8; Net revenue growth 10.4%. Against that: recorded pre-tax impairment charges of $1.4 billion and $1.6 billion, respectively. 3 forward claims flagged hypothetical and discounted, but the concrete numbers carry it.",fact_based,release date + stated time
PepsiCo|2023|Q3,PepsiCo,PEP,2023,Q3,Consumer Staples,P2,Dragos,All,All,full,HOLD,0.2,BUY,0,20,,,1,,,,YES,YES,IN,no,assumed - no rater record,,,,2023-10-10,,Phase 2/PepsiCo/Q3 2023/PEP-Q3-2023-press-release-SEC-EX99-1.htm; Phase 2/PepsiCo/Q3 2023/PEP-Q3-2023-earnings-call-transcript-InsiderMonkey.html,https://www.insidermonkey.com/blog/pepsico-inc-nasdaqpep-q3-2023-earnings-call-transcript-1203808/; https://www.sec.gov/Archives/edgar/data/77476/000007747623000060/q320238-kxexhibit991.htm,manifest (whole bundle),Insider Monkey (Koala Guide LLC),"free to read, copyright asserted",no,yes,2,"Full document set positive on balance - core constant currency EPS to increase 13 percent (previously 12 percent) and continue; the Company now expects to deliver 13 percent core constant currency EPS growth; For Q3, we saw revenue up 5% in beverages and 8% in foods in the. Against that: Foreign exchange impact on net revenue (2)%. 2 forward claims flagged hypothetical and discounted, but the concrete numbers carry it.",fact_based,release date + stated time
PepsiCo|2023|Q4,PepsiCo,PEP,2023,Q4,Consumer Staples,P2,Dragos,All,All,full,HOLD,0.2,SELL,0,18,,,1,,,,YES,YES,IN,no,assumed - no rater record,,,,2024-02-09,,Phase 2/PepsiCo/Q4 2023/PEP-Q4-2023-press-release-SEC-EX99-1.htm; Phase 2/PepsiCo/Q4 2023/PEP-Q4-2023-earnings-call-transcript-InsiderMonkey.html,https://www.insidermonkey.com/blog/pepsico-inc-nasdaqpep-q4-2023-earnings-call-transcript-1256907/; https://www.sec.gov/Archives/edgar/data/77476/000007747624000010/q420238-kxexhibit991.htm,manifest (whole bundle),Insider Monkey (Koala Guide LLC),"free to read, copyright asserted",no,yes,2,"Full document set mildly positive - The Company today announced a 7 percent increase in its annualized dividend to; we now expect to deliver at least 4 percent organic revenue growth and at least 8; We also announced a 7 percent increase in our annualized dividend. Against that: related to the Quaker Recall, by 5 percentage points in the quarter ended. 3 forward claims flagged hypothetical and discounted, but the concrete numbers carry it.",fact_based,release date + stated time
PepsiCo|2024|Q1,PepsiCo,PEP,2024,Q1,Consumer Staples,P2,Dragos,All,All,full,BUY,0.5,HOLD,0,15,,,1,,,,YES,YES,IN,no,assumed - no rater record,,,,2024-04-23,,Phase 2/PepsiCo/Q1 2024/PEP-Q1-2024-press-release-SEC-EX99-1.htm; Phase 2/PepsiCo/Q1 2024/PEP-Q1-2024-earnings-call-transcript-InsiderMonkey.html,https://www.insidermonkey.com/blog/pepsico-inc-nasdaqpep-q1-2024-earnings-call-transcript-1291655/; https://www.sec.gov/Archives/edgar/data/77476/000007747624000019/q120248-kxexhibit991.htm,manifest (whole bundle),Insider Monkey (Koala Guide LLC),"free to read, copyright asserted",no,yes,2,"Full document set strong across the board - continue to expect to deliver at least 4 percent organic revenue growth and at least 8; Net revenue growth 2.3%; EPS change 6%. Against that: Foreign exchange impact on net revenue (0.5)%. 1 forward claim flagged hypothetical and discounted, but the concrete numbers carry it. Scored on the press release alone - transcript not collected for this quarter.",fact_based,release date + stated time
PepsiCo|2024|Q2,PepsiCo,PEP,2024,Q2,Consumer Staples,P2,Dragos,All,All,full,BUY,0.6,SELL,0,19,,,1,,,,YES,YES,IN,no,assumed - no rater record,,,,2024-07-11,,Phase 2/PepsiCo/Q2 2024/PEP-Q2-2024-press-release-SEC-EX99-1.htm; Phase 2/PepsiCo/Q2 2024/PEP-Q2-2024-earnings-call-transcript-InsiderMonkey.html,https://www.insidermonkey.com/blog/pepsico-inc-nasdaqpep-q2-2024-earnings-call-transcript-1322618/; https://www.sec.gov/Archives/edgar/data/77476/000007747624000043/q220248-kxexhibit991.htm,manifest (whole bundle),Insider Monkey (Koala Guide LLC),"free to read, copyright asserted",no,yes,2,"Full document set strong across the board - we now expect to deliver approximately 4 percent organic revenue growth (previously at; • Approximately 4 percent organic revenue growth (previously at; is to make sure that it grows at a 4% or 5% levels, and that is going to be. Against that: Foreign exchange impact on net revenue (1)%. 2 forward claims flagged hypothetical and discounted, but the concrete numbers carry it.",fact_based,release date + stated time
PepsiCo|2024|Q3,PepsiCo,PEP,2024,Q3,Consumer Staples,P2,Dragos,All,All,full,HOLD,0.2,SELL,0,22,,,1,,,,YES,YES,IN,no,assumed - no rater record,,,,2024-10-08,,Phase 2/PepsiCo/Q3 2024/PEP-Q3-2024-press-release-SEC-EX99-1.htm; Phase 2/PepsiCo/Q3 2024/PEP-Q3-2024-earnings-call-transcript-InsiderMonkey.html,https://www.insidermonkey.com/blog/pepsico-inc-nasdaqpep-q3-2024-earnings-call-transcript-1369843/; https://www.sec.gov/Archives/edgar/data/77476/000007747624000054/q320248-kxexhibit991.htm,manifest (whole bundle),Insider Monkey (Koala Guide LLC),"free to read, copyright asserted",no,yes,2,"Full document set positive on balance - Net revenue performance 0.7%; EPS change 4%; Organic revenue growth 1.3%. Against that: Net revenue performance (0.6)%. 3 forward claims flagged hypothetical and discounted, but the concrete numbers carry it.",fact_based,release date + stated time
PepsiCo|2024|Q4,PepsiCo,PEP,2024,Q4,Consumer Staples,P2,Dragos,All,All,full,BUY,0.4,SELL,0,23,,,1,,,,YES,YES,IN,no,assumed - no rater record,,,,2025-02-04,,Phase 2/PepsiCo/Q4 2024/PEP-Q4-2024-press-release-SEC-EX99-1.htm; Phase 2/PepsiCo/Q4 2024/PEP-Q4-2024-earnings-call-transcript-InsiderMonkey.html,https://www.insidermonkey.com/blog/pepsico-inc-nasdaqpep-q4-2024-earnings-call-transcript-1443383/; https://www.sec.gov/Archives/edgar/data/77476/000007747625000008/q420248-kxexhibit991.htm,manifest (whole bundle),Insider Monkey (Koala Guide LLC),"free to read, copyright asserted",no,yes,2,"Full document set positive on balance - The Company today announced a 5 percent increase in its annualized dividend to; growth of the business in those levels 4% to 6%, and we're obviously going to; Net revenue performance 0.4%. Against that: Net revenue performance (0.2)%. 1 forward claim flagged hypothetical and discounted, but the concrete numbers carry it.",fact_based,release date + stated time
PepsiCo|2025|Q1,PepsiCo,PEP,2025,Q1,Consumer Staples,P2,Dragos,All,All,full,HOLD,0,SELL,0,25,,,1,,,,YES,YES,IN,no,assumed - no rater record,,,,2025-04-24,,Phase 2/PepsiCo/Q1 2025/PEP-Q1-2025-press-release-SEC-EX99-1.htm; Phase 2/PepsiCo/Q1 2025/PEP-Q1-2025-earnings-call-transcript-InsiderMonkey.html,https://www.insidermonkey.com/blog/pepsico-inc-nasdaqpep-q1-2025-earnings-call-transcript-1519470/; https://www.sec.gov/Archives/edgar/data/77476/000007747625000022/q120258-kxexhibit991.htm,manifest (whole bundle),Insider Monkey (Koala Guide LLC),"free to read, copyright asserted",no,yes,2,"Full document set broadly neutral - Organic revenue performance 1.2%; We also previously announced a 5 percent increase in our annualized dividend; Reported Net Revenue % Change, GAAP measure 3. Against that: Net revenue performance (1.8)%. 2 forward claims flagged hypothetical and discounted, but the concrete numbers carry it.",fact_based,release date + stated time
PepsiCo|2025|Q2,PepsiCo,PEP,2025,Q2,Consumer Staples,P2,Dragos,All,All,full,HOLD,-0.2,HOLD,1,20,,,1,,,,YES,YES,IN,no,assumed - no rater record,,,,2025-07-17,,Phase 2/PepsiCo/Q2 2025/PEP-Q2-2025-press-release-SEC-EX99-1.htm; Phase 2/PepsiCo/Q2 2025/PEP-Q2-2025-earnings-call-transcript-InsiderMonkey.html,https://www.insidermonkey.com/blog/pepsico-inc-nasdaqpep-q2-2025-earnings-call-transcript-1571054/; https://www.sec.gov/Archives/edgar/data/77476/000007747625000046/q220258-kxexhibit991.htm,manifest (whole bundle),Insider Monkey (Koala Guide LLC),"free to read, copyright asserted",no,yes,2,Full document set mildly negative - Net revenue performance 1.0%; Organic revenue performance 2.1%; Organic revenue performance 1.7%. Against that: Net revenue performance (0.3)%. 1 hypothetical claim discounted; they do not offset the concrete negatives.,fact_based,release date + stated time
PepsiCo|2025|Q3,PepsiCo,PEP,2025,Q3,Consumer Staples,P2,Dragos,All,All,full,HOLD,0.1,HOLD,1,18,,,1,,,,YES,YES,IN,no,assumed - no rater record,,,,2025-10-09,,Phase 2/PepsiCo/Q3 2025/PEP-Q3-2025-press-release-SEC-EX99-1.htm; Phase 2/PepsiCo/Q3 2025/PEP-Q3-2025-earnings-call-transcript-InsiderMonkey.html,https://www.insidermonkey.com/blog/pepsico-inc-nasdaqpep-q3-2025-earnings-call-transcript-1625709/; https://www.sec.gov/Archives/edgar/data/77476/000007747625000055/q320258-kxexhibit991.htm,manifest (whole bundle),Insider Monkey (Koala Guide LLC),"free to read, copyright asserted",no,yes,2,"Full document set mildly positive - Net revenue performance 2.6%; Net revenue performance 0.8%; Foreign exchange impact on net revenue 0.5%. Against that: Foreign exchange impact on net revenue (1)%. 1 forward claim flagged hypothetical and discounted, but the concrete numbers carry it.",fact_based,release date + stated time
PepsiCo|2025|Q4,PepsiCo,PEP,2025,Q4,Consumer Staples,P2,Dragos,All,All,full,BUY,0.4,HOLD,0,15,,,1,,,,YES,YES,IN,no,assumed - no rater record,,,,2026-02-03,,Phase 2/PepsiCo/Q4 2025/PEP-Q4-2025-press-release-SEC-EX99-1.htm; Phase 2/PepsiCo/Q4 2025/PEP-Q4-2025-earnings-call-transcript-InsiderMonkey.html,https://www.insidermonkey.com/blog/pepsico-inc-nasdaqpep-q4-2025-earnings-call-transcript-1688541/; https://www.sec.gov/Archives/edgar/data/77476/000007747626000009/q420258-kxexhibit991.htm,manifest (whole bundle),Insider Monkey (Koala Guide LLC),"free to read, copyright asserted",no,yes,2,"Full document set positive on balance - revenue growth within a range of 4 to 6 percent and core EPS growth of approximately 5; The Company today announced a 4 percent increase in its annualized dividend to; Operating profit decreased 6%, primarily reflecting certain. Against that: EPS change (14)%. No hypothetical claims to discount - all cited evidence is concrete.",fact_based,release date + stated time
PepsiCo|2026|Q1,PepsiCo,PEP,2026,Q1,Consumer Staples,P2,Dragos,All,All,full,BUY,0.7,SELL,0,19,,,1,,,,YES,YES,IN,no,assumed - no rater record,,,,2026-04-16,,Phase 2/PepsiCo/Q1 2026/PEP-Q1-2026-press-release-SEC-EX99-1.htm; Phase 2/PepsiCo/Q1 2026/PEP-Q1-2026-earnings-call-transcript-MotleyFool.html,https://www.fool.com/earnings/call-transcripts/2026/04/16/pepsico-pep-q1-2026-earnings-call-transcript/; https://www.sec.gov/Archives/edgar/data/77476/000007747626000019/q120268-kxexhibit991.htm,manifest (whole bundle),The Motley Fool,"free to read, copyright asserted",no,yes,2,"Full document set strong across the board - • Net revenue increased 8.5% and organic revenue 2 increased 2.6%; • Net revenue increased 8.5% due to a 3.4-percentage-point benefit; • Operating profit increased 24% and operating margin expanded 210. Against that: Even with Gold Below $4,150 and Bitcoin Under $64,000, I'd Still. 6 forward claims flagged hypothetical and discounted, but the concrete numbers carry it.",fact_based,release date + stated time
PepsiCo|2026|Q2,PepsiCo,PEP,2026,Q2,Consumer Staples,P2,Dragos,All,All,full,BUY,0.6,SELL,0,16,,,1,,,,YES,YES,IN,no,assumed - no rater record,,,,2026-07-09,,Phase 2/PepsiCo/Q2 2026/PEP-Q2-2026-press-release-SEC-EX99-1.htm; Phase 2/PepsiCo/Q2 2026/PEP-Q2-2026-earnings-call-transcript-AlphaStreet.html,https://news.alphastreet.com/pepsico-inc-pep-q2-2026-earnings-call-transcript/; https://www.sec.gov/Archives/edgar/data/77476/000007747626000037/q220268-kxexhibit991.htm,manifest (whole bundle),not publisher-identified,not publisher-identified,no,yes,2,"Full document set strong across the board - • Net revenue increased 6.4% and 7.3%, respectively; • Organic revenue 2 increased 2.4% and 2.5%, respectively; • Earnings per share (EPS) increased 137% and 72%, respectively. Against that: • Capital spending to be below 5 percent of net revenue. 3 forward claims flagged hypothetical and discounted, but the concrete numbers carry it.",fact_based,release date + stated time
Duke Energy|2023|Q1,Duke Energy,DUK,2023,Q1,Utilities,P2,Dragos,All,All,full,HOLD,0.1,,,21,,,1,,,,NO,YES,IN,no,assumed - no rater record,,,,2023-05-09,,Phase 2/Duke Energy/Q1 2023/DUK-Q1-2023-press-release-SEC-EX99-1.htm; Phase 2/Duke Energy/Q1 2023/DUK-Q1-2023-earnings-call-transcript-stockanalysis-com.html,https://stockanalysis.com/stocks/duk/transcripts/53031-q1-2023/; https://www.sec.gov/Archives/edgar/data/1326160/000132616023000146/er-20230331xearningsreleas.htm,manifest (whole bundle),not publisher-identified,not publisher-identified,no,yes,2,"Full document set mildly positive - adjusted 2023 EPS guidance range of $5.55 to $5.75, and long-term adjusted EPS; basis, this represents an increase of $0.04 per share; basis, this represents an increase of $0.01 per share. Against that: carbon emission targets of at least 50% reduction from electric generation by. 1 forward claim flagged hypothetical and discounted, but the concrete numbers carry it. Scored on the press release alone - transcript not collected for this quarter.",other,"earnings calendar, seconded by the issuer's habit"
Duke Energy|2023|Q2,Duke Energy,DUK,2023,Q2,Utilities,P2,Dragos,All,All,full,HOLD,0,,,24,,,1,,,,NO,YES,IN,no,assumed - no rater record,,,,2023-08-08,,Phase 2/Duke Energy/Q2 2023/DUK-Q2-2023-press-release-SEC-EX99-1.htm; Phase 2/Duke Energy/Q2 2023/DUK-Q2-2023-earnings-call-transcript-InsiderMonkey.html,https://www.insidermonkey.com/blog/duke-energy-corporation-nyseduk-q2-2023-earnings-call-transcript-1181159/; https://www.sec.gov/Archives/edgar/data/1326160/000132616023000171/er-20230630xearningsreleas.htm,manifest (whole bundle),Insider Monkey (Koala Guide LLC),"free to read, copyright asserted",no,yes,2,"Full document set broadly neutral - adjusted 2023 EPS guidance range of $5.55 to $5.75, and long-term adjusted EPS; jurisdictions, which combined with our $65 billion five-year capital plan give us; shares outstanding increased from 770 million shares to 771 million. Against that: carbon emission targets of at least 50% reduction from electric generation by. 6 forward claims flagged hypothetical and discounted, but the concrete numbers carry it.",price_based,document date + price signal
Duke Energy|2023|Q3,Duke Energy,DUK,2023,Q3,Utilities,P2,Dragos,All,All,full,BUY,0.3,,,22,,,1,,,,NO,YES,IN,no,assumed - no rater record,,,,2023-11-02,,Phase 2/Duke Energy/Q3 2023/DUK-Q3-2023-press-release-SEC-EX99-1.htm; Phase 2/Duke Energy/Q3 2023/DUK-Q3-2023-earnings-call-transcript-InsiderMonkey.html,https://www.insidermonkey.com/blog/duke-energy-corporation-nyseduk-q3-2023-earnings-call-transcript-1216310/; https://www.sec.gov/Archives/edgar/data/1326160/000132616023000188/er-20230930xearningsreleas.htm,manifest (whole bundle),Insider Monkey (Koala Guide LLC),"free to read, copyright asserted",no,yes,2,"Full document set positive on balance - adjusted 2023 EPS guidance range to $5.55 to $5.65 and reaffirming the long-term; riders and transmission revenues (+$0.09), favorable fuel and purchased power; order approved a retail rate base of $12.2 billion, a $1.6 billion increase from our last. Against that: carbon emission targets of at least 50% reduction from electric generation by. 6 forward claims flagged hypothetical and discounted, but the concrete numbers carry it.",price_based,document date + price signal
Duke Energy|2023|Q4,Duke Energy,DUK,2023,Q4,Utilities,P2,Dragos,All,All,full,HOLD,0.2,,,21,,,1,,,,NO,YES,IN,no,assumed - no rater record,,,,2024-02-08,,Phase 2/Duke Energy/Q4 2023/DUK-Q4-2023-press-release-SEC-EX99-1.htm; Phase 2/Duke Energy/Q4 2023/DUK-Q4-2023-earnings-call-transcript-InsiderMonkey.html,https://www.insidermonkey.com/blog/duke-energy-corporation-nyseduk-q4-2023-earnings-call-transcript-1256282/; https://www.sec.gov/Archives/edgar/data/1326160/000132616024000031/er-20231231xearningsreleas.htm,manifest (whole bundle),Insider Monkey (Koala Guide LLC),"free to read, copyright asserted",no,yes,2,"Full document set mildly positive - 2024 adjusted EPS guidance of $5.85 to $6.10, and reaffirming its long-term; $72 million recorded within Impairment of assets; riders and transmission revenues (+$0.13), favorable fuel and purchased power. Against that: carbon emission targets of at least 50% reduction from electric generation by. No hypothetical claims to discount - all cited evidence is concrete. Scored on the press release alone - transcript not collected for this quarter.",other,"earnings calendar, seconded by the issuer's habit"
Duke Energy|2024|Q1,Duke Energy,DUK,2024,Q1,Utilities,P2,Dragos,All,All,full,BUY,0.7,,,17,,,1,,,,NO,YES,IN,no,assumed - no rater record,,,,2024-05-07,,Phase 2/Duke Energy/Q1 2024/DUK-Q1-2024-press-release-SEC-EX99-1.htm; Phase 2/Duke Energy/Q1 2024/DUK-Q1-2024-earnings-call-transcript-InsiderMonkey.html,https://www.insidermonkey.com/blog/duke-energy-corporation-nyseduk-q1-2024-earnings-call-transcript-1298999/; https://www.sec.gov/Archives/edgar/data/1326160/000132616024000103/er-20240331xearningsreleas.htm,manifest (whole bundle),Insider Monkey (Koala Guide LLC),"free to read, copyright asserted",no,yes,2,"Full document set strong across the board - 2024 adjusted EPS guidance range of $5.85 to $6.10, and long-term adjusted EPS; reaffirming our 2024 guidance range of $5.85 to $6.10 and our long-term EPS growth; our 2024 earnings guidance range of $5.85 to $6.10 and growth of 5% to 7% through. Against that: a first-quarter 2024 segment loss of $203 million, compared to reported and adjusted. 2 forward claims flagged hypothetical and discounted, but the concrete numbers carry it.",other,"earnings calendar, seconded by the issuer's habit"
Duke Energy|2024|Q2,Duke Energy,DUK,2024,Q2,Utilities,P2,Dragos,All,All,full,HOLD,0.1,,,19,,,1,,,,NO,YES,IN,no,assumed - no rater record,,,,2024-08-06,,Phase 2/Duke Energy/Q2 2024/DUK-Q2-2024-press-release-SEC-EX99-1.htm; Phase 2/Duke Energy/Q2 2024/DUK-Q2-2024-earnings-call-transcript-stockanalysis-com.html,https://stockanalysis.com/stocks/duk/transcripts/166263-q2-2024/; https://www.sec.gov/Archives/edgar/data/1326160/000132616024000164/er-20240630xearningsreleas.htm,manifest (whole bundle),not publisher-identified,not publisher-identified,no,yes,2,"Full document set mildly positive - 2024 adjusted EPS guidance range of $5.85 to $6.10, and long-term adjusted EPS; rates, effective January 2024, (+$0.07), DEP North Carolina rates, effective; A – Net of $6 million tax benefit at Duke Energy Carolinas. Against that: • $33 million recorded within Impairment of assets. No hypothetical claims to discount - all cited evidence is concrete. Scored on the press release alone - transcript not collected for this quarter.",price_based,document date + price signal
Duke Energy|2024|Q3,Duke Energy,DUK,2024,Q3,Utilities,P2,Dragos,All,All,full,BUY,0.3,,,22,,,1,,,,NO,YES,IN,no,assumed - no rater record,,,,2024-11-07,,Phase 2/Duke Energy/Q3 2024/DUK-Q3-2024-press-release-SEC-EX99-1.htm; Phase 2/Duke Energy/Q3 2024/DUK-Q3-2024-earnings-call-transcript-InsiderMonkey.html,https://www.insidermonkey.com/blog/duke-energy-corporation-nyseduk-q3-2024-earnings-call-transcript-1388047/; https://www.sec.gov/Archives/edgar/data/1326160/000132616024000179/er-20240930xearningsreleas.htm,manifest (whole bundle),Insider Monkey (Koala Guide LLC),"free to read, copyright asserted",no,yes,2,"Full document set positive on balance - Brian Savoy: We signaled 40 basis points to 60 basis points of FFO to debt; long-term adjusted EPS growth rate of 5% to 7% through 2028 off the 2024; rates, effective August 2024, (+$0.05), DEF multiyear rate plan revenue. Against that: • $33 million recorded within Impairment of assets. 2 forward claims flagged hypothetical and discounted, but the concrete numbers carry it.",other,price signal
Duke Energy|2024|Q4,Duke Energy,DUK,2024,Q4,Utilities,P2,Dragos,All,All,full,HOLD,0.2,,,24,,,1,,,,NO,YES,IN,no,assumed - no rater record,,,,2025-02-13,,Phase 2/Duke Energy/Q4 2024/DUK-Q4-2024-press-release-SEC-EX99-1.htm; Phase 2/Duke Energy/Q4 2024/DUK-Q4-2024-earnings-call-transcript-InsiderMonkey.html,https://www.insidermonkey.com/blog/duke-energy-corporation-nyseduk-q4-2024-earnings-call-transcript-1452880/; https://www.sec.gov/Archives/edgar/data/1326160/000132616025000040/er-20241231xearningsreleas.htm,manifest (whole bundle),Insider Monkey (Koala Guide LLC),"free to read, copyright asserted",no,yes,2,"Full document set mildly positive - 2025 adjusted EPS guidance of $6.17 to $6.42 and extending its long-term; It moves up from the 1.5% to 2% we're seeing in 2025 and 2026 to; for our customers and growing EPS 5% to 7% through 2029."". Against that: • $33 million recorded within Impairment of assets. 4 forward claims flagged hypothetical and discounted, but the concrete numbers carry it.",price_based,document date + price signal
Duke Energy|2025|Q1,Duke Energy,DUK,2025,Q1,Utilities,P2,Dragos,All,All,full,BUY,0.7,,,20,,,1,,,,NO,YES,IN,no,assumed - no rater record,,,,2025-05-06,,Phase 2/Duke Energy/Q1 2025/DUK-Q1-2025-press-release-SEC-EX99-1.htm; Phase 2/Duke Energy/Q1 2025/DUK-Q1-2025-earnings-call-transcript-InsiderMonkey.html,https://www.insidermonkey.com/blog/duke-energy-corporation-nyseduk-q1-2025-earnings-call-transcript-1526857/; https://www.sec.gov/Archives/edgar/data/1326160/000132616025000148/er-20250331xearningsreleas.htm,manifest (whole bundle),Insider Monkey (Koala Guide LLC),"free to read, copyright asserted",no,yes,2,"Full document set strong across the board - 2025 adjusted EPS guidance range of $6.17 to $6.42 and long-term adjusted EPS; reaffirming our 2025 guidance range of $6.17 to $6.42 and our long-term EPS growth; rates, effective August 2024 (+$0.07), DEF multiyear rate plan revenue. Against that: a first-quarter 2025 segment loss of $260 million, compared to segment loss of $203. 2 forward claims flagged hypothetical and discounted, but the concrete numbers carry it.",price_based,document date + price signal
Duke Energy|2025|Q2,Duke Energy,DUK,2025,Q2,Utilities,P2,Dragos,All,All,full,BUY,0.5,,,26,,,1,,,,NO,YES,IN,no,assumed - no rater record,,,,2025-08-05,,Phase 2/Duke Energy/Q2 2025/DUK-Q2-2025-press-release-SEC-EX99-1.htm; Phase 2/Duke Energy/Q2 2025/DUK-Q2-2025-earnings-call-transcript-InsiderMonkey.html,https://www.insidermonkey.com/blog/duke-energy-corporation-nyseduk-q2-2025-earnings-call-transcript-1584673/; https://www.sec.gov/Archives/edgar/data/1326160/000132616025000165/er-20250630xearningsreleas.htm,manifest (whole bundle),Insider Monkey (Koala Guide LLC),"free to read, copyright asserted",no,yes,2,"Full document set strong across the board - 2025 adjusted EPS guidance range of $6.17 to $6.42 and long-term adjusted EPS; reaffirming our 2025 guidance range of $6.17 to $6.42 and our long-term EPS growth; our 2025 earnings guidance range of $6.17 to $6.42 and 5% to 7% earnings growth. Against that: • $33 million recorded within Impairment of assets. 4 forward claims flagged hypothetical (Florida) and discounted, but the concrete numbers carry it.",price_based,document date + price signal
Duke Energy|2025|Q3,Duke Energy,DUK,2025,Q3,Utilities,P2,Dragos,All,All,full,BUY,0.5,,,18,,,1,,,,NO,YES,IN,no,assumed - no rater record,,,,2025-11-07,,Phase 2/Duke Energy/Q3 2025/DUK-Q3-2025-press-release-SEC-EX99-1.htm; Phase 2/Duke Energy/Q3 2025/DUK-Q3-2025-earnings-call-transcript-InsiderMonkey.html,https://www.insidermonkey.com/blog/duke-energy-corporation-nyseduk-q3-2025-earnings-call-transcript-1642437/; https://www.sec.gov/Archives/edgar/data/1326160/000132616025000190/er-20250930xearningsreleas.htm,manifest (whole bundle),Insider Monkey (Koala Guide LLC),"free to read, copyright asserted",no,yes,2,"Full document set strong across the board - 2025 adjusted EPS guidance range to $6.25 to $6.35 and reaffirming its long-term; increases, effective January 2025 (+$0.06), DEC North Carolina Year 2 rates; rates, effective August 2024 (+$0.18), DEF multiyear rate plan revenue. Against that: • $33 million recorded within Impairment of assets. 9 forward claims flagged hypothetical and discounted, but the concrete numbers carry it.",price_based,price signal — only this window shows an abnormal move
Duke Energy|2025|Q4,Duke Energy,DUK,2025,Q4,Utilities,P2,Dragos,All,All,full,BUY,0.3,,,17,,,1,,,,NO,YES,IN,no,assumed - no rater record,,,,2026-02-10,,Phase 2/Duke Energy/Q4 2025/DUK-Q4-2025-press-release-SEC-EX99-1.htm; Phase 2/Duke Energy/Q4 2025/DUK-Q4-2025-earnings-call-transcript-InsiderMonkey.html,https://www.insidermonkey.com/blog/duke-energy-corporation-nyseduk-q4-2025-earnings-call-transcript-1693381/; https://www.sec.gov/Archives/edgar/data/1326160/000132616026000007/er-20251231xearningsreleas.htm,manifest (whole bundle),Insider Monkey (Koala Guide LLC),"free to read, copyright asserted",no,yes,2,"Full document set positive on balance - 2026 adjusted EPS guidance of $6.55 to $6.80 and extending its long-term; rate plan revenue increases (+$0.05) DEC North Carolina Year 2 rates; rates, effective August 2024 (+$0.22), DEF multiyear rate plan revenue. Against that: • $33 million recorded within Impairment of assets. 2 forward claims flagged hypothetical and discounted, but the concrete numbers carry it.",other,"earnings calendar, seconded by the issuer's habit"
Duke Energy|2026|Q1,Duke Energy,DUK,2026,Q1,Utilities,P2,Dragos,All,All,full,BUY,0.8,,,15,,,1,,,,NO,YES,IN,no,assumed - no rater record,,,,2026-05-05,,Phase 2/Duke Energy/Q1 2026/DUK-Q1-2026-press-release-SEC-EX99-1.htm; Phase 2/Duke Energy/Q1 2026/DUK-Q1-2026-earnings-call-transcript-MotleyFool.html,https://www.fool.com/earnings/call-transcripts/2026/05/05/duke-energy-duk-q1-2026-earnings-transcript/; https://www.sec.gov/Archives/edgar/data/1326160/000132616026000022/er-20260331xearningsreleas.htm,manifest (whole bundle),The Motley Fool,"free to read, copyright asserted",no,yes,2,"Full document set strong across the board - its 2026 adjusted EPS guidance of $6.55 to $6.80 and long-term adjusted EPS; • $368 million recorded within Gains on Sales of; shares outstanding increased from 777 million to 778 million. Against that: a first-quarter 2026 segment loss of $263 million, compared to segment loss of $260. 3 forward claims flagged hypothetical and discounted, but the concrete numbers carry it.",price_based,price signal — only this window shows an abnormal move
ExxonMobil|2023|Q1,ExxonMobil,XOM,2023,Q1,Energy,P2,Dragos,All,All,full,HOLD,-0.1,,,19,,,1,,,,NO,YES,IN,no,assumed - no rater record,,,,2023-04-28,,Phase 2/ExxonMobil/Q1 2023/XOM-Q1-2023-press-release-SEC-EX99-1.htm; Phase 2/ExxonMobil/Q1 2023/XOM-Q1-2023-exhibit-SEC-EX99-2.htm; Phase 2/ExxonMobil/Q1 2023/XOM-Q1-2023-earnings-call-transcript-MotleyFool.html,https://www.fool.com/earnings/call-transcripts/2023/04/28/exxonmobil-xom-q1-2023-earnings-call-transcript/; https://www.sec.gov/Archives/edgar/data/34088/000003408823000028/f8k1q23991.htm; https://www.sec.gov/Archives/edgar/data/34088/000003408823000028/f8k1q23992.htm,manifest (whole bundle),The Motley Fool,"free to read, copyright asserted",no,yes,3,"Full document set mildly negative - • Shareholder distributions of $8.1 billion included $4.3 billion of share; record first quarter earnings of $11.4 billion, demonstrating structural earnings; quarter last year, earnings increased $2 billion. Against that: debt-to-capital ratio remained at 17% and the net-debt-to-capital ratio. 4 hypothetical claims discounted; they do not offset the concrete negatives.",fact_based,release date + stated time
ExxonMobil|2023|Q2,ExxonMobil,XOM,2023,Q2,Energy,P2,Dragos,All,All,full,HOLD,-0.1,,,22,,,1,,,,NO,YES,IN,no,assumed - no rater record,,,,2023-07-28,,Phase 2/ExxonMobil/Q2 2023/XOM-Q2-2023-press-release-SEC-EX99-1.htm; Phase 2/ExxonMobil/Q2 2023/XOM-Q2-2023-exhibit-SEC-EX99-2.htm; Phase 2/ExxonMobil/Q2 2023/XOM-Q2-2023-earnings-call-transcript-InsiderMonkey.html,https://www.insidermonkey.com/blog/exxon-mobil-corporation-nysexom-q2-2023-earnings-call-transcript-1173871/; https://www.sec.gov/Archives/edgar/data/34088/000003408823000046/f8k2q23991.htm; https://www.sec.gov/Archives/edgar/data/34088/000003408823000046/f8k2q23992.htm,manifest (whole bundle),Insider Monkey (Koala Guide LLC),"free to read, copyright asserted",no,yes,3,"Full document set mildly negative - • Cash flow from operations totaled $9.4 billion and free cash flow was $5.0 billion; • Year-to-date earnings were $6.5 billion, an increase of $1.4 billion versus; • Year-to-date earnings were $1.4 billion, an increase of $552 million versus. Against that: items unfavorably impacted earnings by $12 million this quarter, down from $158 million. 8 hypothetical claims discounted; they do not offset the concrete negatives.",other,"earnings calendar, seconded by the issuer's habit"
ExxonMobil|2023|Q3,ExxonMobil,XOM,2023,Q3,Energy,P2,Dragos,All,All,full,HOLD,0.1,,,21,,,1,,,,NO,YES,IN,no,assumed - no rater record,,,,2023-10-27,,Phase 2/ExxonMobil/Q3 2023/XOM-Q3-2023-press-release-SEC-EX99-1.htm; Phase 2/ExxonMobil/Q3 2023/XOM-Q3-2023-exhibit-SEC-EX99-2.htm; Phase 2/ExxonMobil/Q3 2023/XOM-Q3-2023-earnings-call-transcript-MotleyFool.html,https://www.fool.com/earnings/call-transcripts/2023/10/27/exxonmobil-xom-q3-2023-earnings-call-transcript/; https://www.sec.gov/Archives/edgar/data/34088/000003408823000054/f8k3q23991.htm; https://www.sec.gov/Archives/edgar/data/34088/000003408823000054/f8k3q23992.htm,manifest (whole bundle),The Motley Fool,"free to read, copyright asserted",no,yes,3,"Full document set mildly positive - drove cash flow from operations of $16.0 billion and free cash flow of $11.7 billion; strong third-quarter earnings of $9.1 billion, or $2.25 per share, reflecting; • Produced $16.0 billion of operating cash flow and increased. Against that: identified items, earnings declined $5.7 billion, driven by a nearly 60% decrease in. 4 forward claims flagged hypothetical and discounted, but the concrete numbers carry it.",fact_based,release date + stated time
ExxonMobil|2023|Q4,ExxonMobil,XOM,2023,Q4,Energy,P2,Dragos,All,All,full,HOLD,-0.1,,,23,,,1,,,,NO,YES,IN,no,assumed - no rater record,,,,2024-02-02,,Phase 2/ExxonMobil/Q4 2023/XOM-Q4-2023-press-release-SEC-EX99-1.htm; Phase 2/ExxonMobil/Q4 2023/XOM-Q4-2023-exhibit-SEC-EX99-2.htm; Phase 2/ExxonMobil/Q4 2023/XOM-Q4-2023-earnings-call-transcript-InsiderMonkey.html,https://www.insidermonkey.com/blog/exxon-mobil-corporation-nysexom-q4-2023-earnings-call-transcript-1253330/; https://www.sec.gov/Archives/edgar/data/34088/000003408824000007/f8k4q23991.htm; https://www.sec.gov/Archives/edgar/data/34088/000003408824000007/f8k4q23992.htm,manifest (whole bundle),Insider Monkey (Koala Guide LLC),"free to read, copyright asserted",no,yes,3,"Full document set mildly negative - • Achieved $9.7 billion of cumulative structural cost savings; excluding identified items were $10.0 billion, an increase of $0.8 billion from the; strong cash flow from operations of $13.7 billion and free cash flow of $8.0 billion in. Against that: unfavorable identified items of $2.3 billion including a $2.0 billion impairment as. 1 hypothetical claim discounted; they do not offset the concrete negatives.",price_based,document date + price signal
ExxonMobil|2024|Q1,ExxonMobil,XOM,2024,Q1,Energy,P2,Dragos,All,All,full,HOLD,0.2,,,21,,,1,,,,NO,YES,IN,no,assumed - no rater record,,,,2024-04-26,,Phase 2/ExxonMobil/Q1 2024/XOM-Q1-2024-press-release-SEC-EX99-1.htm; Phase 2/ExxonMobil/Q1 2024/XOM-Q1-2024-exhibit-SEC-EX99-2.htm; Phase 2/ExxonMobil/Q1 2024/XOM-Q1-2024-earnings-call-transcript-MotleyFool.html,https://www.fool.com/earnings/call-transcripts/2024/04/26/exxonmobil-xom-q1-2024-earnings-call-transcript/; https://www.sec.gov/Archives/edgar/data/34088/000003408824000025/f8k1q24991.htm; https://www.sec.gov/Archives/edgar/data/34088/000003408824000025/f8k1q24992.htm,manifest (whole bundle),The Motley Fool,"free to read, copyright asserted",no,yes,3,"Full document set positive on balance - strong first-quarter earnings of $8.2 billion and $14.7 billion of cash flow from; strong cash flow from operations of $14.7 billion and free cash flow of $10.1 billion in; structural cost savings, which reached $10.1 billion in the quarter versus 2019, furthering. Against that: identified items, earnings decreased $955 million driven by a 32% decrease in natural. 8 forward claims flagged hypothetical and discounted, but the concrete numbers carry it.",fact_based,release date + stated time
ExxonMobil|2024|Q2,ExxonMobil,XOM,2024,Q2,Energy,P2,Dragos,All,All,full,BUY,0.6,,,19,,,1,,,,NO,YES,IN,no,assumed - no rater record,,,,2024-08-02,,Phase 2/ExxonMobil/Q2 2024/XOM-Q2-2024-press-release-SEC-EX99-1.htm; Phase 2/ExxonMobil/Q2 2024/XOM-Q2-2024-exhibit-SEC-EX99-2.htm; Phase 2/ExxonMobil/Q2 2024/XOM-Q2-2024-earnings-call-transcript-AlphaStreet.html,https://news.alphastreet.com/exxon-mobil-corporation-xom-q2-2024-earnings-call-transcript/; https://www.sec.gov/Archives/edgar/data/34088/000003408824000048/f8k2q24991.htm; https://www.sec.gov/Archives/edgar/data/34088/000003408824000048/f8k2q24992.htm,manifest (whole bundle),not publisher-identified,not publisher-identified,no,yes,3,"Full document set strong across the board - strong cash flow from operations of $25.2 billion and free cash flow of $15.0 billion in; addressable market for Proxxima at 5 million tons and $30 billion by 2030, with; Year-to-date net production was 4.1 million oil-equivalent barrels per day, an. Against that: second-quarter net charges of $310 million decreased $52 million versus the first. 5 forward claims flagged hypothetical and discounted, but the concrete numbers carry it.",price_based,price signal — only this window shows an abnormal move
ExxonMobil|2024|Q3,ExxonMobil,XOM,2024,Q3,Energy,P2,Dragos,All,All,full,BUY,0.6,,,15,,,1,,,,NO,YES,IN,no,assumed - no rater record,,,,2024-11-01,,Phase 2/ExxonMobil/Q3 2024/XOM-Q3-2024-press-release-SEC-EX99-1.htm; Phase 2/ExxonMobil/Q3 2024/XOM-Q3-2024-exhibit-SEC-EX99-2.htm; Phase 2/ExxonMobil/Q3 2024/XOM-Q3-2024-earnings-call-transcript-InsiderMonkey.html,https://www.insidermonkey.com/blog/exxon-mobil-corporation-nysexom-q3-2024-earnings-call-transcript-1384592/; https://www.sec.gov/Archives/edgar/data/34088/000003408824000066/f8k3q24991.htm; https://www.sec.gov/Archives/edgar/data/34088/000003408824000066/f8k3q24992.htm,manifest (whole bundle),Insider Monkey (Koala Guide LLC),"free to read, copyright asserted",no,yes,3,"Full document set strong across the board - • Returned $9.8 billion to shareholders in the quarter and; is delivering leading returns of 20% so far this year for our shareholders; strong cash flow from operations of $42.8 billion and free cash flow of $26.4 billion in. Against that: • Third-quarter earnings were $6.2 billion, a decrease of $916 million from the. 6 forward claims flagged hypothetical and discounted, but the concrete numbers carry it.",price_based,document date + price signal
ExxonMobil|2024|Q4,ExxonMobil,XOM,2024,Q4,Energy,P2,Dragos,All,All,full,BUY,0.4,,,18,,,1,,,,NO,YES,IN,no,assumed - no rater record,,,,2025-01-31,,Phase 2/ExxonMobil/Q4 2024/XOM-Q4-2024-press-release-SEC-EX99-1.htm; Phase 2/ExxonMobil/Q4 2024/XOM-Q4-2024-exhibit-SEC-EX99-2.htm; Phase 2/ExxonMobil/Q4 2024/XOM-Q4-2024-earnings-call-transcript-InsiderMonkey.html,https://www.insidermonkey.com/blog/exxon-mobil-corporation-nysexom-q4-2024-earnings-call-transcript-1440191/; https://www.sec.gov/Archives/edgar/data/34088/000003408825000006/f8k4q24991.htm; https://www.sec.gov/Archives/edgar/data/34088/000003408825000006/f8k4q24992.htm,manifest (whole bundle),Insider Monkey (Koala Guide LLC),"free to read, copyright asserted",no,yes,3,"Full document set positive on balance - a working capital increase of $1.8 billion was $36.2 billion, which covered; strong cash flow from operations of $55.0 billion and free cash flow of $34.4 billion in; the highest level in over ten years at 4.3 million oil-equivalent barrels per day, an. Against that: for the year improved earnings by $0.2 billion versus the unfavorable $2.3 billion. 4 forward claims flagged hypothetical and discounted, but the concrete numbers carry it.",price_based,price signal — only this window shows an abnormal move
ExxonMobil|2025|Q1,ExxonMobil,XOM,2025,Q1,Energy,P2,Dragos,All,All,full,BUY,0.3,,,20,,,1,,,,NO,YES,IN,no,assumed - no rater record,,,,2025-05-02,,Phase 2/ExxonMobil/Q1 2025/XOM-Q1-2025-press-release-SEC-EX99-1.htm; Phase 2/ExxonMobil/Q1 2025/XOM-Q1-2025-exhibit-SEC-EX99-2.htm; Phase 2/ExxonMobil/Q1 2025/XOM-Q1-2025-earnings-call-transcript-InsiderMonkey.html,https://www.insidermonkey.com/blog/exxon-mobil-corporation-nysexom-q1-2025-earnings-call-transcript-1523928/; https://www.sec.gov/Archives/edgar/data/34088/000003408825000022/livef8k1q25991.htm; https://www.sec.gov/Archives/edgar/data/34088/000003408825000022/livef8k1q25992.htm,manifest (whole bundle),Insider Monkey (Koala Guide LLC),"free to read, copyright asserted",no,yes,3,"Full document set positive on balance - strong cash flow from operations of $13.0 billion and free cash flow of $8.8 billion in; Net production increased 20%, or 767,000 oil-equivalent barrels per; quarterly earnings power by about $4 billion at current prices and margins. Against that: First-quarter earnings of $655 million were down from $761 million in the. 4 forward claims flagged hypothetical (December) and discounted, but the concrete numbers carry it.",other,"earnings calendar, seconded by the issuer's habit"
ExxonMobil|2025|Q2,ExxonMobil,XOM,2025,Q2,Energy,P2,Dragos,All,All,full,BUY,0.3,,,17,,,1,,,,NO,YES,IN,no,assumed - no rater record,,,,2025-08-01,,Phase 2/ExxonMobil/Q2 2025/XOM-Q2-2025-press-release-SEC-EX99-1.htm; Phase 2/ExxonMobil/Q2 2025/XOM-Q2-2025-exhibit-SEC-EX99-2.htm; Phase 2/ExxonMobil/Q2 2025/XOM-Q2-2025-earnings-call-transcript-InsiderMonkey.html,https://www.insidermonkey.com/blog/exxon-mobil-corporation-nysexom-q2-2025-earnings-call-transcript-1582775/; https://www.sec.gov/Archives/edgar/data/34088/000003408825000040/livef8k2q25991.htm; https://www.sec.gov/Archives/edgar/data/34088/000003408825000040/livef8k2q25992.htm,manifest (whole bundle),Insider Monkey (Koala Guide LLC),"free to read, copyright asserted",no,yes,3,"Full document set positive on balance - strong cash flow from operations of $24.5 billion and free cash flow of $14.2 billion in; Year-to-date net production increased 13%, or 520,000 oil-equivalent barrels per; We started off with $2 billion, we announced we're up to $3 billion. Against that: • Second-quarter earnings were $5.4 billion, a decrease of $1.4 billion from the. 2 forward claims flagged hypothetical and discounted, but the concrete numbers carry it.",price_based,document date + price signal
ExxonMobil|2025|Q3,ExxonMobil,XOM,2025,Q3,Energy,P2,Dragos,All,All,full,BUY,0.3,,,23,,,1,,,,NO,YES,IN,no,assumed - no rater record,,,,2025-10-31,,Phase 2/ExxonMobil/Q3 2025/XOM-Q3-2025-press-release-SEC-EX99-1.htm; Phase 2/ExxonMobil/Q3 2025/XOM-Q3-2025-exhibit-SEC-EX99-2.htm; Phase 2/ExxonMobil/Q3 2025/XOM-Q3-2025-earnings-call-transcript-InsiderMonkey.html,https://www.insidermonkey.com/blog/exxon-mobil-corporation-nysexom-q3-2025-earnings-call-transcript-1638821/; https://www.sec.gov/Archives/edgar/data/34088/000003408825000059/livef8k3q25991.htm; https://www.sec.gov/Archives/edgar/data/34088/000003408825000059/livef8k3q25992.htm,manifest (whole bundle),Insider Monkey (Koala Guide LLC),"free to read, copyright asserted",no,yes,3,"Full document set positive on balance - strong third-quarter earnings of $7.5 billion and cash flow from operations of $14.8; • Returned $9.4 billion to shareholders in the quarter and; another production record of nearly 1.7 million oil-equivalent barrels per day, while. Against that: Year-to-date earnings were $2.2 billion, a decrease of $131 million compared. 4 forward claims flagged hypothetical and discounted, but the concrete numbers carry it.",price_based,document date + price signal
ExxonMobil|2025|Q4,ExxonMobil,XOM,2025,Q4,Energy,P2,Dragos,All,All,full,HOLD,0,,,20,,,1,,,,NO,YES,IN,no,assumed - no rater record,,,,2026-01-30,,Phase 2/ExxonMobil/Q4 2025/XOM-Q4-2025-press-release-SEC-EX99-1.htm; Phase 2/ExxonMobil/Q4 2025/XOM-Q4-2025-exhibit-SEC-EX99-2.htm; Phase 2/ExxonMobil/Q4 2025/XOM-Q4-2025-earnings-call-transcript-InsiderMonkey.html,https://www.insidermonkey.com/blog/exxon-mobil-corporation-nysexom-q4-2025-earnings-call-transcript-1686033/; https://www.sec.gov/Archives/edgar/data/34088/000003408826000033/livef8k4q25991.htm; https://www.sec.gov/Archives/edgar/data/34088/000003408826000033/livef8k4q25992.htm,manifest (whole bundle),Insider Monkey (Koala Guide LLC),"free to read, copyright asserted",no,yes,3,"Full document set broadly neutral - full-year cash flow from operations of $52.0 billion, with a ~10% CAGR since 2019 -- both; • Fourth-quarter earnings totaled $3.4 billion, an increase of more than 80%, or $1.6; • Since 2019, the company has achieved $15.1 billion in cumulative Structural Cost Savings. Against that: • Fourth-quarter earnings decreased $796 million versus the third quarter to a loss of. 1 forward claim flagged hypothetical and discounted, but the concrete numbers carry it.",other,"earnings calendar, seconded by the issuer's habit"
ExxonMobil|2026|Q1,ExxonMobil,XOM,2026,Q1,Energy,P2,Dragos,All,All,full,HOLD,0.2,,,18,,,1,,,,NO,YES,IN,no,assumed - no rater record,,,,2026-05-01,,Phase 2/ExxonMobil/Q1 2026/XOM-Q1-2026-press-release-SEC-EX99-1.htm; Phase 2/ExxonMobil/Q1 2026/XOM-Q1-2026-exhibit-SEC-EX99-2.htm; Phase 2/ExxonMobil/Q1 2026/XOM-Q1-2026-earnings-call-transcript-InsiderMonkey.html,https://www.insidermonkey.com/blog/exxon-mobil-corporation-nysexom-q1-2026-earnings-call-transcript-1752603/; https://www.sec.gov/Archives/edgar/data/34088/000003408826000065/livef8k1q26991.htm; https://www.sec.gov/Archives/edgar/data/34088/000003408826000065/livef8k1q26992.htm,manifest (whole bundle),Insider Monkey (Koala Guide LLC),"free to read, copyright asserted",no,yes,3,"Full document set mildly positive - items and estimated timing effects of $6.3 billion increased $1.8 billion versus the; in the first quarter reached 4.6 million oil-equivalent barrels per day, with; and estimated timing effects were $2.8 billion, an increase of $1.9 billion versus. Against that: • Delivered first-quarter earnings of $4.2 billion , or $8.8 billion excluding. 6 forward claims flagged hypothetical and discounted, but the concrete numbers carry it.",price_based,document date + price signal
American Express|2025|Q2,American Express,AXP,2025,Q2,Financials,P2,David,Financial Statement,Financial Results,financials,BUY,0.25,,,22,,,1,,,,NO,YES,IN,no,assumed - no rater record,,,,2025-07-18,,Phase 2/American Express/2025-Q2/AXP-2025-Q2-quarterly-financial-statements-SEC-10-Q.htm,"https://www.sec.gov/Archives/edgar/data/4962/ (10-Q, Q2 2025)",manifest,not publisher-identified,not publisher-identified,sole source,yes,1,,price_based,"price signal, re-derived — only this window shows an abnormal move"
American Express|2025|Q2,American Express,AXP,2025,Q2,Financials,P2,David,All,All,full,BUY,0.22,,,29,,,0,,,,NO,NO,IN,no,assumed - no rater record,,,,2025-07-18,,Phase 2/American Express/2025-Q2/AXP-2025-Q2-press-release-SEC-EX-99-1.htm; Phase 2/American Express/2025-Q2/AXP-2025-Q2-quarterly-financial-statements-SEC-10-Q.htm,"https://www.sec.gov/Archives/edgar/data/4962/ (10-Q, Q2 2025); https://www.sec.gov/Archives/edgar/data/4962/000000496225000082/q225exhibit991.htm",manifest (whole bundle),not publisher-identified,not publisher-identified,one of several,yes,2,,price_based,"price signal, re-derived — only this window shows an abnormal move"
American Express|2025|Q3,American Express,AXP,2025,Q3,Financials,P2,David,Transcript,Outlook/Guidance,guidance,HOLD,0.1,,,24,,,1,,,,NO,YES,IN,no,assumed - no rater record,,,,2025-10-17,,Phase 2/American Express/2025-Q3/AXP-2025-Q3-earnings-call-transcript-fool-com.html,https://www.fool.com/earnings/call-transcripts/2025/10/17/amex-axp-q3-2025-earnings-call-transcript/,manifest,The Motley Fool,"free to read, copyright asserted",no,yes,1,,price_based,"price signal, re-derived — only this window shows an abnormal move"
American Express|2025|Q3,American Express,AXP,2025,Q3,Financials,P2,David,All,All,full,BUY,0.3,,,31,,,0,,,,NO,NO,IN,no,assumed - no rater record,,,,2025-10-17,,Phase 2/American Express/2025-Q3/AXP-2025-Q3-press-release-SEC-EX-99-1.htm; Phase 2/American Express/2025-Q3/AXP-2025-Q3-earnings-call-transcript-fool-com.html,https://www.fool.com/earnings/call-transcripts/2025/10/17/amex-axp-q3-2025-earnings-call-transcript/; https://www.sec.gov/Archives/edgar/data/4962/000000496225000218/q325exhibit991v2.htm,manifest (whole bundle),The Motley Fool,"free to read, copyright asserted",no,yes,2,,price_based,"price signal, re-derived — only this window shows an abnormal move"
American Express|2025|Q4,American Express,AXP,2025,Q4,Financials,P2,David,Transcript,Transcript Q&A,qanda,HOLD,-0.05,,,26,,,1,,,,NO,YES,IN,no,assumed - no rater record,,,,2026-01-30,,Phase 2/American Express/2025-Q4/AXP-2025-Q4-earnings-call-transcript-fool-com.html,https://www.fool.com/earnings/call-transcripts/2026/01/30/american-express-axp-q4-2025-earnings-call-transcript/,manifest,The Motley Fool,"free to read, copyright asserted",no,yes,1,,other,release time published by the issuer (section C)
American Express|2025|Q4,American Express,AXP,2025,Q4,Financials,P2,David,All,All,full,HOLD,0,,,30,,,0,,,,NO,NO,IN,no,assumed - no rater record,,,,2026-01-30,,Phase 2/American Express/2025-Q4/AXP-2025-Q4-press-release-SEC-EX-99-1.htm; Phase 2/American Express/2025-Q4/AXP-2025-Q4-earnings-call-transcript-fool-com.html,https://www.fool.com/earnings/call-transcripts/2026/01/30/american-express-axp-q4-2025-earnings-call-transcript/; https://www.sec.gov/Archives/edgar/data/4962/000000496226000037/q425exhibit991.htm,manifest (whole bundle),The Motley Fool,"free to read, copyright asserted",no,yes,2,,other,release time published by the issuer (section C)
American Express|2026|Q1,American Express,AXP,2026,Q1,Financials,P2,David,All,All,full,HOLD,0.1,,,33,,,1,,,,NO,YES,IN,no,assumed - no rater record,,,,2026-04-23,,Phase 2/American Express/2026-Q1/AXP-2026-Q1-press-release-SEC-EX-99-1.htm,https://www.sec.gov/Archives/edgar/data/4962/000000496226000188/q126exhibit991.htm,manifest,not publisher-identified,not publisher-identified,no,yes,1,,price_based,"price signal, re-derived — only this window shows an abnormal move"
Chevron|2025|Q2,Chevron,CVX,2025,Q2,Energy,P2,David,Financial Statement,Financial Results,financials,HOLD,-0.2,,,25,1,2,1,25,30,-0.2,NO,YES,IN,no,attested - rater record,no,Driven by realisations and the shareholder return commitment,56 chevron q22025 financials.pdf,2025-08-01,,Phase 2/Chevron/2025-Q2/CVX-2025-Q2-quarterly-financial-statements-SEC-10-Q.htm,"https://www.sec.gov/Archives/edgar/data/93410/ (10-Q, Q2 2025)",manifest,not publisher-identified,not publisher-identified,sole source,yes,1,,price_based,"price signal, re-derived — only this window shows an abnormal move"
Chevron|2025|Q2,Chevron,CVX,2025,Q2,Energy,P2,David,All,All,full,SELL,-0.22,,,30,2,2,0,25,30,-0.2,NO,NO,IN,no,attested - rater record,no,Driven by realisations and the shareholder return commitment,56 chevron q22025 financials.pdf,2025-08-01,,Phase 2/Chevron/2025-Q2/CVX-2025-Q2-press-release-SEC-EX-99-1.htm; Phase 2/Chevron/2025-Q2/CVX-2025-Q2-quarterly-financial-statements-SEC-10-Q.htm,"https://www.sec.gov/Archives/edgar/data/93410/ (10-Q, Q2 2025); https://www.sec.gov/Archives/edgar/data/93410/000009341025000058/a06302025ex9918-k.htm",manifest (whole bundle),not publisher-identified,not publisher-identified,one of several,yes,2,,price_based,"price signal, re-derived — only this window shows an abnormal move"
Chevron|2025|Q3,Chevron,CVX,2025,Q3,Energy,P2,David,Transcript,Outlook/Guidance,guidance,HOLD,0.05,,,20,1,2,1,20,27,0.05,NO,YES,IN,no,attested - rater record,no,Driven by realisations and the shareholder return commitment,57 chevron q32025 guidance.pdf,2025-10-31,,Phase 2/Chevron/2025-Q3/CVX-2025-Q3-earnings-call-transcript-fool-com.html,https://www.fool.com/earnings/call-transcripts/2025/10/31/chevron-cvx-q3-2025-earnings-call-transcript/,manifest,The Motley Fool,"free to read, copyright asserted",no,yes,1,,other,release time published by the issuer (section C)
Chevron|2025|Q3,Chevron,CVX,2025,Q3,Energy,P2,David,All,All,full,HOLD,0.1,,,27,2,2,0,20,27,0.05,NO,NO,IN,no,attested - rater record,no,Driven by realisations and the shareholder return commitment,57 chevron q32025 guidance.pdf,2025-10-31,,Phase 2/Chevron/2025-Q3/CVX-2025-Q3-press-release-SEC-EX-99-1.htm; Phase 2/Chevron/2025-Q3/CVX-2025-Q3-earnings-call-transcript-fool-com.html,https://www.fool.com/earnings/call-transcripts/2025/10/31/chevron-cvx-q3-2025-earnings-call-transcript/; https://www.sec.gov/Archives/edgar/data/93410/000009341025000103/a09302025ex9918-k.htm,manifest (whole bundle),The Motley Fool,"free to read, copyright asserted",no,yes,2,,other,release time published by the issuer (section C)
Chevron|2025|Q4,Chevron,CVX,2025,Q4,Energy,P2,David,Transcript,Transcript Q&A,qanda,HOLD,0.15,,,27,1,2,1,27,29,0.15,NO,YES,IN,no,attested - rater record,no,Driven by realisations and the shareholder return commitment,58 chevron q42025 qanda.pdf,2026-01-30,,Phase 2/Chevron/2025-Q4/CVX-2025-Q4-earnings-call-transcript-fool-com.html,https://www.fool.com/earnings/call-transcripts/2026/01/30/chevron-cvx-q4-2025-earnings-call-transcript/,manifest,The Motley Fool,"free to read, copyright asserted",no,yes,1,,price_based,"price signal, re-derived — only this window shows an abnormal move"
Chevron|2025|Q4,Chevron,CVX,2025,Q4,Energy,P2,David,All,All,full,HOLD,0.1,,,29,2,2,0,27,29,0.15,NO,NO,IN,no,attested - rater record,no,Driven by realisations and the shareholder return commitment,58 chevron q42025 qanda.pdf,2026-01-30,,Phase 2/Chevron/2025-Q4/CVX-2025-Q4-press-release-SEC-EX-99-1.htm; Phase 2/Chevron/2025-Q4/CVX-2025-Q4-earnings-call-transcript-fool-com.html,https://www.fool.com/earnings/call-transcripts/2026/01/30/chevron-cvx-q4-2025-earnings-call-transcript/; https://www.sec.gov/Archives/edgar/data/93410/000009341026000019/a12312025ex9918-k.htm,manifest (whole bundle),The Motley Fool,"free to read, copyright asserted",no,yes,2,,price_based,"price signal, re-derived — only this window shows an abnormal move"
Chevron|2026|Q1,Chevron,CVX,2026,Q1,Energy,P2,David,All,All,full,HOLD,-0.05,,,32,1,1,1,32,,,NO,YES,IN,no,attested - rater record,no,Driven by realisations and the shareholder return commitment,59 chevron q12026 full.pdf,2026-05-01,,Phase 2/Chevron/2026-Q1/CVX-2026-Q1-press-release-SEC-EX-99-1.htm,https://www.sec.gov/Archives/edgar/data/93410/000009341026000110/a03312026ex9918-k.htm,manifest,not publisher-identified,not publisher-identified,no,yes,1,,price_based,"price signal, re-derived — only this window shows an abnormal move"
Intel|2025|Q2,Intel,INTC,2025,Q2,Information Technology,P2,David,Financial Statement,Financial Results,financials,SELL,-0.25,,,26,1,2,1,26,31,-0.25,NO,YES,IN,no,attested - rater record,no,"This name lives on the foundry losses and the cash burn, not",60 intel q22025 financials.pdf,2025-07-24,,Phase 2/Intel/2025-Q2/INTC-2025-Q2-quarterly-financial-statements-SEC-10-Q.htm,"https://www.sec.gov/Archives/edgar/data/50863/ (10-Q, Q2 2025)",manifest,not publisher-identified,not publisher-identified,sole source,yes,1,,price_based,"price signal, re-derived — only this window shows an abnormal move"
Intel|2025|Q2,Intel,INTC,2025,Q2,Information Technology,P2,David,All,All,full,SELL,-0.3,,,31,2,2,0,26,31,-0.25,NO,NO,IN,no,attested - rater record,no,"This name lives on the foundry losses and the cash burn, not",60 intel q22025 financials.pdf,2025-07-24,,Phase 2/Intel/2025-Q2/INTC-2025-Q2-press-release-SEC-EX-99-1.htm; Phase 2/Intel/2025-Q2/INTC-2025-Q2-quarterly-financial-statements-SEC-10-Q.htm,"https://www.sec.gov/Archives/edgar/data/50863/ (10-Q, Q2 2025); https://www.sec.gov/Archives/edgar/data/50863/000005086325000107/q225_earningsrelease.htm",manifest (whole bundle),not publisher-identified,not publisher-identified,one of several,yes,2,,price_based,"price signal, re-derived — only this window shows an abnormal move"
Intel|2025|Q3,Intel,INTC,2025,Q3,Information Technology,P2,David,Transcript,Outlook/Guidance,guidance,SELL,-0.3,,,24,1,2,1,24,33,-0.3,NO,YES,IN,no,attested - rater record,no,"This name lives on the foundry losses and the cash burn, not",61 intel q32025 guidance.pdf,2025-10-23,,Phase 2/Intel/2025-Q3/INTC-2025-Q3-earnings-call-transcript-fool-com.html,https://www.fool.com/earnings/call-transcripts/2025/10/24/intel-intc-q3-2025-earnings-call-transcript/,manifest,The Motley Fool,"free to read, copyright asserted",no,yes,1,,price_based,"price signal, re-derived — only this window shows an abnormal move"
Intel|2025|Q3,Intel,INTC,2025,Q3,Information Technology,P2,David,All,All,full,HOLD,0.15,,,33,2,2,0,24,33,-0.3,NO,NO,IN,no,attested - rater record,no,"This name lives on the foundry losses and the cash burn, not",61 intel q32025 guidance.pdf,2025-10-23,,Phase 2/Intel/2025-Q3/INTC-2025-Q3-press-release-SEC-EX-99-1.htm; Phase 2/Intel/2025-Q3/INTC-2025-Q3-earnings-call-transcript-fool-com.html,https://www.fool.com/earnings/call-transcripts/2025/10/24/intel-intc-q3-2025-earnings-call-transcript/; https://www.sec.gov/Archives/edgar/data/50863/000005086325000169/q325earningsrelease.htm,manifest (whole bundle),The Motley Fool,"free to read, copyright asserted",no,yes,2,,price_based,"price signal, re-derived — only this window shows an abnormal move"
Intel|2025|Q4,Intel,INTC,2025,Q4,Information Technology,P2,David,Transcript,Transcript Q&A,qanda,HOLD,0.2,,,22,1,2,1,22,29,0.2,NO,YES,IN,no,attested - rater record,no,"This name lives on the foundry losses and the cash burn, not",62 intel q42025 qanda.pdf,2026-01-22,,Phase 2/Intel/2025-Q4/INTC-2025-Q4-earnings-call-transcript-fool-com.html,https://www.fool.com/earnings/call-transcripts/2026/01/23/intel-intc-q4-2025-earnings-call-transcript/,manifest,The Motley Fool,"free to read, copyright asserted",no,yes,1,,price_based,"price signal, re-derived — only this window shows an abnormal move"
Intel|2025|Q4,Intel,INTC,2025,Q4,Information Technology,P2,David,All,All,full,HOLD,-0.1,,,29,2,2,0,22,29,0.2,NO,NO,IN,no,attested - rater record,no,"This name lives on the foundry losses and the cash burn, not",62 intel q42025 qanda.pdf,2026-01-22,,Phase 2/Intel/2025-Q4/INTC-2025-Q4-press-release-SEC-EX-99-1.htm; Phase 2/Intel/2025-Q4/INTC-2025-Q4-earnings-call-transcript-fool-com.html,https://www.fool.com/earnings/call-transcripts/2026/01/23/intel-intc-q4-2025-earnings-call-transcript/; https://www.sec.gov/Archives/edgar/data/50863/000005086326000009/q425earningsrelease.htm,manifest (whole bundle),The Motley Fool,"free to read, copyright asserted",no,yes,2,,price_based,"price signal, re-derived — only this window shows an abnormal move"
Intel|2026|Q1,Intel,INTC,2026,Q1,Information Technology,P2,David,All,All,full,BUY,0.35,,,38,1,1,1,38,,,NO,YES,IN,no,attested - rater record,no,"This name lives on the foundry losses and the cash burn, not",63 intel q12026 full.pdf,2026-04-23,,Phase 2/Intel/2026-Q1/INTC-2026-Q1-press-release-SEC-EX-99-1.htm,https://www.sec.gov/Archives/edgar/data/50863/000005086326000077/q126earningsrelease.htm,manifest,not publisher-identified,not publisher-identified,no,yes,1,,other,"price signal, re-derived — both moved; this one dominates"
Mastercard|2025|Q2,Mastercard,MA,2025,Q2,Financials,P2,David,Financial Statement,Financial Results,financials,BUY,0.4,,,23,1,2,1,23,28,0.4,NO,YES,IN,no,attested - rater record,no,Volume growth is never the surprise here; the surprise is al,64 mastercard q22025 financials.pdf,2025-07-31,,Phase 2/Mastercard/2025-Q2/MA-2025-Q2-quarterly-financial-statements-SEC-10-Q.htm,"https://www.sec.gov/Archives/edgar/data/1141391/ (10-Q, Q2 2025)",manifest,not publisher-identified,not publisher-identified,sole source,yes,1,,price_based,"price signal, re-derived — only this window shows an abnormal move"
Mastercard|2025|Q2,Mastercard,MA,2025,Q2,Financials,P2,David,All,All,full,BUY,0.35,,,28,2,2,0,23,28,0.4,NO,NO,IN,no,attested - rater record,no,Volume growth is never the surprise here; the surprise is al,64 mastercard q22025 financials.pdf,2025-07-31,,Phase 2/Mastercard/2025-Q2/MA-2025-Q2-press-release-SEC-EX-99-1.htm; Phase 2/Mastercard/2025-Q2/MA-2025-Q2-quarterly-financial-statements-SEC-10-Q.htm,"https://www.sec.gov/Archives/edgar/data/1141391/ (10-Q, Q2 2025); https://www.sec.gov/Archives/edgar/data/1141391/000114139125000170/ma06302025-exx991xearnings.htm",manifest (whole bundle),not publisher-identified,not publisher-identified,one of several,yes,2,,price_based,"price signal, re-derived — only this window shows an abnormal move"
Mastercard|2025|Q3,Mastercard,MA,2025,Q3,Financials,P2,David,Transcript,Outlook/Guidance,guidance,HOLD,0.1,,,21,1,2,1,21,30,0.1,NO,YES,IN,no,attested - rater record,no,Volume growth is never the surprise here; the surprise is al,65 mastercard q32025 guidance.pdf,2025-10-30,,Phase 2/Mastercard/2025-Q3/MA-2025-Q3-earnings-call-transcript-fool-com.html,https://www.fool.com/earnings/call-transcripts/2025/10/30/mastercard-q3-2025-earnings-call-transcript/,manifest,The Motley Fool,"free to read, copyright asserted",no,yes,1,,price_based,"price signal, re-derived — only this window shows an abnormal move"
Mastercard|2025|Q3,Mastercard,MA,2025,Q3,Financials,P2,David,All,All,full,BUY,0.25,,,30,2,2,0,21,30,0.1,NO,NO,IN,no,attested - rater record,no,Volume growth is never the surprise here; the surprise is al,65 mastercard q32025 guidance.pdf,2025-10-30,,Phase 2/Mastercard/2025-Q3/MA-2025-Q3-press-release-SEC-EX-99-1.htm; Phase 2/Mastercard/2025-Q3/MA-2025-Q3-earnings-call-transcript-fool-com.html,https://www.fool.com/earnings/call-transcripts/2025/10/30/mastercard-q3-2025-earnings-call-transcript/; https://www.sec.gov/Archives/edgar/data/1141391/000114139125000191/ma09302025-exx991xearnings.htm,manifest (whole bundle),The Motley Fool,"free to read, copyright asserted",no,yes,2,,price_based,"price signal, re-derived — only this window shows an abnormal move"
Mastercard|2025|Q4,Mastercard,MA,2025,Q4,Financials,P2,David,Transcript,Transcript Q&A,qanda,HOLD,0.15,,,25,1,2,1,25,27,0.15,NO,YES,IN,no,attested - rater record,no,Volume growth is never the surprise here; the surprise is al,66 mastercard q42025 qanda.pdf,2026-01-29,,Phase 2/Mastercard/2025-Q4/MA-2025-Q4-earnings-call-transcript-fool-com.html,https://www.fool.com/earnings/call-transcripts/2026/01/29/mastercard-ma-q4-2025-earnings-call-transcript/,manifest,The Motley Fool,"free to read, copyright asserted",no,yes,1,,price_based,"price signal, re-derived — only this window shows an abnormal move"
Mastercard|2025|Q4,Mastercard,MA,2025,Q4,Financials,P2,David,All,All,full,HOLD,0.2,,,27,2,2,0,25,27,0.15,NO,NO,IN,no,attested - rater record,no,Volume growth is never the surprise here; the surprise is al,66 mastercard q42025 qanda.pdf,2026-01-29,,Phase 2/Mastercard/2025-Q4/MA-2025-Q4-press-release-SEC-EX-99-1.htm; Phase 2/Mastercard/2025-Q4/MA-2025-Q4-earnings-call-transcript-fool-com.html,https://www.fool.com/earnings/call-transcripts/2026/01/29/mastercard-ma-q4-2025-earnings-call-transcript/; https://www.sec.gov/Archives/edgar/data/1141391/000114139126000003/ma12312025-exx991xearnings.htm,manifest (whole bundle),The Motley Fool,"free to read, copyright asserted",no,yes,2,,price_based,"price signal, re-derived — only this window shows an abnormal move"
Mastercard|2026|Q1,Mastercard,MA,2026,Q1,Financials,P2,David,All,All,full,HOLD,0.15,,,34,1,1,1,34,,,NO,YES,IN,no,attested - rater record,no,Volume growth is never the surprise here; the surprise is al,67 mastercard q12026 full.pdf,2026-04-30,,Phase 2/Mastercard/2026-Q1/MA-2026-Q1-press-release-SEC-EX-99-1.htm,https://www.sec.gov/Archives/edgar/data/1141391/000114139126000029/ma03312026-exx991xearnings.htm,manifest,not publisher-identified,not publisher-identified,no,yes,1,,price_based,"price signal, re-derived — only this window shows an abnormal move"
Shell|2025|Q2,Shell,SHEL,2025,Q2,Energy,P2,David,Financial Statement,Financial Results,financials,BUY,0.3,,,24,1,2,1,24,28,0.3,NO,YES,IN,no,attested - rater record,no,Trading and the buyback pace move this more than the upstrea,68 shell q22025 financials.pdf,2025-07-31,,Phase 2/SHELL/2025-Q2/SHEL-2025-Q2-quarterly-financial-statements-shell-com.pdf,https://www.shell.com/ (Q2 2025 quarterly results announcement),manifest,not publisher-identified,not publisher-identified,no,yes,1,,other,release time published by the issuer (section C)
Shell|2025|Q2,Shell,SHEL,2025,Q2,Energy,P2,David,All,All,full,HOLD,0.15,,,28,2,2,0,24,28,0.3,NO,NO,IN,no,attested - rater record,no,Trading and the buyback pace move this more than the upstrea,68 shell q22025 financials.pdf,2025-07-31,,Phase 2/SHELL/2025-Q2/SHEL-2025-Q2-press-release-SEC-EX-99-1.htm; Phase 2/SHELL/2025-Q2/SHEL-2025-Q2-quarterly-financial-statements-shell-com.pdf,https://www.sec.gov/Archives/edgar/data/1306965/000130696525000031/q22025exhibit991.htm; https://www.shell.com/ (Q2 2025 quarterly results announcement),manifest (whole bundle),not publisher-identified,not publisher-identified,no,yes,2,,other,release time published by the issuer (section C)
Shell|2025|Q3,Shell,SHEL,2025,Q3,Energy,P2,David,Transcript,Outlook/Guidance,guidance,HOLD,0.05,,,21,1,2,1,21,26,0.05,NO,YES,IN,no,attested - rater record,no,Trading and the buyback pace move this more than the upstrea,69 shell q32025 guidance.pdf,2025-10-30,,Phase 2/SHELL/2025-Q3/SHEL-2025-Q3-earnings-call-transcript-shell-com.pdf,https://www.shell.com/.../q3-2025-speech-transcript.pdf,manifest,not publisher-identified,not publisher-identified,no,yes,1,,other,release time published by the issuer (section C)
Shell|2025|Q3,Shell,SHEL,2025,Q3,Energy,P2,David,All,All,full,HOLD,0,,,26,2,2,0,21,26,0.05,NO,NO,IN,no,attested - rater record,no,Trading and the buyback pace move this more than the upstrea,69 shell q32025 guidance.pdf,2025-10-30,,Phase 2/SHELL/2025-Q3/SHEL-2025-Q3-press-release-SEC-EX-99-1.htm; Phase 2/SHELL/2025-Q3/SHEL-2025-Q3-earnings-call-transcript-shell-com.pdf,https://www.sec.gov/Archives/edgar/data/1306965/000162828025047312/q32025exhibit991.htm; https://www.shell.com/.../q3-2025-speech-transcript.pdf,manifest (whole bundle),not publisher-identified,not publisher-identified,no,yes,2,,other,release time published by the issuer (section C)
Shell|2025|Q4,Shell,SHEL,2025,Q4,Energy,P2,David,Transcript,Transcript Q&A,qanda,HOLD,-0.1,,,25,1,2,1,25,30,-0.1,NO,YES,IN,no,attested - rater record,no,Trading and the buyback pace move this more than the upstrea,70 shell q42025 qanda.pdf,2026-02-05,,Phase 2/SHELL/2025-Q4/SHEL-2025-Q4-earnings-call-transcript-shell-com.pdf,https://www.shell.com/.../q4-2025-speech-transcript.pdf,manifest,not publisher-identified,not publisher-identified,no,yes,1,,price_based,"price signal, re-derived — only this window shows an abnormal move"
Shell|2025|Q4,Shell,SHEL,2025,Q4,Energy,P2,David,All,All,full,SELL,-0.25,,,30,2,2,0,25,30,-0.1,NO,NO,IN,no,attested - rater record,no,Trading and the buyback pace move this more than the upstrea,70 shell q42025 qanda.pdf,2026-02-05,,Phase 2/SHELL/2025-Q4/SHEL-2025-Q4-press-release-SEC-EX-99-1.htm; Phase 2/SHELL/2025-Q4/SHEL-2025-Q4-earnings-call-transcript-shell-com.pdf,https://www.sec.gov/Archives/edgar/data/1306965/000162828026005600/q42025exhibit991.htm; https://www.shell.com/.../q4-2025-speech-transcript.pdf,manifest (whole bundle),not publisher-identified,not publisher-identified,no,yes,2,,price_based,"price signal, re-derived — only this window shows an abnormal move"
Shell|2026|Q1,Shell,SHEL,2026,Q1,Energy,P2,David,All,All,full,HOLD,-0.05,,,31,1,1,1,31,,,NO,YES,IN,no,attested - rater record,no,Trading and the buyback pace move this more than the upstrea,71 shell q12026 full.pdf,2026-05-07,,Phase 2/SHELL/2026-Q1/SHEL-2026-Q1-press-release-SEC-EX-99-1.htm,https://www.sec.gov/Archives/edgar/data/1306965/000162828026031628/q12026exhibit991.htm,manifest,not publisher-identified,not publisher-identified,no,yes,1,,price_based,"price signal, re-derived — only this window shows an abnormal move"
